"id";"data_inversa";"dia_semana";"horario";"uf";"br";"km";"municipio";"causa_acidente";"tipo_acidente";"classificacao_acidente";"fase_dia";"sentido_via";"condicao_metereologica";"tipo_pista";"tracado_via";"uso_solo";"pessoas";"mortos";"feridos_leves";"feridos_graves";"ilesos";"ignorados";"feridos";"veiculos";"latitude";"longitude";"regional";"delegacia";"uop"
655336;2025-01-15;"quarta-feira";"21:20:00";"PR";277;125;"CAMPO LARGO";"Pedestre cruzava a pista fora da faixa";"Atropelamento de Pedestre";"Com Vítimas Feridas";"Plena Noite";"Decrescente";"Nublado";"Dupla";"Reta";"Sim";3;0;0;1;1;1;1;3;"-25.43532998";"-49.53688145";"SPRF-PR";"DEL03-PR";"UOP03-DEL03-PR"
655340;2025-01-15;"quarta-feira";"20:44:00";"PR";277;436,1;"VIRMOND";"Velocidade Incompatível";"Tombamento";"Com Vítimas Feridas";"Plena Noite";"Decrescente";"Céu Claro";"Simples";"Declive;Curva";"Não";5;0;1;0;3;1;1;2;"-25.37702748";"-52.25432396";"SPRF-PR";"DEL04-PR";"UOP02-DEL04-PR"
655349;2025-01-15;"quarta-feira";"17:40:00";"MA";135;104;"ITAPECURU MIRIM";"Transitar na contramão";"Colisão frontal";"Com Vítimas Fatais";"Anoitecer";"Crescente";"Garoa/Chuvisco";"Simples";"Reta";"Não";5;1;4;0;0;0;4;2;"-3.394735";"-44.501588";"SPRF-MA";"DEL01-MA";"UOP02-DEL01-MA"
655350;2025-01-15;"quarta-feira";"19:10:00";"RO";435;76;"COLORADO DO OESTE";"Ultrapassagem Indevida";"Colisão transversal";"Com Vítimas Feridas";"Plena Noite";"Crescente";"Céu Claro";"Simples";"Declive;Reta";"Não";4;0;1;0;2;1;1;3;"-13.10814097";"-60.45269601";"SPRF-RO";"DEL04-RO";"UOP02-DEL04-RO"
655357;2025-01-15;"quarta-feira";"18:08:00";"RO";364;287,5;"PRESIDENTE MEDICI";"Frear bruscamente";"Colisão lateral sentido oposto";"Com Vítimas Feridas";"Anoitecer";"Decrescente";"Chuva";"Simples";"Reta";"Não";3;0;1;0;0;2;1;3;"-11.33551016";"-61.87009318";"SPRF-RO";"DEL02-RO";"UOP01-DEL02-RO"
655360;2025-01-16;"quinta-feira";"04:30:00";"MG";40;634,6;"CONSELHEIRO LAFAIETE";"Condutor Dormindo";"Saída de leito carroçável";"Com Vítimas Feridas";"Plena Noite";"Decrescente";"Nublado";"Simples";"Curva";"Não";1;0;1;0;0;0;1;1;"-20.699327";"-43.792782";"SPRF-MG";"DEL05-MG";"UOP02-DEL05-MG"
655364;2025-01-16;"quinta-feira";"05:41:00";"PB";101;91;"JOAO PESSOA";"Velocidade Incompatível";"Colisão traseira";"Com Vítimas Feridas";"Pleno dia";"Decrescente";"Nublado";"Dupla";"Reta";"Sim";4;0;2;0;2;0;2;2;"-7.18826412";"-34.90308264";"SPRF-PB";"DEL01-PB";"UOP02-DEL01-PB"
655370;2025-01-16;"quinta-feira";"06:50:00";"ES";101;128,1;"SOORETAMA";"Reação tardia ou ineficiente do condutor";"Colisão lateral sentido oposto";"Com Vítimas Feridas";"Pleno dia";"Decrescente";"Céu Claro";"Simples";"Reta";"Não";7;0;2;0;4;4;2;8;"-19.21191395";"-40.09457556";"SPRF-ES";"DEL04-ES";"UOP01-DEL04-ES"
655371;2025-01-15;"quarta-feira";"17:40:00";"MG";262;548;"LUZ";"Velocidade Incompatível";"Tombamento";"Sem Vítimas";"Pleno dia";"Decrescente";"Nublado";"Simples";"Curva";"Não";2;0;0;0;1;2;0;3;"-19.73163489";"-45.8631039";"SPRF-MG";"DEL08-MG";"UOP02-DEL08-MG"
655373;2025-01-16;"quinta-feira";"06:40:00";"RJ";40;83;"PETROPOLIS";"Demais falhas mecânicas ou elétricas";"Saída de leito carroçável";"Com Vítimas Feridas";"Amanhecer";"Decrescente";"Nublado";"Dupla";"Reta";"Não";1;0;1;0;0;0;1;1;"-22.51910302";"-43.22873364";"SPRF-RJ";"DEL01-RJ";"UOP01-DEL01-RJ"
655379;2025-01-16;"quinta-feira";"07:30:00";"RS";153;48,4;"ERECHIM";"Ultrapassagem Indevida";"Colisão lateral mesmo sentido";"Com Vítimas Feridas";"Pleno dia";"Decrescente";"Céu Claro";"Dupla";"Reta";"Sim";3;0;0;1;1;1;1;3;"-27.65118001";"-52.257248";"SPRF-RS";"DEL08-RS";"UOP04-DEL08-RS"
655389;2025-01-16;"quinta-feira";"07:50:00";"RO";319;57;"PORTO VELHO";"Ultrapassagem Indevida";"Colisão traseira";"Sem Vítimas";"Pleno dia";"Decrescente";"Nublado";"Dupla";"Interseção de Vias;Reta";"Sim";3;0;0;0;3;0;0;3;"-8.7426448";"-63.90230816";"SPRF-RO";"DEL01-RO";"UOP01-DEL01-RO"
655390;2025-01-16;"quinta-feira";"09:20:00";"SP";116;218;"GUARULHOS";"Trafegar com motocicleta (ou similar) entre as faixas";"Colisão lateral mesmo sentido";"Com Vítimas Feridas";"Pleno dia";"Decrescente";"Nublado";"Múltipla";"Reta";"Sim";4;0;1;0;2;1;1;3;"-23.457972";"-46.479927";"SPRF-SP";"DEL01-SP";"UOP01-DEL01-SP"
655391;2025-01-16;"quinta-feira";"08:30:00";"SC";101;199,5;"BIGUACU";"Problema com o freio";"Saída de leito carroçável";"Com Vítimas Feridas";"Pleno dia";"Crescente";"Chuva";"Dupla";"Reta";"Não";2;0;0;1;1;0;1;1;"-27.53413705";"-48.63003205";"SPRF-SC";"DEL01-SC";"UOP01-DEL01-SC"
655393;2025-01-04;"sábado";"19:40:00";"PR";163;19,5;"BOM JESUS DO SUL";"Ingestão de álcool pelo condutor";"Colisão lateral mesmo sentido";"Com Vítimas Feridas";"Anoitecer";"Decrescente";"Céu Claro";"Simples";"Aclive;Reta";"Não";3;0;1;0;1;1;1;3;"-26.176423";"-53.666655";"SPRF-PR";"DEL02-PR";"UOP02-DEL02-PR"
655395;2025-01-16;"quinta-feira";"06:50:00";"PR";277;463,2;"LARANJEIRAS DO SUL";"Demais Fenômenos da natureza";"Colisão traseira";"Com Vítimas Feridas";"Pleno dia";"Decrescente";"Céu Claro";"Simples";"Aclive;Reta";"Não";4;0;1;0;2;1;1;3;"-25.354804";"-52.481168";"SPRF-PR";"DEL04-PR";"UOP02-DEL04-PR"
655397;2025-01-16;"quinta-feira";"08:30:00";"SP";116;443;"REGISTRO";"Ausência de reação do condutor";"Colisão traseira";"Com Vítimas Feridas";"Pleno dia";"Decrescente";"Nublado";"Dupla";"Reta";"Não";3;0;1;0;2;0;1;3;"-24.48336513";"-47.8324358";"SPRF-SP";"DEL05-SP";"UOP01-DEL05-SP"
655406;2025-01-16;"quinta-feira";"10:45:00";"SC";282;16,5;"PALHOCA";"Reação tardia ou ineficiente do condutor";"Colisão traseira";"Com Vítimas Feridas";"Pleno dia";"Crescente";"Chuva";"Simples";"Reta";"Sim";2;0;1;0;1;0;1;2;"-27.658611";"-48.681847";"SPRF-SC";"DEL01-SC";"UOP02-DEL01-SC"
655419;2025-01-16;"quinta-feira";"09:50:00";"SC";101;95;"BALNEARIO PICARRAS";"Reação tardia ou ineficiente do condutor";"Colisão traseira";"Com Vítimas Feridas";"Pleno dia";"Crescente";"Chuva";"Múltipla";"Reta";"Não";3;0;0;1;1;1;1;3;"-26.70876413";"-48.70221065";"SPRF-SC";"DEL03-SC";"UOP02-DEL03-SC"
655421;2025-01-16;"quinta-feira";"11:15:00";"SP";116;52,8;"LORENA";"Ausência de reação do condutor";"Colisão traseira";"Com Vítimas Feridas";"Pleno dia";"Crescente";"Céu Claro";"Dupla";"Reta";"Sim";3;0;0;1;1;2;1;4;"-22.74708138";"-45.09973038";"SPRF-SP";"DEL08-SP";"UOP02-DEL08-SP"
655425;2025-01-04;"sábado";"09:45:00";"MA";226;369;"GRAJAU";"Ausência de reação do condutor";"Colisão frontal";"Com Vítimas Fatais";"Pleno dia";"Decrescente";"Céu Claro";"Simples";"Reta;Declive";"Não";4;1;1;0;1;3;1;5;"-5.61536468";"-45.75504217";"SPRF-MA";"DEL06-MA";"UOP01-DEL06-MA"
655430;2025-01-16;"quinta-feira";"12:30:00";"RJ";116;173;"SAO JOAO DE MERITI";"Acessar a via sem observar a presença dos outros veículos";"Colisão lateral mesmo sentido";"Sem Vítimas";"Pleno dia";"Decrescente";"Céu Claro";"Simples";"Em Obras;Curva";"Não";3;0;0;0;2;1;0;3;"-22.79810324";"-43.35726614";"SPRF-RJ";"DEL06-RJ";"UOP01-DEL06-RJ"
655431;2025-01-16;"quinta-feira";"10:30:00";"GO";20;159,2;"ALVORADA DO NORTE";"Velocidade Incompatível";"Saída de leito carroçável";"Sem Vítimas";"Pleno dia";"Decrescente";"Nublado";"Simples";"Reta";"Não";2;0;0;0;1;1;0;2;"-14.625212";"-46.616703";"SPRF-DF";"DEL02-DF";"UOP03-DEL02-DF"
655432;2025-01-16;"quinta-feira";"12:42:00";"GO";153;523;"HIDROLANDIA";"Velocidade Incompatível";"Saída de leito carroçável";"Com Vítimas Feridas";"Pleno dia";"Crescente";"Chuva";"Dupla";"Reta";"Sim";1;0;1;0;0;0;1;1;"-16.9113";"-49.2534";"SPRF-GO";"DEL01-GO";"UOP03-DEL01-GO"
655433;2025-01-16;"quinta-feira";"08:15:00";"RO";435;35;"VILHENA";"Problema com o freio";"Saída de leito carroçável";"Com Vítimas Feridas";"Pleno dia";"Crescente";"Céu Claro";"Simples";"Curva";"Não";2;0;1;0;0;1;1;2;"-12.84736708";"-60.37897271";"SPRF-RO";"DEL04-RO";"UOP02-DEL04-RO"
655443;2025-01-16;"quinta-feira";"11:30:00";"SC";282;375,1;"HERVAL DOESTE";"Reação tardia ou ineficiente do condutor";"Colisão lateral sentido oposto";"Com Vítimas Feridas";"Pleno dia";"Crescente";"Céu Claro";"Simples";"Curva";"Não";5;0;3;0;2;0;3;2;"-27.234051";"-51.452725";"SPRF-SC";"DEL07-SC";"UOP05-DEL07-SC"
655444;2025-01-16;"quinta-feira";"07:20:00";"MG";381;234,9;"BELO ORIENTE";"Transitar na contramão";"Colisão frontal";"Com Vítimas Feridas";"Pleno dia";"Crescente";"Céu Claro";"Simples";"Curva";"Não";4;0;1;1;2;0;2;3;"-19.37971595";"-42.46158214";"SPRF-MG";"DEL06-MG";"UOP01-DEL06-MG"
655447;2025-01-16;"quinta-feira";"12:50:00";"SP";116;565;"BARRA DO TURVO";"Reação tardia ou ineficiente do condutor";"Colisão com objeto";"Com Vítimas Feridas";"Pleno dia";"Crescente";"Garoa/Chuvisco";"Múltipla";"Aclive;Curva";"Não";3;0;1;0;1;1;1;3;"-25.0358686";"-48.54404396";"SPRF-SP";"DEL05-SP";"UOP02-DEL05-SP"
655449;2025-01-16;"quinta-feira";"14:20:00";"PR";376;665;"TIJUCAS DO SUL";"Manobra de mudança de faixa";"Colisão transversal";"Com Vítimas Feridas";"Pleno dia";"Decrescente";"Garoa/Chuvisco";"Dupla";"Aclive;Reta";"Não";4;0;1;0;2;1;1;3;"-25.84152063";"-49.01842117";"SPRF-PR";"DEL01-PR";"UOP04-DEL01-PR"
655455;2025-01-16;"quinta-feira";"12:04:00";"RO";364;528,6;"ARIQUEMES";"Avarias e/ou desgaste excessivo no pneu";"Colisão transversal";"Com Vítimas Feridas";"Pleno dia";"Decrescente";"Garoa/Chuvisco";"Simples";"Reta";"Não";4;0;2;0;2;0;2;2;"-9.80802594";"-63.07965517";"SPRF-RO";"DEL03-RO";"UOP01-DEL03-RO"
655456;2025-01-16;"quinta-feira";"14:00:00";"SP";116;282;"EMBU DAS ARTES";"Reação tardia ou ineficiente do condutor";"Colisão traseira";"Com Vítimas Feridas";"Pleno dia";"Decrescente";"Nublado";"Dupla";"Reta";"Não";3;0;1;0;1;1;1;3;"-23.68570216";"-46.85970975";"SPRF-SP";"DEL04-SP";"UOP01-DEL04-SP"
655458;2025-01-16;"quinta-feira";"14:45:00";"RS";290;200;"RIO PARDO";"Condutor deixou de manter distância do veículo da frente";"Colisão traseira";"Com Vítimas Feridas";"Pleno dia";"Decrescente";"Céu Claro";"Simples";"Reta";"Não";3;0;1;0;1;2;1;4;"-30.170481";"-52.216755";"SPRF-RS";"DEL02-RS";"UOP03-DEL02-RS"
655459;2025-01-16;"quinta-feira";"11:00:00";"RO";364;535;"ARIQUEMES";"Reação tardia ou ineficiente do condutor";"Colisão lateral mesmo sentido";"Com Vítimas Feridas";"Pleno dia";"Crescente";"Nublado";"Simples";"Reta";"Não";5;0;1;0;3;1;1;3;"-9.75412198";"-63.09728697";"SPRF-RO";"DEL03-RO";"UOP01-DEL03-RO"
655463;2025-01-16;"quinta-feira";"12:00:00";"MG";116;21,9;"AGUAS VERMELHAS";"Velocidade Incompatível";"Tombamento";"Com Vítimas Feridas";"Pleno dia";"Decrescente";"Nublado";"Simples";"Aclive;Curva";"Não";1;0;1;0;0;0;1;1;"-15.84293113";"-41.40943564";"SPRF-BA";"DEL08-BA";"UOP03-DEL08-BA"
655465;2025-01-16;"quinta-feira";"15:00:00";"RS";470;225,8;"GARIBALDI";"Desrespeitar a preferência no cruzamento";"Colisão transversal";"Com Vítimas Feridas";"Pleno dia";"Decrescente";"Céu Claro";"Simples";"Curva;Retorno Regulamentado";"Sim";3;0;1;1;1;0;2;2;"-29.24670969";"-51.51589036";"SPRF-RS";"DEL06-RS";"UOP01-DEL06-RS"
655467;2025-01-16;"quinta-feira";"15:35:00";"GO";60;4,8;"SANTO ANTONIO DO DESCOBERTO";"Pista Escorregadia";"Saída de leito carroçável";"Com Vítimas Feridas";"Pleno dia";"Crescente";"Chuva";"Dupla";"Reta;Declive";"Não";3;0;1;0;1;1;1;2;"-16.090742";"-48.27694";"SPRF-DF";"DEL03-DF";"UOP01-DEL03-DF"
655469;2025-01-16;"quinta-feira";"14:50:00";"PR";277;619;"CEU AZUL";"Ultrapassagem Indevida";"Colisão lateral mesmo sentido";"Com Vítimas Feridas";"Pleno dia";"Decrescente";"Céu Claro";"Simples";"Aclive;Reta";"Não";6;0;1;1;3;2;2;4;"-25.07943106";"-53.70166498";"SPRF-PR";"DEL05-PR";"UOP02-DEL05-PR"
655471;2025-01-16;"quinta-feira";"15:15:00";"PR";373;313;"GUARAPUAVA";"Acessar a via sem observar a presença dos outros veículos";"Colisão transversal";"Com Vítimas Feridas";"Pleno dia";"Crescente";"Céu Claro";"Simples";"Reta;Interseção de Vias";"Não";3;0;1;0;2;0;1;2;"-25.34518618";"-51.21916619";"SPRF-PR";"DEL08-PR";"UOP01-DEL08-PR"
655473;2025-01-16;"quinta-feira";"16:10:00";"PR";376;614;"SAO JOSE DOS PINHAIS";"Reação tardia ou ineficiente do condutor";"Colisão traseira";"Com Vítimas Feridas";"Pleno dia";"Decrescente";"Garoa/Chuvisco";"Dupla";"Reta";"Não";4;0;1;0;2;1;1;4;"-25.57084314";"-49.19356398";"SPRF-PR";"DEL01-PR";"UOP03-DEL01-PR"
655474;2025-01-16;"quinta-feira";"14:00:00";"MG";153;187,9;"FRUTAL";"Velocidade Incompatível";"Colisão lateral sentido oposto";"Com Vítimas Feridas";"Pleno dia";"Crescente";"Chuva";"Simples";"Curva;Declive";"Não";4;0;2;0;1;1;2;3;"-19.91509495";"-48.96299388";"SPRF-MG";"DEL13-MG";"UOP02-DEL13-MG"
655477;2025-01-16;"quinta-feira";"15:40:00";"MG";262;792;"UBERABA";"Transitar na contramão";"Colisão transversal";"Com Vítimas Feridas";"Pleno dia";"Crescente";"Céu Claro";"Simples";"Declive;Reta";"Não";3;0;1;0;1;2;1;4;"-19.76475021";"-47.86860297";"SPRF-MG";"DEL13-MG";"UOP01-DEL13-MG"
655484;2025-01-16;"quinta-feira";"18:10:00";"MG";262;446;"NOVA SERRANA";"Transitar na contramão";"Colisão lateral sentido oposto";"Sem Vítimas";"Anoitecer";"Decrescente";"Nublado";"Simples";"Reta";"Sim";3;0;0;0;2;2;0;4;"-19.87514825";"-44.95031205";"SPRF-MG";"DEL08-MG";"UOP03-DEL08-MG"
655488;2025-01-16;"quinta-feira";"17:50:00";"PR";116;59,5;"CAMPINA GRANDE DO SUL";"Reação tardia ou ineficiente do condutor";"Colisão com objeto";"Com Vítimas Feridas";"Pleno dia";"Crescente";"Chuva";"Dupla";"Reta";"Não";5;0;2;1;1;1;3;2;"-25.30502152";"-48.95008922";"SPRF-PR";"DEL01-PR";"UOP02-DEL01-PR"
655491;2025-01-16;"quinta-feira";"18:00:00";"SP";116;513;"CAJATI";"Reação tardia ou ineficiente do condutor";"Saída de leito carroçável";"Com Vítimas Fatais";"Anoitecer";"Decrescente";"Garoa/Chuvisco";"Dupla";"Curva;Declive";"Não";2;1;0;0;0;3;0;4;"-24.85109616";"-48.21802405";"SPRF-SP";"DEL05-SP";"UOP02-DEL05-SP"
655497;2025-01-04;"sábado";"14:50:00";"SP";381;89,7;"GUARULHOS";"Acessar a via sem observar a presença dos outros veículos";"Colisão lateral mesmo sentido";"Com Vítimas Feridas";"Pleno dia";"Crescente";"Céu Claro";"Dupla";"Em Obras;Reta";"Sim";3;0;1;0;2;0;1;2;"-23.49540226";"-46.559524";"SPRF-SP";"DEL03-SP";"UOP01-DEL03-SP"
655498;2025-01-16;"quinta-feira";"18:30:00";"BA";324;519,5;"FEIRA DE SANTANA";"Ausência de reação do condutor";"Colisão traseira";"Sem Vítimas";"Anoitecer";"Decrescente";"Nublado";"Dupla";"Reta";"Não";3;0;0;0;2;2;0;4;"-12.27781301";"-38.92892456";"SPRF-BA";"DEL02-BA";"UOP01-DEL02-BA"
655499;2025-01-16;"quinta-feira";"17:35:00";"MT";163;533,1;"DIAMANTINO";"Avarias e/ou desgaste excessivo no pneu";"Tombamento";"Sem Vítimas";"Pleno dia";"Decrescente";"Céu Claro";"Dupla";"Curva;Declive";"Não";2;0;0;0;1;3;0;4;"-14.35703148";"-56.1504364";"SPRF-MT";"DEL01-MT";"UOP01-DEL01-MT"
655513;2025-01-16;"quinta-feira";"15:10:00";"RS";153;518,8;"CACAPAVA DO SUL";"Velocidade Incompatível";"Saída de leito carroçável";"Com Vítimas Feridas";"Pleno dia";"Decrescente";"Nublado";"Simples";"Reta";"Não";2;0;0;1;1;0;1;1;"-30.64198099";"-53.39843629";"SPRF-RS";"DEL09-RS";"UOP02-DEL09-RS"
655519;2025-01-16;"quinta-feira";"18:30:00";"SC";280;12,5;"SAO FRANCISCO DO SUL";"Conversão proibida";"Colisão traseira";"Com Vítimas Feridas";"Anoitecer";"Crescente";"Garoa/Chuvisco";"Simples";"Reta";"Não";6;0;3;0;2;1;3;4;"-26.31323107";"-48.64449483";"SPRF-SC";"DEL03-SC";"UOP03-DEL03-SC"
655520;2025-01-16;"quinta-feira";"15:15:00";"SC";280;11;"SAO FRANCISCO DO SUL";"Condutor deixou de manter distância do veículo da frente";"Colisão lateral mesmo sentido";"Com Vítimas Feridas";"Pleno dia";"Decrescente";"Garoa/Chuvisco";"Simples";"Reta;Declive";"Não";4;0;2;0;2;0;2;2;"-26.304752";"-48.641014";"SPRF-SC";"DEL03-SC";"UOP03-DEL03-SC"
655521;2025-01-16;"quinta-feira";"17:40:00";"PR";376;496,4;"PONTA GROSSA";"Mal súbito do condutor";"Saída de leito carroçável";"Sem Vítimas";"Pleno dia";"Crescente";"Sol";"Dupla";"Reta;Aclive";"Sim";4;0;0;0;3;1;0;3;"-25.1425093";"-50.1574592";"SPRF-PR";"DEL03-PR";"UOP04-DEL03-PR"
655527;2025-01-16;"quinta-feira";"22:10:00";"ES";101;330;"GUARAPARI";"Ingestão de álcool pelo condutor";"Colisão lateral mesmo sentido";"Sem Vítimas";"Plena Noite";"Crescente";"Nublado";"Simples";"Reta";"Não";3;0;0;0;2;1;0;3;"-20.5929953";"-40.50133975";"SPRF-ES";"DEL03-ES";"UOP01-DEL03-ES"
655532;2025-01-16;"quinta-feira";"23:20:00";"SC";101;187,1;"BIGUACU";"Reação tardia ou ineficiente do condutor";"Engavetamento";"Com Vítimas Feridas";"Pleno dia";"Decrescente";"Chuva";"Dupla";"Reta";"Não";5;0;0;1;3;1;1;4;"-27.44307116";"-48.62848475";"SPRF-SC";"DEL01-SC";"UOP01-DEL01-SC"
655534;2025-01-16;"quinta-feira";"17:49:00";"MS";163;31;"MUNDO NOVO";"Manobra de mudança de faixa";"Colisão lateral sentido oposto";"Com Vítimas Fatais";"Pleno dia";"Crescente";"Céu Claro";"Simples";"Reta;Ponte";"Não";3;1;0;0;1;5;0;7;"-23.83782869";"-54.33431268";"SPRF-MS";"DEL09-MS";"UOP02-DEL09-MS"
655535;2025-01-17;"sexta-feira";"01:00:00";"PR";153;453;"UNIAO DA VITORIA";"Condutor deixou de manter distância do veículo da frente";"Colisão traseira";"Sem Vítimas";"Plena Noite";"Decrescente";"Céu Claro";"Simples";"Reta";"Não";3;0;0;0;2;1;0;3;"-26.19806177";"-51.07019541";"SPRF-PR";"DEL02-PR";"UOP03-DEL02-PR"
655537;2025-01-17;"sexta-feira";"00:05:00";"PE";116;64,1;"CABROBO";"Transitar na contramão";"Colisão frontal";"Com Vítimas Fatais";"Plena Noite";"Decrescente";"Nublado";"Simples";"Declive;Reta";"Não";3;1;0;0;1;3;0;5;"-8.395157";"-39.161707";"SPRF-PE";"DEL05-PE";"UOP03-DEL05-PE"
655540;2025-01-17;"sexta-feira";"02:30:00";"SC";101;232;"PALHOCA";"Condutor deixou de manter distância do veículo da frente";"Colisão traseira";"Com Vítimas Feridas";"Plena Noite";"Decrescente";"Nublado";"Dupla";"Reta";"Não";2;0;1;0;1;0;1;2;"-27.795666";"-48.638153";"SPRF-SC";"DEL01-SC";"UOP02-DEL01-SC"
655543;2025-01-17;"sexta-feira";"02:20:00";"MG";50;52,9;"ARAGUARI";"Condutor Dormindo";"Saída de leito carroçável";"Com Vítimas Feridas";"Plena Noite";"Decrescente";"Chuva";"Dupla";"Curva;Aclive";"Não";2;0;1;0;0;1;1;2;"-18.75140135";"-48.2369687";"SPRF-MG";"DEL15-MG";"UOP02-DEL15-MG"
655548;2025-01-17;"sexta-feira";"05:30:00";"SP";381;84;"SAO PAULO";"Manobra de mudança de faixa";"Colisão traseira";"Com Vítimas Feridas";"Amanhecer";"Decrescente";"Céu Claro";"Múltipla";"Retorno Regulamentado";"Sim";4;0;2;1;0;1;3;3;"-23.43937";"-46.56807";"SPRF-SP";"DEL03-SP";"UOP01-DEL03-SP"
655550;2025-01-17;"sexta-feira";"06:20:00";"SP";116;225;"GUARULHOS";"Reação tardia ou ineficiente do condutor";"Colisão traseira";"Com Vítimas Feridas";"Amanhecer";"Crescente";"Nublado";"Múltipla";"Reta;Em Obras";"Sim";3;0;0;1;2;0;1;3;"-23.48586772";"-46.54075317";"SPRF-SP";"DEL01-SP";"UOP01-DEL01-SP"
655580;2025-01-17;"sexta-feira";"05:00:00";"PB";104;12,8;"CUITE";"Reação tardia ou ineficiente do condutor";"Saída de leito carroçável";"Com Vítimas Fatais";"Amanhecer";"Crescente";"Céu Claro";"Simples";"Curva;Declive";"Não";1;1;0;0;0;0;0;1;"-6.50157794";"-36.1486783";"SPRF-PB";"DEL02-PB";"UOP04-DEL02-PB"
655582;2025-01-17;"sexta-feira";"08:20:00";"SC";101;193,1;"BIGUACU";"Acumulo de água sobre o pavimento";"Saída de leito carroçável";"Sem Vítimas";"Pleno dia";"Crescente";"Chuva";"Múltipla";"Reta";"Sim";1;0;0;0;1;0;0;1;"-27.489574";"-48.655914";"SPRF-SC";"DEL01-SC";"UOP01-DEL01-SC"
655585;2025-01-17;"sexta-feira";"10:45:00";"CE";116;19,5;"ITAITINGA";"Condutor deixou de manter distância do veículo da frente";"Engavetamento";"Com Vítimas Feridas";"Pleno dia";"Decrescente";"Nublado";"Dupla";"Reta";"Não";7;0;2;0;5;0;2;6;"-3.91384397";"-38.50667231";"SPRF-CE";"DEL01-CE";"UOP02-DEL01-CE"
655587;2025-01-17;"sexta-feira";"10:30:00";"SP";381;7;"VARGEM";"Estacionar ou parar em local proibido";"Colisão traseira";"Sem Vítimas";"Pleno dia";"Crescente";"Nublado";"Dupla";"Reta";"Não";3;0;0;0;2;1;0;3;"-22.90533708";"-46.42270582";"SPRF-SP";"DEL03-SP";"UOP02-DEL03-SP"
655589;2025-01-17;"sexta-feira";"07:50:00";"MG";262;896,6;"CAMPO FLORIDO";"Demais falhas mecânicas ou elétricas";"Incêndio";"Sem Vítimas";"Pleno dia";"Crescente";"Céu Claro";"Dupla";"Reta;Aclive";"Não";2;0;0;0;1;2;0;3;"-19.76694276";"-48.58091387";"SPRF-MG";"DEL13-MG";"UOP02-DEL13-MG"
655591;2025-01-17;"sexta-feira";"09:20:00";"SC";280;98;"CORUPA";"Ausência de reação do condutor";"Colisão traseira";"Com Vítimas Feridas";"Pleno dia";"Crescente";"Céu Claro";"Simples";"Reta";"Não";2;0;1;0;1;0;1;2;"-26.38347399";"-49.32297199";"SPRF-SC";"DEL06-SC";"UOP03-DEL06-SC"
655599;2025-01-17;"sexta-feira";"11:15:00";"SC";280;28,8;"ARAQUARI";"Trafegar com motocicleta (ou similar) entre as faixas";"Colisão lateral mesmo sentido";"Com Vítimas Feridas";"Pleno dia";"Crescente";"Nublado";"Simples";"Reta";"Sim";5;0;2;0;1;3;2;5;"-26.40450077";"-48.74561031";"SPRF-SC";"DEL03-SC";"UOP03-DEL03-SC"
655601;2025-01-17;"sexta-feira";"11:30:00";"RJ";116;295;"BARRA MANSA";"Reação tardia ou ineficiente do condutor";"Engavetamento";"Com Vítimas Feridas";"Pleno dia";"Decrescente";"Sol";"Dupla";"Reta";"Não";7;0;1;0;5;1;1;7;"-22.45013044";"-44.3107408";"SPRF-RJ";"DEL07-RJ";"UOP02-DEL07-RJ"
655606;2025-01-17;"sexta-feira";"09:00:00";"CE";116;491,8;"MILAGRES";"Acessar a via sem observar a presença dos outros veículos";"Tombamento";"Com Vítimas Feridas";"Pleno dia";"Crescente";"Chuva";"Simples";"Interseção de Vias;Reta";"Não";8;0;1;1;5;2;2;5;"-7.39928";"-38.96197";"SPRF-CE";"DEL05-CE";"UOP03-DEL05-CE"
655608;2025-01-17;"sexta-feira";"13:00:00";"SC";101;17;"JOINVILLE";"Velocidade Incompatível";"Colisão com objeto";"Com Vítimas Feridas";"Pleno dia";"Crescente";"Céu Claro";"Múltipla";"Reta";"Sim";5;0;0;2;2;1;2;3;"-26.12141519";"-48.88262078";"SPRF-SC";"DEL03-SC";"UOP01-DEL03-SC"
655620;2025-01-17;"sexta-feira";"14:15:00";"MG";381;2;"BETIM";"Condutor deixou de manter distância do veículo da frente";"Colisão lateral mesmo sentido";"Com Vítimas Feridas";"Pleno dia";"Decrescente";"Céu Claro";"Simples";"Reta";"Sim";2;0;0;1;1;0;1;2;"-19.96825";"-44.198708";"SPRF-MG";"DEL01-MG";"UOP03-DEL01-MG"
655622;2025-01-17;"sexta-feira";"13:30:00";"PE";408;62;"CARPINA";"Reação tardia ou ineficiente do condutor";"Colisão lateral mesmo sentido";"Sem Vítimas";"Pleno dia";"Decrescente";"Céu Claro";"Simples";"Curva";"Não";2;0;0;0;1;1;0;2;"-7.83198297";"-35.24473969";"SPRF-PE";"DEL01-PE";"UOP01-DEL01-PE"
655635;2025-01-17;"sexta-feira";"11:55:00";"PR";373;172;"PONTA GROSSA";"Ausência de reação do condutor";"Colisão traseira";"Com Vítimas Feridas";"Pleno dia";"Decrescente";"Céu Claro";"Dupla";"Reta";"Sim";3;0;0;1;1;1;1;3;"-25.08139932";"-50.19200981";"SPRF-PR";"DEL03-PR";"UOP01-DEL03-PR"