"id";"data_inversa";"dia_semana";"horario";"uf";"br";"km";"municipio";"causa_acidente";"tipo_acidente";"classificacao_acidente";"fase_dia";"sentido_via";"condicao_metereologica";"tipo_pista";"tracado_via";"uso_solo";"pessoas";"mortos";"feridos_leves";"feridos_graves";"ilesos";"ignorados";"feridos";"veiculos";"latitude";"longitude";"regional";"delegacia";"uop"
655642;2025-01-17;"sexta-feira";"12:26:00";"MA";222;642;"ACAILANDIA";"Condutor Dormindo";"Colisão lateral sentido oposto";"Com Vítimas Feridas";"Pleno dia";"Decrescente";"Céu Claro";"Simples";"Reta";"Não";5;0;1;0;4;0;1;2;"-4.79503815";"-47.21209191";"SPRF-MA";"DEL04-MA";"UOP03-DEL04-MA"
655644;2025-01-17;"sexta-feira";"16:00:00";"RN";226;182,1;"CURRAIS NOVOS";"Reação tardia ou ineficiente do condutor";"Colisão com objeto";"Com Vítimas Feridas";"Pleno dia";"Crescente";"Céu Claro";"Simples";"Aclive;Curva";"Não";4;0;1;1;2;0;2;2;"-6.27038595";"-36.55566999";"SPRF-RN";"DEL03-RN";"UOP02-DEL03-RN"
655649;2025-01-17;"sexta-feira";"16:15:00";"MG";40;589;"ITABIRITO";"Ultrapassagem Indevida";"Colisão lateral mesmo sentido";"Com Vítimas Feridas";"Pleno dia";"Crescente";"Céu Claro";"Simples";"Curva;Aclive";"Não";7;0;1;0;4;2;1;4;"-20.3591";"-43.90992896";"SPRF-MG";"DEL01-MG";"UOP02-DEL01-MG"
655655;2025-01-17;"sexta-feira";"15:49:00";"PB";230;26;"JOAO PESSOA";"Ausência de reação do condutor";"Colisão traseira";"Com Vítimas Feridas";"Pleno dia";"Crescente";"Céu Claro";"Dupla";"Reta";"Sim";2;0;0;1;1;0;1;2;"-7.1693";"-34.8782";"SPRF-PB";"DEL01-PB";"UOP01-DEL01-PB"
655661;2025-01-17;"sexta-feira";"16:50:00";"PE";101;38;"IGARASSU";"Condutor deixou de manter distância do veículo da frente";"Engavetamento";"Com Vítimas Feridas";"Pleno dia";"Crescente";"Nublado";"Dupla";"Declive;Reta";"Sim";5;0;1;0;3;1;1;5;"-7.80600806";"-34.92522908";"SPRF-PE";"DEL01-PE";"UOP02-DEL01-PE"
655662;2025-01-17;"sexta-feira";"15:30:00";"RJ";116;32;"SAPUCAIA";"Condutor deixou de manter distância do veículo da frente";"Colisão transversal";"Sem Vítimas";"Pleno dia";"Decrescente";"Céu Claro";"Simples";"Curva";"Não";3;0;0;0;3;0;0;2;"-22.08349192";"-42.808942";"SPRF-RJ";"DEL05-RJ";"UOP01-DEL05-RJ"
655664;2025-01-17;"sexta-feira";"13:48:00";"MS";163;185,9;"JUTI";"Reação tardia ou ineficiente do condutor";"Saída de leito carroçável";"Com Vítimas Feridas";"Pleno dia";"Decrescente";"Céu Claro";"Simples";"Reta";"Não";2;0;1;0;0;2;1;3;"-22.80967201";"-54.720188";"SPRF-MS";"DEL09-MS";"UOP01-DEL09-MS"
655667;2025-01-17;"sexta-feira";"15:00:00";"RO";364;15,9;"VILHENA";"Desrespeitar a preferência no cruzamento";"Colisão transversal";"Com Vítimas Feridas";"Pleno dia";"Decrescente";"Sol";"Dupla";"Retorno Regulamentado";"Sim";2;0;0;1;1;0;1;2;"-12.73672751";"-60.14804088";"SPRF-RO";"DEL04-RO";"UOP01-DEL04-RO"
655669;2025-01-17;"sexta-feira";"11:00:00";"MG";262;562;"CORREGO DANTA";"Acostamento em desnível";"Tombamento";"Sem Vítimas";"Pleno dia";"Crescente";"Sol";"Simples";"Reta";"Não";2;0;0;0;1;1;0;2;"-19.74642816";"-45.97207546";"SPRF-MG";"DEL08-MG";"UOP02-DEL08-MG"
655672;2025-01-17;"sexta-feira";"14:50:00";"PR";153;353;"REBOUCAS";"Ultrapassagem Indevida";"Tombamento";"Com Vítimas Feridas";"Pleno dia";"Decrescente";"Garoa/Chuvisco";"Simples";"Curva";"Não";2;0;1;0;0;2;1;3;"-25.62594193";"-50.719173";"SPRF-PR";"DEL08-PR";"UOP02-DEL08-PR"
655684;2025-01-17;"sexta-feira";"14:00:00";"SP";116;138,8;"SAO JOSE DOS CAMPOS";"Entrada inopinada do pedestre";"Colisão com objeto";"Com Vítimas Feridas";"Pleno dia";"Crescente";"Céu Claro";"Dupla";"Reta;Declive";"Não";2;0;1;0;1;0;1;2;"-23.1572739";"-45.79554605";"SPRF-SP";"DEL02-SP";"UOP01-DEL02-SP"
655685;2025-01-17;"sexta-feira";"17:45:00";"SC";101;331,8;"TUBARAO";"Acessar a via sem observar a presença dos outros veículos";"Colisão transversal";"Com Vítimas Feridas";"Pleno dia";"Decrescente";"Céu Claro";"Dupla";"Viaduto;Interseção de Vias;Rotatória";"Sim";2;0;1;0;1;0;1;2;"-28.46593727";"-48.99542928";"SPRF-SC";"DEL02-SC";"UOP01-DEL02-SC"
655689;2025-01-17;"sexta-feira";"18:00:00";"PR";369;149,7;"LONDRINA";"Condutor deixou de manter distância do veículo da frente";"Colisão traseira";"Com Vítimas Feridas";"Pleno dia";"Crescente";"Nublado";"Dupla";"Reta";"Sim";3;0;0;1;2;0;1;3;"-23.29284822";"-51.15885192";"SPRF-PR";"DEL07-PR";"UOP01-DEL07-PR"
655701;2025-01-17;"sexta-feira";"17:45:00";"MT";163;117;"RONDONOPOLIS";"Reação tardia ou ineficiente do condutor";"Colisão transversal";"Sem Vítimas";"Anoitecer";"Crescente";"Nublado";"Dupla";"Retorno Regulamentado;Reta";"Sim";8;0;0;0;7;4;0;8;"-16.50982618";"-54.6535027";"SPRF-MT";"DEL02-MT";"UOP01-DEL02-MT"
655707;2025-01-17;"sexta-feira";"15:00:00";"BA";116;528;"ITATIM";"Condutor usando celular";"Engavetamento";"Com Vítimas Feridas";"Pleno dia";"Decrescente";"Céu Claro";"Simples";"Reta";"Não";5;0;1;0;3;3;1;7;"-12.71587879";"-39.7449061";"SPRF-BA";"DEL03-BA";"UOP02-DEL03-BA"
655708;2025-01-17;"sexta-feira";"15:05:00";"SC";280;30;"ARAQUARI";"Demais falhas mecânicas ou elétricas";"Saída de leito carroçável";"Com Vítimas Feridas";"Pleno dia";"Decrescente";"Nublado";"Simples";"Reta";"Não";2;0;1;0;0;1;1;2;"-26.4141523";"-48.76209493";"SPRF-SC";"DEL03-SC";"UOP03-DEL03-SC"
655709;2025-01-13;"segunda-feira";"10:53:00";"ES";101;142;"LINHARES";"Falta de acostamento";"Colisão traseira";"Com Vítimas Feridas";"Pleno dia";"Crescente";"Céu Claro";"Dupla";"Reta";"Sim";5;0;1;0;1;3;1;4;"-19.33458987";"-40.06755477";"SPRF-ES";"DEL04-ES";"UOP01-DEL04-ES"
655714;2025-01-17;"sexta-feira";"18:15:00";"TO";153;798,8;"TALISMA";"Ausência de reação do condutor";"Saída de leito carroçável";"Com Vítimas Feridas";"Anoitecer";"Decrescente";"Nublado";"Simples";"Reta";"Sim";2;0;1;0;0;1;1;2;"-12.79876213";"-49.09430239";"SPRF-TO";"DEL01-TO";"UOP02-DEL01-TO"
655721;2025-01-17;"sexta-feira";"19:00:00";"AL";423;59;"AGUA BRANCA";"Transitar na contramão";"Colisão frontal";"Sem Vítimas";"Plena Noite";"Crescente";"Céu Claro";"Simples";"Aclive;Reta";"Não";3;0;0;0;2;1;0;3;"-9.28672761";"-37.80012508";"SPRF-AL";"DEL03-AL";"UOP02-DEL03-AL"
655722;2025-01-07;"terça-feira";"22:15:00";"PR";116;58,9;"CAMPINA GRANDE DO SUL";"Chuva";"Colisão com objeto";"Com Vítimas Feridas";"Plena Noite";"Crescente";"Chuva";"Dupla";"Declive;Curva";"Não";4;0;0;1;2;3;1;6;"-25.303398";"-48.943762";"SPRF-PR";"DEL01-PR";"UOP02-DEL01-PR"
655724;2025-01-17;"sexta-feira";"21:20:00";"ES";101;144,8;"LINHARES";"Condutor desrespeitou a iluminação vermelha do semáforo";"Colisão transversal";"Com Vítimas Fatais";"Plena Noite";"Crescente";"Céu Claro";"Simples";"Retorno Regulamentado";"Sim";3;1;0;0;0;2;0;3;"-19.35188295";"-40.0636685";"SPRF-ES";"DEL04-ES";"UOP01-DEL04-ES"
655728;2025-01-17;"sexta-feira";"22:10:00";"RJ";116;193;"QUEIMADOS";"Condutor deixou de manter distância do veículo da frente";"Colisão traseira";"Com Vítimas Feridas";"Plena Noite";"Decrescente";"Nublado";"Dupla";"Reta";"Não";2;0;0;1;1;0;1;2;"-22.73960178";"-43.52859094";"SPRF-RJ";"DEL06-RJ";"UOP01-DEL06-RJ"
655753;2025-01-17;"sexta-feira";"21:30:00";"MA";226;108;"CAXIAS";"Ausência de reação do condutor";"Saída de leito carroçável";"Com Vítimas Feridas";"Plena Noite";"Decrescente";"Ignorado";"Simples";"Reta";"Não";1;0;1;0;0;0;1;1;"-5.3038774";"-43.7219772";"SPRF-MA";"DEL03-MA";"UOP02-DEL03-MA"
655762;2025-01-18;"sábado";"01:20:00";"MT";163;854;"SINOP";"Acessar a via sem observar a presença dos outros veículos";"Colisão transversal";"Com Vítimas Feridas";"Plena Noite";"Decrescente";"Nublado";"Simples";"Retorno Regulamentado";"Não";6;0;2;0;4;0;2;2;"-11.69348357";"-55.45161551";"SPRF-MT";"DEL06-MT";"UOP02-DEL06-MT"
655763;2025-01-18;"sábado";"03:15:00";"SC";101;49;"JOINVILLE";"Ausência de reação do condutor";"Colisão com objeto";"Com Vítimas Feridas";"Plena Noite";"Decrescente";"Nublado";"Dupla";"Curva";"Não";5;0;2;1;1;1;3;3;"-26.36479799";"-48.85878798";"SPRF-SC";"DEL03-SC";"UOP01-DEL03-SC"
655766;2025-01-18;"sábado";"03:00:00";"MG";381;482;"BETIM";"Ausência de reação do condutor";"Colisão traseira";"Sem Vítimas";"Plena Noite";"Decrescente";"Ignorado";"Múltipla";"Interseção de Vias;Reta";"Sim";3;0;0;0;1;3;0;4;"-19.95947326";"-44.07680511";"SPRF-MG";"DEL01-MG";"UOP03-DEL01-MG"
655769;2025-01-18;"sábado";"03:00:00";"PB";101;59,9;"SANTA RITA";"Transitar no Acostamento";"Atropelamento de Pedestre";"Com Vítimas Fatais";"Plena Noite";"Crescente";"Nublado";"Dupla";"Curva;Declive";"Não";2;1;0;0;0;1;0;2;"-6.99352402";"-35.06896004";"SPRF-PB";"DEL01-PB";"UOP04-DEL01-PB"
655771;2025-01-18;"sábado";"04:20:00";"MG";381;888;"CAMBUI";"Reação tardia ou ineficiente do condutor";"Colisão traseira";"Com Vítimas Feridas";"Plena Noite";"Crescente";"Céu Claro";"Dupla";"Reta";"Não";4;0;1;0;3;0;1;2;"-22.52341926";"-46.02378845";"SPRF-MG";"DEL16-MG";"UOP01-DEL16-MG"
655776;2025-01-18;"sábado";"05:20:00";"RS";392;8,6;"RIO GRANDE";"Demais falhas na via";"Tombamento";"Com Vítimas Feridas";"Amanhecer";"Decrescente";"Céu Claro";"Simples";"Reta";"Sim";4;0;1;0;2;1;1;2;"-32.10246718";"-52.11069415";"SPRF-RS";"DEL07-RS";"UOP02-DEL07-RS"
655778;2025-01-18;"sábado";"03:40:00";"MT";70;46;"BARRA DO GARCAS";"Ultrapassagem Indevida";"Saída de leito carroçável";"Sem Vítimas";"Amanhecer";"Crescente";"Céu Claro";"Simples";"Reta;Declive";"Não";1;0;0;0;1;0;0;1;"-15.74705859";"-52.60493395";"SPRF-MT";"DEL07-MT";"UOP01-DEL07-MT"
655780;2025-01-17;"sexta-feira";"13:50:00";"RO";435;89;"COLORADO DO OESTE";"Ausência de reação do condutor";"Colisão com objeto";"Sem Vítimas";"Pleno dia";"Decrescente";"Céu Claro";"Simples";"Reta";"Sim";1;0;0;0;1;0;0;1;"-13.12762947";"-60.54428101";"SPRF-RO";"DEL04-RO";"UOP02-DEL04-RO"
655785;2025-01-18;"sábado";"05:00:00";"SP";116;511;"CAJATI";"Reação tardia ou ineficiente do condutor";"Tombamento";"Com Vítimas Feridas";"Pleno dia";"Decrescente";"Garoa/Chuvisco";"Dupla";"Curva";"Não";2;0;1;0;0;1;1;2;"-24.83558399";"-48.2223738";"SPRF-SP";"DEL05-SP";"UOP02-DEL05-SP"
655789;2025-01-17;"sexta-feira";"23:30:00";"MG";381;403,5;"BOM JESUS DO AMPARO";"Demais falhas mecânicas ou elétricas";"Tombamento";"Com Vítimas Feridas";"Plena Noite";"Decrescente";"Nublado";"Dupla";"Curva";"Não";1;0;1;0;0;0;1;1;"-19.75137942";"-43.53638096";"SPRF-MG";"DEL01-MG";"UOP01-DEL01-MG"
655796;2025-01-02;"quinta-feira";"23:40:00";"GO";153;606,6;"MORRINHOS";"Condutor Dormindo";"Colisão traseira";"Com Vítimas Feridas";"Plena Noite";"Crescente";"Nublado";"Dupla";"Reta";"Não";49;0;3;0;46;0;3;2;"-17.6034";"-49.1878";"SPRF-GO";"DEL03-GO";"UOP01-DEL03-GO"
655799;2025-01-15;"quarta-feira";"07:10:00";"PR";476;348;"PAULA FREITAS";"Ausência de reação do condutor";"Colisão com objeto";"Sem Vítimas";"Pleno dia";"Crescente";"Céu Claro";"Simples";"Reta";"Não";1;0;0;0;1;0;0;1;"-26.181463";"-50.960186";"SPRF-PR";"DEL02-PR";"UOP03-DEL02-PR"
655802;2025-01-18;"sábado";"06:22:00";"PR";116;23,1;"ANTONINA";"Manobra de mudança de faixa";"Colisão lateral mesmo sentido";"Com Vítimas Feridas";"Pleno dia";"Decrescente";"Garoa/Chuvisco";"Dupla";"Curva";"Não";3;0;1;0;1;1;1;3;"-25.1104764";"-48.75592011";"SPRF-PR";"DEL01-PR";"UOP02-DEL01-PR"
655804;2025-01-18;"sábado";"08:45:00";"ES";101;249,8;"SERRA";"Transitar na contramão";"Colisão frontal";"Com Vítimas Feridas";"Pleno dia";"Crescente";"Sol";"Simples";"Curva";"Não";5;0;1;1;2;1;2;3;"-20.07371936";"-40.35345531";"SPRF-ES";"DEL02-ES";"UOP01-DEL02-ES"
655820;2025-01-18;"sábado";"08:30:00";"SP";116;525;"CAJATI";"Reação tardia ou ineficiente do condutor";"Colisão traseira";"Com Vítimas Feridas";"Pleno dia";"Decrescente";"Nublado";"Simples";"Declive;Reta";"Não";3;0;1;1;0;1;2;3;"-24.92563316";"-48.26567292";"SPRF-SP";"DEL05-SP";"UOP02-DEL05-SP"
655827;2025-01-18;"sábado";"10:40:00";"SP";116;212;"GUARULHOS";"Velocidade Incompatível";"Colisão traseira";"Com Vítimas Feridas";"Pleno dia";"Crescente";"Sol";"Múltipla";"Reta";"Sim";5;0;2;1;0;3;3;4;"-23.43608315";"-46.42805094";"SPRF-SP";"DEL01-SP";"UOP01-DEL01-SP"
655833;2025-01-18;"sábado";"09:00:00";"RS";293;293;"SANTANA DO LIVRAMENTO";"Reação tardia ou ineficiente do condutor";"Colisão lateral sentido oposto";"Sem Vítimas";"Pleno dia";"Crescente";"Céu Claro";"Simples";"Reta";"Não";2;0;0;0;1;1;0;2;"-30.83197607";"-55.07435803";"SPRF-RS";"DEL11-RS";"UOP01-DEL11-RS"
655836;2025-01-18;"sábado";"10:40:00";"SC";158;136;"PALMITOS";"Avarias e/ou desgaste excessivo no pneu";"Tombamento";"Com Vítimas Feridas";"Pleno dia";"Decrescente";"Sol";"Simples";"Curva;Declive";"Não";1;0;1;0;0;0;1;1;"-27.09940003";"-53.21691513";"SPRF-SC";"DEL07-SC";"UOP02-DEL07-SC"
655845;2025-01-18;"sábado";"14:35:00";"PB";101;90;"JOAO PESSOA";"Acesso irregular";"Colisão transversal";"Com Vítimas Fatais";"Pleno dia";"Crescente";"Céu Claro";"Dupla";"Reta";"Sim";3;1;0;1;1;0;1;2;"-7.179652";"-34.900417";"SPRF-PB";"DEL01-PB";"UOP02-DEL01-PB"
655846;2025-01-18;"sábado";"09:30:00";"RJ";101;250,7;"RIO BONITO";"Condutor Dormindo";"Colisão com objeto";"Com Vítimas Feridas";"Pleno dia";"Crescente";"Céu Claro";"Dupla";"Reta";"Não";2;0;0;1;1;0;1;1;"-22.67476921";"-42.51607987";"SPRF-RJ";"DEL02-RJ";"UOP03-DEL02-RJ"
655851;2025-01-18;"sábado";"15:05:00";"TO";153;719;"FIGUEIROPOLIS";"Ingestão de álcool pelo condutor";"Colisão lateral sentido oposto";"Com Vítimas Feridas";"Pleno dia";"Crescente";"Chuva";"Simples";"Reta";"Não";19;0;2;0;16;1;2;3;"-12.11278686";"-49.17999978";"SPRF-TO";"DEL01-TO";"UOP02-DEL01-TO"
655862;2025-01-18;"sábado";"11:05:00";"AC";317;343;"BRASILEIA";"Condutor deixou de manter distância do veículo da frente";"Colisão traseira";"Com Vítimas Fatais";"Pleno dia";"Crescente";"Céu Claro";"Simples";"Reta";"Não";5;1;0;0;3;1;0;3;"-10.87483089";"-69.06228763";"SPRF-AC";"DEL01-AC";"UOP02-DEL01-AC"
655877;2025-01-18;"sábado";"15:35:00";"MT";163;740;"SORRISO";"Ausência de reação do condutor";"Colisão traseira";"Com Vítimas Feridas";"Pleno dia";"Decrescente";"Nublado";"Simples";"Reta;Em Obras";"Não";3;0;0;1;1;1;1;3;"-12.74982305";"-55.83298367";"SPRF-MT";"DEL06-MT";"UOP01-DEL06-MT"
655879;2025-01-18;"sábado";"15:50:00";"SE";101;66;"MARUIM";"Acessar a via sem observar a presença dos outros veículos";"Colisão transversal";"Com Vítimas Feridas";"Pleno dia";"Crescente";"Céu Claro";"Simples";"Aclive";"Sim";3;0;1;0;1;1;1;3;"-10.71207086";"-37.05954216";"SPRF-SE";"DEL02-SE";"UOP02-DEL02-SE"
655884;2025-01-18;"sábado";"17:32:00";"PE";101;65;"RECIFE";"Manobra de mudança de faixa";"Colisão lateral mesmo sentido";"Sem Vítimas";"Plena Noite";"Decrescente";"Céu Claro";"Dupla";"Reta";"Não";2;0;0;0;1;1;0;2;"-8.02478597";"-34.94276635";"SPRF-PE";"DEL01-PE";"UOP01-DEL01-PE"
655896;2025-01-18;"sábado";"18:35:00";"MG";50;194,5;"DELTA";"Ingestão de álcool pelo condutor";"Tombamento";"Sem Vítimas";"Anoitecer";"Crescente";"Céu Claro";"Dupla";"Reta;Declive";"Não";2;0;0;0;1;1;0;2;"-19.887439";"-47.848374";"SPRF-MG";"DEL13-MG";"UOP01-DEL13-MG"
655909;2025-01-18;"sábado";"17:20:00";"SC";282;452,5;"PONTE SERRADA";"Manobra de mudança de faixa";"Colisão lateral mesmo sentido";"Com Vítimas Feridas";"Pleno dia";"Crescente";"Sol";"Simples";"Aclive;Reta";"Não";2;0;1;0;1;0;1;2;"-26.90612";"-51.970417";"SPRF-SC";"DEL07-SC";"UOP04-DEL07-SC"
655910;2025-01-18;"sábado";"21:18:00";"BA";116;674;"JEQUIE";"Demais falhas mecânicas ou elétricas";"Incêndio";"Sem Vítimas";"Pleno dia";"Decrescente";"Céu Claro";"Simples";"Reta";"Não";2;0;0;0;1;1;0;2;"-13.81715";"-40.11209098";"SPRF-BA";"DEL03-BA";"UOP01-DEL03-BA"
655914;2025-01-18;"sábado";"20:20:00";"PR";153;455,3;"UNIAO DA VITORIA";"Ingestão de álcool pelo condutor";"Colisão lateral sentido oposto";"Sem Vítimas";"Plena Noite";"Crescente";"Nublado";"Simples";"Reta";"Não";3;0;0;0;2;1;0;3;"-26.19868889";"-51.11166";"SPRF-PR";"DEL02-PR";"UOP03-DEL02-PR"
655921;2025-01-18;"sábado";"06:45:00";"PR";376;326;"ORTIGUEIRA";"Velocidade Incompatível";"Colisão com objeto";"Com Vítimas Feridas";"Pleno dia";"Decrescente";"Nublado";"Simples";"Aclive;Curva";"Não";2;0;1;0;0;2;1;3;"-24.0662539";"-51.06441021";"SPRF-PR";"DEL07-PR";"UOP02-DEL07-PR"
655930;2025-01-18;"sábado";"22:30:00";"SC";470;118;"IBIRAMA";"Pedestre andava na pista";"Atropelamento de Pedestre";"Com Vítimas Feridas";"Plena Noite";"Crescente";"Nublado";"Simples";"Aclive;Reta";"Não";2;0;1;0;0;1;1;2;"-27.082176";"-49.511818";"SPRF-SC";"DEL04-SC";"UOP02-DEL04-SC"
655936;2025-01-18;"sábado";"20:50:00";"MT";163;782;"SORRISO";"Ingestão de álcool pelo condutor";"Eventos atípicos";"Sem Vítimas";"Plena Noite";"Crescente";"Chuva";"Simples";"Reta;Aclive";"Não";2;0;0;0;1;1;0;2;"-12.42949301";"-55.64462299";"SPRF-MT";"DEL06-MT";"UOP02-DEL06-MT"
655939;2025-01-18;"sábado";"13:00:00";"PI";343;300;"ALTOS";"Ausência de reação do condutor";"Tombamento";"Com Vítimas Feridas";"Pleno dia";"Crescente";"Nublado";"Simples";"Curva";"Não";2;0;2;0;0;0;2;1;"-5.003034";"-42.413452";"SPRF-PI";"DEL01-PI";"UOP03-DEL01-PI"
655947;2025-01-19;"domingo";"00:01:00";"RN";304;241;"RIACHUELO";"Transitar na contramão";"Colisão frontal";"Com Vítimas Fatais";"Pleno dia";"Crescente";"Chuva";"Simples";"Reta";"Sim";3;1;0;0;2;0;0;2;"-5.80596939";"-35.82876231";"SPRF-RN";"DEL01-RN";"UOP02-DEL01-RN"
655955;2025-01-18;"sábado";"23:55:00";"SC";116;237,4;"CORREIA PINTO";"Ingestão de álcool pelo condutor";"Colisão traseira";"Com Vítimas Feridas";"Plena Noite";"Decrescente";"Nublado";"Simples";"Reta";"Não";5;0;1;0;2;2;1;4;"-27.73034899";"-50.3359778";"SPRF-SC";"DEL05-SC";"UOP01-DEL05-SC"
655984;2025-01-19;"domingo";"07:32:00";"BA";101;6;"RIO REAL";"Demais falhas mecânicas ou elétricas";"Colisão transversal";"Com Vítimas Feridas";"Pleno dia";"Crescente";"Céu Claro";"Simples";"Reta";"Não";3;0;1;1;1;0;2;2;"-11.58792804";"-37.87567286";"SPRF-SE";"DEL02-SE";"UOP03-DEL02-SE"
656003;2025-01-19;"domingo";"09:15:00";"RS";386;238,7;"SOLEDADE";"Retorno proibido";"Colisão transversal";"Com Vítimas Feridas";"Pleno dia";"Decrescente";"Sol";"Simples";"Reta";"Não";6;0;2;0;4;0;2;3;"-28.752241";"-52.54018";"SPRF-RS";"DEL04-RS";"UOP03-DEL04-RS"
656007;2025-01-19;"domingo";"06:00:00";"MT";163;648;"LUCAS DO RIO VERDE";"Ultrapassagem Indevida";"Saída de leito carroçável";"Sem Vítimas";"Amanhecer";"Crescente";"Chuva";"Simples";"Reta";"Não";18;0;0;0;17;2;0;4;"-13.49407706";"-56.05190908";"SPRF-MT";"DEL06-MT";"UOP01-DEL06-MT"
656009;2025-01-19;"domingo";"08:22:00";"BA";101;798;"ITAMARAJU";"Manobra de mudança de faixa";"Colisão lateral mesmo sentido";"Com Vítimas Feridas";"Pleno dia";"Crescente";"Nublado";"Simples";"Reta";"Não";7;0;2;3;1;1;5;3;"-17.12381097";"-39.56860216";"SPRF-BA";"DEL09-BA";"UOP01-DEL09-BA"
656016;2025-01-19;"domingo";"07:00:00";"PE";104;4,1;"TAQUARITINGA DO NORTE";"Suicídio (presumido)";"Atropelamento de Pedestre";"Com Vítimas Fatais";"Pleno dia";"Decrescente";"Céu Claro";"Simples";"Reta";"Não";3;1;0;0;1;1;0;3;"-7.82029385";"-36.09828472";"SPRF-PE";"DEL02-PE";"UOP01-DEL02-PE"
656020;2025-01-19;"domingo";"09:05:00";"CE";222;270,1;"COREAU";"Reação tardia ou ineficiente do condutor";"Colisão lateral sentido oposto";"Sem Vítimas";"Pleno dia";"Crescente";"Céu Claro";"Simples";"Reta";"Não";4;0;0;0;3;3;0;6;"-3.75018373";"-40.73763832";"SPRF-CE";"DEL04-CE";"UOP02-DEL04-CE"
656022;2025-01-19;"domingo";"09:40:00";"MG";116;33;"CACHOEIRA DE PAJEU";"Ausência de reação do condutor";"Colisão com objeto";"Com Vítimas Feridas";"Pleno dia";"Decrescente";"Sol";"Simples";"Ponte;Reta";"Não";1;0;1;0;0;0;1;1;"-15.9245731";"-41.39545358";"SPRF-MG";"DEL11-MG";"UOP02-DEL11-MG"
656033;2025-01-19;"domingo";"13:00:00";"MG";381;938;"EXTREMA";"Estacionar ou parar em local proibido";"Colisão traseira";"Com Vítimas Feridas";"Pleno dia";"Crescente";"Chuva";"Dupla";"Reta";"Não";8;0;3;0;4;1;3;3;"-22.83909203";"-46.32850893";"SPRF-MG";"DEL16-MG";"UOP03-DEL16-MG"
656036;2025-01-19;"domingo";"11:15:00";"MG";381;656;"SANTO ANTONIO DO AMPARO";"Mal súbito do condutor";"Colisão com objeto";"Com Vítimas Feridas";"Pleno dia";"Crescente";"Nublado";"Dupla";"Curva;Declive";"Não";8;0;4;0;3;2;4;6;"-21.00645107";"-44.97543296";"SPRF-MG";"DEL04-MG";"UOP02-DEL04-MG"
656038;2025-01-19;"domingo";"13:20:00";"RN";101;124;"SAO JOSE DE MIPIBU";"Manobra de mudança de faixa";"Colisão lateral mesmo sentido";"Sem Vítimas";"Pleno dia";"Crescente";"Céu Claro";"Dupla";"Interseção de Vias;Reta";"Sim";3;0;0;0;2;1;0;3;"-6.07054896";"-35.23785797";"SPRF-RN";"DEL01-RN";"UOP01-DEL01-RN"
656041;2025-01-19;"domingo";"09:30:00";"RJ";116;262;"VOLTA REDONDA";"Mal súbito do condutor";"Eventos atípicos";"Sem Vítimas";"Pleno dia";"Decrescente";"Céu Claro";"Dupla";"Aclive;Reta";"Não";2;0;0;0;1;2;0;3;"-22.593";"-44.072";"SPRF-RJ";"DEL07-RJ";"UOP02-DEL07-RJ"
656043;2025-01-19;"domingo";"12:50:00";"SC";101;158;"PORTO BELO";"Acesso irregular";"Colisão lateral mesmo sentido";"Com Vítimas Feridas";"Pleno dia";"Crescente";"Sol";"Dupla";"Reta";"Sim";3;0;1;0;1;1;1;3;"-27.19345123";"-48.61286044";"SPRF-SC";"DEL04-SC";"UOP03-DEL04-SC"
656050;2025-01-19;"domingo";"10:30:00";"BA";242;351;"LENCOIS";"Velocidade Incompatível";"Tombamento";"Com Vítimas Feridas";"Pleno dia";"Crescente";"Céu Claro";"Simples";"Curva;Declive";"Não";2;0;0;1;0;2;1;3;"-12.49243908";"-41.3280788";"SPRF-BA";"DEL06-BA";"UOP02-DEL06-BA"
656051;2025-01-19;"domingo";"14:45:00";"PR";277;135;"BALSA NOVA";"Velocidade Incompatível";"Tombamento";"Com Vítimas Feridas";"Pleno dia";"Decrescente";"Chuva";"Simples";"Reta";"Não";2;0;1;0;0;1;1;2;"-25.4713";"-49.6205";"SPRF-PR";"DEL03-PR";"UOP03-DEL03-PR"
656052;2025-01-19;"domingo";"11:30:00";"BA";116;728;"MANOEL VITORINO";"Reação tardia ou ineficiente do condutor";"Colisão com objeto";"Sem Vítimas";"Pleno dia";"Crescente";"Céu Claro";"Simples";"Aclive";"Não";1;0;0;0;1;0;0;1;"-14.26300405";"-40.28864987";"SPRF-BA";"DEL08-BA";"UOP02-DEL08-BA"
656071;2025-01-19;"domingo";"15:50:00";"MT";364;587;"DIAMANTINO";"Reação tardia ou ineficiente do condutor";"Saída de leito carroçável";"Com Vítimas Feridas";"Pleno dia";"Crescente";"Chuva";"Dupla";"Reta";"Não";2;0;1;0;0;1;1;2;"-14.61012536";"-56.25164264";"SPRF-MT";"DEL01-MT";"UOP01-DEL01-MT"
656072;2025-01-19;"domingo";"14:30:00";"MG";116;222,8;"CATUJI";"Reação tardia ou ineficiente do condutor";"Saída de leito carroçável";"Com Vítimas Feridas";"Pleno dia";"Decrescente";"Sol";"Simples";"Curva;Declive";"Não";3;0;1;0;0;2;1;3;"-17.42343294";"-41.51418802";"SPRF-MG";"DEL11-MG";"UOP01-DEL11-MG"
656074;2025-01-19;"domingo";"08:30:00";"PA";10;156;"PARAGOMINAS";"Avarias e/ou desgaste excessivo no pneu";"Tombamento";"Com Vítimas Feridas";"Pleno dia";"Crescente";"Céu Claro";"Simples";"Reta";"Não";2;0;1;0;1;0;1;1;"-3.07148295";"-47.47564419";"SPRF-PA";"DEL02-PA";"UOP01-DEL02-PA"