"id";"data_inversa";"dia_semana";"horario";"uf";"br";"km";"municipio";"causa_acidente";"tipo_acidente";"classificacao_acidente";"fase_dia";"sentido_via";"condicao_metereologica";"tipo_pista";"tracado_via";"uso_solo";"pessoas";"mortos";"feridos_leves";"feridos_graves";"ilesos";"ignorados";"feridos";"veiculos";"latitude";"longitude";"regional";"delegacia";"uop"
656419;2025-01-21;"terça-feira";"06:10:00";"BA";116;877;"VITORIA DA CONQUISTA";"Ultrapassagem Indevida";"Colisão frontal";"Com Vítimas Feridas";"Pleno dia";"Crescente";"Céu Claro";"Simples";"Reta";"Não";2;0;1;0;1;0;1;2;"-15.18537576";"-41.0722304";"SPRF-BA";"DEL08-BA";"UOP03-DEL08-BA"
656429;2025-01-21;"terça-feira";"08:00:00";"GO";153;501,3;"GOIANIA";"Objeto estático sobre o leito carroçável";"Tombamento";"Com Vítimas Fatais";"Pleno dia";"Crescente";"Sol";"Múltipla";"Reta";"Sim";4;1;0;0;1;3;0;5;"-16.71340496";"-49.23382197";"SPRF-GO";"DEL01-GO";"UOP01-DEL01-GO"
656430;2025-01-21;"terça-feira";"08:22:00";"RS";116;427;"CRISTAL";"Acessar a via sem observar a presença dos outros veículos";"Colisão transversal";"Com Vítimas Fatais";"Pleno dia";"Decrescente";"Céu Claro";"Simples";"Reta";"Sim";5;1;1;0;2;2;1;5;"-30.99035";"-52.038357";"SPRF-RS";"DEL02-RS";"UOP02-DEL02-RS"
656440;2025-01-17;"sexta-feira";"22:00:00";"BA";116;696;"JEQUIE";"Curva acentuada";"Saída de leito carroçável";"Com Vítimas Feridas";"Plena Noite";"Crescente";"Céu Claro";"Simples";"Curva";"Não";2;0;0;1;0;1;1;2;"-13.99324878";"-40.17891829";"SPRF-BA";"DEL03-BA";"UOP01-DEL03-BA"
656450;2025-01-21;"terça-feira";"07:50:00";"PB";230;203;"SOLEDADE";"Ausência de sinalização";"Tombamento";"Com Vítimas Feridas";"Pleno dia";"Crescente";"Céu Claro";"Simples";"Aclive";"Não";4;0;1;0;1;2;1;3;"-7.0962";"-36.2621";"SPRF-PB";"DEL02-PB";"UOP02-DEL02-PB"
656451;2025-01-21;"terça-feira";"11:15:00";"RS";153;17,6;"SEVERIANO DE ALMEIDA";"Ultrapassagem Indevida";"Colisão frontal";"Com Vítimas Feridas";"Pleno dia";"Crescente";"Céu Claro";"Simples";"Reta";"Não";2;0;0;1;1;0;1;2;"-27.45084775";"-52.08195625";"SPRF-RS";"DEL08-RS";"UOP04-DEL08-RS"
656452;2025-01-21;"terça-feira";"10:15:00";"PB";230;257,8;"JUNCO DO SERIDO";"Condutor deixou de manter distância do veículo da frente";"Colisão traseira";"Com Vítimas Feridas";"Pleno dia";"Crescente";"Nublado";"Simples";"Reta";"Não";6;0;3;3;0;0;6;5;"-7.0114";"-36.6808";"SPRF-PB";"DEL03-PB";"UOP01-DEL03-PB"
656453;2025-01-21;"terça-feira";"11:20:00";"PB";230;153;"CAMPINA GRANDE";"Reação tardia ou ineficiente do condutor";"Colisão com objeto";"Com Vítimas Feridas";"Pleno dia";"Decrescente";"Sol";"Dupla";"Reta";"Não";3;0;1;1;1;0;2;2;"-7.2763";"-35.8887";"SPRF-PB";"DEL02-PB";"UOP01-DEL02-PB"
656454;2025-01-21;"terça-feira";"12:08:00";"CE";116;18;"EUSEBIO";"Manobra de mudança de faixa";"Colisão lateral sentido oposto";"Com Vítimas Feridas";"Pleno dia";"Decrescente";"Céu Claro";"Dupla";"Reta";"Sim";3;0;2;0;1;0;2;2;"-3.90496605";"-38.50518756";"SPRF-CE";"DEL01-CE";"UOP02-DEL01-CE"
656465;2025-01-21;"terça-feira";"13:25:00";"PR";277;109,5;"CURITIBA";"Condutor deixou de manter distância do veículo da frente";"Colisão traseira";"Com Vítimas Feridas";"Pleno dia";"Decrescente";"Sol";"Dupla";"Aclive;Reta";"Não";4;0;1;0;2;1;1;3;"-25.42708838";"-49.38419938";"SPRF-PR";"DEL03-PR";"UOP03-DEL03-PR"
656470;2025-01-21;"terça-feira";"11:50:00";"PR";476;28;"ADRIANOPOLIS";"Curva acentuada";"Colisão lateral sentido oposto";"Com Vítimas Feridas";"Pleno dia";"Crescente";"Céu Claro";"Simples";"Curva;Declive";"Não";3;0;1;0;1;3;1;5;"-24.80075998";"-49.03936386";"SPRF-PR";"DEL01-PR";"UOP01-DEL01-PR"
656484;2025-01-21;"terça-feira";"15:00:00";"PE";101;60;"RECIFE";"Acessar a via sem observar a presença dos outros veículos";"Colisão transversal";"Com Vítimas Feridas";"Pleno dia";"Decrescente";"Céu Claro";"Múltipla";"Reta";"Sim";2;0;1;0;1;0;1;2;"-7.98344307";"-34.93176727";"SPRF-PE";"DEL01-PE";"UOP02-DEL01-PE"
656486;2025-01-21;"terça-feira";"15:35:00";"RJ";116;186;"NOVA IGUACU";"Reação tardia ou ineficiente do condutor";"Colisão lateral mesmo sentido";"Com Vítimas Feridas";"Pleno dia";"Decrescente";"Céu Claro";"Dupla";"Reta";"Não";3;0;0;1;1;1;1;3;"-22.73962339";"-43.46276495";"SPRF-RJ";"DEL06-RJ";"UOP01-DEL06-RJ"
656495;2025-01-21;"terça-feira";"12:50:00";"MT";163;1102;"GUARANTA DO NORTE";"Manobra de mudança de faixa";"Colisão lateral sentido oposto";"Com Vítimas Feridas";"Pleno dia";"Crescente";"Céu Claro";"Simples";"Curva";"Não";4;0;2;1;0;3;3;5;"-9.78200529";"-54.90867173";"SPRF-MT";"DEL06-MT";"UOP03-DEL06-MT"
656496;2025-01-21;"terça-feira";"15:05:00";"PR";277;573,9;"CASCAVEL";"Ausência de reação do condutor";"Colisão traseira";"Com Vítimas Feridas";"Pleno dia";"Crescente";"Nublado";"Simples";"Reta";"Não";5;0;3;0;1;3;3;6;"-24.99847694";"-53.29667191";"SPRF-PR";"DEL04-PR";"UOP01-DEL04-PR"
656498;2025-01-21;"terça-feira";"16:45:00";"MG";40;627;"CONSELHEIRO LAFAIETE";"Demais falhas mecânicas ou elétricas";"Incêndio";"Sem Vítimas";"Pleno dia";"Crescente";"Céu Claro";"Simples";"Reta";"Sim";1;0;0;0;1;0;0;1;"-20.63591993";"-43.81353421";"SPRF-MG";"DEL05-MG";"UOP02-DEL05-MG"
656503;2025-01-21;"terça-feira";"15:20:00";"MT";70;671,2;"CACERES";"Transitar na contramão";"Colisão frontal";"Com Vítimas Fatais";"Pleno dia";"Crescente";"Nublado";"Simples";"Reta";"Não";3;1;0;0;1;1;0;3;"-16.055449";"-57.26798899";"SPRF-MT";"DEL03-MT";"UOP02-DEL03-MT"
656507;2025-01-21;"terça-feira";"16:30:00";"PE";232;69;"GRAVATA";"Reação tardia ou ineficiente do condutor";"Colisão traseira";"Com Vítimas Feridas";"Pleno dia";"Crescente";"Céu Claro";"Dupla";"Aclive;Reta";"Não";3;0;1;0;1;2;1;4;"-8.17240309";"-35.47993595";"SPRF-PE";"DEL02-PE";"UOP02-DEL02PE"
656511;2025-01-21;"terça-feira";"16:20:00";"PR";163;324;"TERRA ROXA";"Ultrapassagem Indevida";"Colisão lateral mesmo sentido";"Com Vítimas Feridas";"Pleno dia";"Decrescente";"Céu Claro";"Simples";"Declive;Reta";"Não";3;0;1;0;1;2;1;4;"-24.30956598";"-54.1588218";"SPRF-PR";"DEL06-PR";"UOP01-DEL06-PR"
656513;2025-01-21;"terça-feira";"14:30:00";"SC";470;145;"RIO DO SUL";"Acessar a via sem observar a presença dos outros veículos";"Colisão transversal";"Com Vítimas Feridas";"Pleno dia";"Crescente";"Céu Claro";"Dupla";"Interseção de Vias;Reta";"Sim";3;0;0;1;1;1;1;3;"-27.237301";"-49.682217";"SPRF-SC";"DEL04-SC";"UOP02-DEL04-SC"
656515;2025-01-21;"terça-feira";"15:55:00";"RS";386;408;"TRIUNFO";"Reação tardia ou ineficiente do condutor";"Tombamento";"Com Vítimas Feridas";"Pleno dia";"Decrescente";"Céu Claro";"Simples";"Reta";"Não";2;0;1;0;0;1;1;2;"-29.791815";"-51.535404";"SPRF-RS";"DEL04-RS";"UOP02-DEL04-RS"
656521;2025-01-21;"terça-feira";"17:00:00";"SC";282;236,5;"LAGES";"Reação tardia ou ineficiente do condutor";"Colisão lateral sentido oposto";"Sem Vítimas";"Pleno dia";"Crescente";"Céu Claro";"Simples";"Reta";"Não";2;0;0;0;2;0;0;2;"-27.787489";"-50.482494";"SPRF-SC";"DEL05-SC";"UOP02-DEL05-SC"
656522;2025-01-21;"terça-feira";"14:20:00";"MG";262;739;"PERDIZES";"Transitar na contramão";"Colisão frontal";"Com Vítimas Feridas";"Pleno dia";"Crescente";"Céu Claro";"Simples";"Reta";"Não";6;0;1;0;4;2;1;7;"-19.61106579";"-47.41191998";"SPRF-MG";"DEL08-MG";"UOP01-DEL08-MG"
656523;2025-01-21;"terça-feira";"15:10:00";"PR";153;30,8;"SANTO ANTONIO DA PLATINA";"Condutor Dormindo";"Colisão frontal";"Com Vítimas Feridas";"Pleno dia";"Decrescente";"Nublado";"Simples";"Reta;Declive";"Não";2;0;0;1;1;0;1;2;"-23.21816767";"-50.01161417";"SPRF-PR";"DEL07-PR";"UOP04-DEL07-PR"
656524;2025-01-21;"terça-feira";"15:30:00";"SC";153;111,1;"CONCORDIA";"Acessar a via sem observar a presença dos outros veículos";"Colisão transversal";"Com Vítimas Feridas";"Pleno dia";"Decrescente";"Céu Claro";"Simples";"Interseção de Vias;Reta";"Não";4;0;1;0;2;1;1;3;"-27.319271";"-51.983299";"SPRF-SC";"DEL07-SC";"UOP04-DEL07-SC"
656526;2025-01-21;"terça-feira";"17:33:00";"MG";40;476;"SETE LAGOAS";"Carga excessiva e/ou mal acondicionada";"Tombamento";"Com Vítimas Feridas";"Pleno dia";"Crescente";"Céu Claro";"Dupla";"Reta;Declive";"Não";1;0;1;0;0;0;1;1;"-19.51363098";"-44.27021397";"SPRF-MG";"DEL02-MG";"UOP01-DEL02-MG"
656528;2025-01-21;"terça-feira";"17:30:00";"SC";153;91,7;"CONCORDIA";"Transitar na contramão";"Colisão lateral sentido oposto";"Sem Vítimas";"Pleno dia";"Decrescente";"Sol";"Simples";"Reta";"Sim";2;0;0;0;1;1;0;2;"-27.183498";"-51.922295";"SPRF-SC";"DEL07-SC";"UOP04-DEL07-SC"
656530;2025-01-21;"terça-feira";"15:00:00";"SC";470;198,5;"PONTE ALTA";"Condutor Dormindo";"Colisão lateral sentido oposto";"Com Vítimas Feridas";"Pleno dia";"Decrescente";"Céu Claro";"Simples";"Aclive;Curva";"Não";5;0;0;1;3;3;1;7;"-27.309549";"-50.118202";"SPRF-SC";"DEL05-SC";"UOP03-DEL05-SC"
656542;2025-01-21;"terça-feira";"19:00:00";"SP";381;79;"SAO PAULO";"Velocidade Incompatível";"Capotamento";"Com Vítimas Feridas";"Plena Noite";"Crescente";"Nublado";"Dupla";"Curva;Declive";"Sim";4;0;2;0;1;1;2;3;"-23.40319901";"-46.57564699";"SPRF-SP";"DEL03-SP";"UOP01-DEL03-SP"
656543;2025-01-21;"terça-feira";"19:30:00";"PR";116;112,7;"CURITIBA";"Trafegar com motocicleta (ou similar) entre as faixas";"Colisão lateral mesmo sentido";"Com Vítimas Feridas";"Plena Noite";"Decrescente";"Nublado";"Múltipla";"Reta";"Sim";3;0;1;0;1;1;1;3;"-25.56730763";"-49.23706792";"SPRF-PR";"DEL01-PR";"UOP03-DEL01-PR"
656552;2025-01-21;"terça-feira";"17:43:00";"MG";116;549,3;"SANTA BARBARA DO LESTE";"Reação tardia ou ineficiente do condutor";"Colisão traseira";"Com Vítimas Feridas";"Anoitecer";"Decrescente";"Nublado";"Simples";"Reta";"Não";2;0;0;1;1;0;1;2;"-19.960735";"-42.13329299";"SPRF-MG";"DEL06-MG";"UOP02-DEL06-MG"
656563;2025-01-21;"terça-feira";"22:15:00";"GO";60;71;"ABADIANIA";"Ausência de reação do condutor";"Colisão traseira";"Com Vítimas Feridas";"Plena Noite";"Crescente";"Céu Claro";"Dupla";"Aclive";"Não";3;0;0;1;1;1;1;3;"-16.2551";"-48.7628";"SPRF-GO";"DEL02-GO";"UOP01-DEL02-GO"
656567;2025-01-21;"terça-feira";"20:30:00";"PR";376;535;"PALMEIRA";"Condutor Dormindo";"Saída de leito carroçável";"Com Vítimas Feridas";"Plena Noite";"Crescente";"Céu Claro";"Dupla";"Reta";"Não";3;0;1;0;1;2;1;4;"-25.38045417";"-49.80922117";"SPRF-PR";"DEL03-PR";"UOP03-DEL03-PR"
656576;2025-01-21;"terça-feira";"20:10:00";"MG";365;386,7;"PATOS DE MINAS";"Pedestre - Ingestão de álcool/ substâncias psicoativas";"Atropelamento de Pedestre";"Com Vítimas Fatais";"Plena Noite";"Crescente";"Nublado";"Simples";"Aclive;Reta";"Não";2;1;0;0;0;1;0;2;"-18.60051001";"-46.28239399";"SPRF-MG";"DEL10-MG";"UOP01-DEL10-MG"
656579;2025-01-22;"quarta-feira";"01:30:00";"MG";262;539;"LUZ";"Velocidade Incompatível";"Tombamento";"Com Vítimas Feridas";"Plena Noite";"Crescente";"Nublado";"Simples";"Curva";"Não";2;0;0;1;0;1;1;2;"-19.74624261";"-45.82727909";"SPRF-MG";"DEL08-MG";"UOP02-DEL08-MG"
656584;2025-01-22;"quarta-feira";"00:05:00";"MG";365;31,5;"MONTES CLAROS";"Ausência de reação do condutor";"Colisão traseira";"Com Vítimas Feridas";"Plena Noite";"Decrescente";"Nublado";"Simples";"Reta";"Não";3;0;2;0;0;1;2;2;"-16.85025469";"-44.11000723";"SPRF-MG";"DEL12-MG";"UOP01-DEL12-MG"
656588;2025-01-22;"quarta-feira";"03:50:00";"SP";116;414;"JUQUIA";"Acessar a via sem observar a presença dos outros veículos";"Colisão transversal";"Com Vítimas Feridas";"Plena Noite";"Crescente";"Céu Claro";"Dupla";"Reta";"Sim";3;0;0;1;0;2;1;2;"-24.33164";"-47.632774";"SPRF-SP";"DEL05-SP";"UOP01-DEL05-SP"
656590;2025-01-22;"quarta-feira";"05:30:00";"PE";232;44;"VITORIA DE SANTO ANTAO";"Chuva";"Tombamento";"Com Vítimas Feridas";"Pleno dia";"Crescente";"Garoa/Chuvisco";"Dupla";"Reta";"Não";1;0;1;0;0;0;1;1;"-8.12337542";"-35.27098583";"SPRF-PE";"DEL01-PE";"UOP01-DEL01-PE"
656600;2025-01-22;"quarta-feira";"06:50:00";"MG";381;361;"JOAO MONLEVADE";"Transitar na contramão";"Colisão frontal";"Com Vítimas Fatais";"Amanhecer";"Decrescente";"Sol";"Simples";"Curva";"Sim";6;3;0;0;1;3;0;5;"-19.85881293";"-43.234108";"SPRF-MG";"DEL03-MG";"UOP01-DEL03-MG"
656601;2025-01-22;"quarta-feira";"05:10:00";"GO";153;620;"MORRINHOS";"Velocidade Incompatível";"Colisão traseira";"Com Vítimas Feridas";"Plena Noite";"Decrescente";"Ignorado";"Dupla";"Reta;Aclive";"Não";6;0;2;2;1;5;4;7;"-17.7218";"-49.1547";"SPRF-GO";"DEL03-GO";"UOP01-DEL03-GO"
656606;2025-01-22;"quarta-feira";"06:50:00";"MG";50;28,5;"ARAGUARI";"Velocidade Incompatível";"Tombamento";"Com Vítimas Feridas";"Pleno dia";"Decrescente";"Céu Claro";"Dupla";"Curva;Declive";"Não";3;0;0;1;1;2;1;4;"-18.61851284";"-48.1028889";"SPRF-MG";"DEL15-MG";"UOP02-DEL15-MG"
656608;2025-01-22;"quarta-feira";"02:45:00";"SC";282;451,8;"PONTE SERRADA";"Velocidade Incompatível";"Colisão com objeto";"Com Vítimas Feridas";"Plena Noite";"Crescente";"Céu Claro";"Simples";"Curva";"Não";2;0;0;1;0;1;1;2;"-26.920655";"-51.953208";"SPRF-SC";"DEL07-SC";"UOP04-DEL07-SC"
656612;2025-01-22;"quarta-feira";"08:00:00";"GO";60;385;"RIO VERDE";"Ultrapassagem Indevida";"Queda de ocupante de veículo";"Com Vítimas Feridas";"Pleno dia";"Crescente";"Céu Claro";"Dupla";"Declive";"Sim";2;0;1;0;0;1;1;2;"-17.7964";"-50.914";"SPRF-GO";"DEL04-GO";"UOP02-DEL04-GO"
656615;2025-01-18;"sábado";"23:07:00";"RJ";40;94;"PETROPOLIS";"Demais falhas mecânicas ou elétricas";"Colisão com objeto";"Com Vítimas Feridas";"Plena Noite";"Crescente";"Céu Claro";"Dupla";"Curva;Declive";"Sim";1;0;1;0;0;0;1;1;"-22.55763285";"-43.26574352";"SPRF-RJ";"DEL01-RJ";"UOP01-DEL01-RJ"
656620;2025-01-22;"quarta-feira";"06:45:00";"SC";101;117,3;"ITAJAI";"Demais falhas mecânicas ou elétricas";"Incêndio";"Sem Vítimas";"Pleno dia";"Decrescente";"Sol";"Múltipla";"Reta;Viaduto";"Sim";2;0;0;0;1;2;0;3;"-26.88747187";"-48.72252969";"SPRF-SC";"DEL04-SC";"UOP04-DEL04-SC"
656622;2025-01-22;"quarta-feira";"08:10:00";"MG";40;38,8;"PARACATU";"Condutor deixou de manter distância do veículo da frente";"Colisão traseira";"Com Vítimas Feridas";"Pleno dia";"Decrescente";"Céu Claro";"Simples";"Reta";"Sim";3;0;1;0;2;0;1;3;"-17.21050388";"-46.89942099";"SPRF-MG";"DEL14-MG";"UOP01-DEL14-MG"
656624;2025-01-22;"quarta-feira";"08:00:00";"RS";290;204,5;"PANTANO GRANDE";"Condutor Dormindo";"Colisão traseira";"Com Vítimas Feridas";"Pleno dia";"Crescente";"Céu Claro";"Simples";"Reta;Em Obras";"Não";2;0;1;0;1;0;1;2;"-30.174364";"-52.258057";"SPRF-RS";"DEL02-RS";"UOP03-DEL02-RS"
656625;2025-01-22;"quarta-feira";"08:20:00";"RJ";465;2,4;"SEROPEDICA";"Conversão proibida";"Colisão lateral mesmo sentido";"Com Vítimas Feridas";"Pleno dia";"Decrescente";"Céu Claro";"Simples";"Reta";"Não";2;0;1;0;1;0;1;2;"-22.727266";"-43.718712";"SPRF-RJ";"DEL06-RJ";"UOP02-DEL06-RJ"
656629;2025-01-22;"quarta-feira";"09:43:00";"SC";470;133,5;"RIO DO SUL";"Conversão proibida";"Colisão transversal";"Com Vítimas Feridas";"Pleno dia";"Crescente";"Céu Claro";"Simples";"Reta";"Não";2;0;0;1;1;0;1;2;"-27.1770418";"-49.59312201";"SPRF-SC";"DEL04-SC";"UOP02-DEL04-SC"
656633;2025-01-22;"quarta-feira";"06:30:00";"MG";116;555,2;"MANHUACU";"Reação tardia ou ineficiente do condutor";"Tombamento";"Com Vítimas Feridas";"Pleno dia";"Crescente";"Céu Claro";"Simples";"Curva;Declive";"Não";2;0;0;1;0;1;1;2;"-20.00911074";"-42.14328403";"SPRF-MG";"DEL06-MG";"UOP02-DEL06-MG"
656644;2025-01-22;"quarta-feira";"09:30:00";"CE";116;97;"MORADA NOVA";"Demais falhas mecânicas ou elétricas";"Colisão com objeto";"Sem Vítimas";"Pleno dia";"Crescente";"Nublado";"Simples";"Reta";"Não";3;0;0;0;2;2;0;4;"-4.51448052";"-38.34346321";"SPRF-CE";"DEL03-CE";"UOP02-DEL03-CE"
656645;2025-01-22;"quarta-feira";"11:00:00";"RS";290;583;"ALEGRETE";"Velocidade Incompatível";"Tombamento";"Com Vítimas Feridas";"Pleno dia";"Crescente";"Céu Claro";"Simples";"Interseção de Vias;Rotatória";"Sim";1;0;1;0;0;0;1;1;"-29.813101";"-55.806679";"SPRF-RS";"DEL13-RS";"UOP02-DEL13-RS"
656647;2025-01-22;"quarta-feira";"11:20:00";"BA";242;874;"BARREIRAS";"Transitar na contramão";"Colisão frontal";"Com Vítimas Fatais";"Pleno dia";"Crescente";"Céu Claro";"Simples";"Reta";"Não";2;1;0;0;1;0;0;2;"-12.07674923";"-45.50620103";"SPRF-BA";"DEL10-BA";"UOP01-DEL10-BA"
656655;2025-01-22;"quarta-feira";"11:20:00";"SC";101;389,1;"CRICIUMA";"Reação tardia ou ineficiente do condutor";"Colisão traseira";"Com Vítimas Feridas";"Pleno dia";"Crescente";"Céu Claro";"Dupla";"Reta";"Sim";3;0;0;1;1;8;1;10;"-28.8026668";"-49.36745167";"SPRF-SC";"DEL02-SC";"UOP02-DEL02-SC"
656657;2025-01-22;"quarta-feira";"08:30:00";"GO";452;75,5;"MAURILANDIA";"Condutor Dormindo";"Colisão lateral sentido oposto";"Com Vítimas Feridas";"Pleno dia";"Crescente";"Céu Claro";"Simples";"Reta";"Não";4;0;0;2;1;4;2;7;"-18.04547914";"-50.25746004";"SPRF-GO";"DEL04-GO";"UOP01-DEL04-GO"
656658;2025-01-22;"quarta-feira";"09:13:00";"SP";116;125,2;"CACAPAVA";"Problema com o freio";"Colisão com objeto";"Com Vítimas Feridas";"Pleno dia";"Crescente";"Sol";"Dupla";"Reta;Declive";"Não";3;0;1;0;0;3;1;4;"-23.09872598";"-45.68608201";"SPRF-SP";"DEL02-SP";"UOP02-DEL02-SP"
656664;2025-01-22;"quarta-feira";"12:00:00";"MA";316;617;"TIMON";"Acessar a via sem observar a presença dos outros veículos";"Colisão lateral mesmo sentido";"Sem Vítimas";"Pleno dia";"Decrescente";"Céu Claro";"Simples";"Interseção de Vias;Reta";"Sim";3;0;0;0;2;1;0;3;"-5.102445";"-42.829098";"SPRF-MA";"DEL03-MA";"UOP02-DEL03-MA"
656670;2025-01-22;"quarta-feira";"12:30:00";"MG";40;22,7;"PARACATU";"Reação tardia ou ineficiente do condutor";"Saída de leito carroçável";"Com Vítimas Feridas";"Pleno dia";"Crescente";"Céu Claro";"Simples";"Reta;Declive";"Não";3;0;2;0;0;1;2;2;"-17.113941";"-46.992677";"SPRF-MG";"DEL14-MG";"UOP01-DEL14-MG"
656672;2025-01-22;"quarta-feira";"12:05:00";"MT";163;720;"SORRISO";"Manobra de mudança de faixa";"Colisão lateral sentido oposto";"Com Vítimas Feridas";"Pleno dia";"Crescente";"Céu Claro";"Simples";"Reta";"Não";8;0;4;1;2;3;5;6;"-12.810135";"-55.8302";"SPRF-MT";"DEL06-MT";"UOP01-DEL06-MT"
656676;2025-01-22;"quarta-feira";"15:00:00";"CE";222;152;"IRAUCUBA";"Ausência de reação do condutor";"Colisão com objeto";"Com Vítimas Fatais";"Pleno dia";"Crescente";"Sol";"Simples";"Reta";"Não";3;1;0;0;1;3;0;5;"-3.73891788";"-39.80610692";"SPRF-CE";"DEL04-CE";"UOP03-DEL04-CE"
656677;2025-01-22;"quarta-feira";"13:30:00";"BA";116;704;"MANOEL VITORINO";"Reação tardia ou ineficiente do condutor";"Colisão traseira";"Com Vítimas Fatais";"Pleno dia";"Decrescente";"Chuva";"Simples";"Reta";"Não";3;1;0;0;1;2;0;4;"-14.06331897";"-40.20550622";"SPRF-BA";"DEL03-BA";"UOP01-DEL03-BA"
656679;2025-01-22;"quarta-feira";"15:57:00";"RJ";101;81;"CAMPOS DOS GOYTACAZES";"Transitar na contramão";"Colisão lateral sentido oposto";"Com Vítimas Feridas";"Pleno dia";"Decrescente";"Céu Claro";"Dupla";"Reta";"Não";6;0;4;0;1;2;4;5;"-21.83221147";"-41.44729712";"SPRF-RJ";"DEL08-RJ";"UOP02-DEL08-RJ"
656680;2025-01-22;"quarta-feira";"13:30:00";"GO";60;420;"RIO VERDE";"Ingestão de substâncias psicoativas pelo condutor";"Colisão lateral mesmo sentido";"Com Vítimas Feridas";"Pleno dia";"Crescente";"Sol";"Dupla";"Curva";"Não";3;0;1;0;1;1;1;3;"-17.82191552";"-51.25396729";"SPRF-GO";"DEL04-GO";"UOP02-DEL04-GO"
656687;2025-01-22;"quarta-feira";"16:00:00";"PR";277;156;"PALMEIRA";"Reação tardia ou ineficiente do condutor";"Colisão traseira";"Com Vítimas Feridas";"Pleno dia";"Crescente";"Céu Claro";"Simples";"Aclive;Reta";"Não";6;0;1;0;4;1;1;2;"-25.47298";"-49.82104";"SPRF-PR";"DEL03-PR";"UOP03-DEL03-PR"
656691;2025-01-22;"quarta-feira";"11:25:00";"MT";163;897;"CLAUDIA";"Reação tardia ou ineficiente do condutor";"Colisão traseira";"Com Vítimas Feridas";"Pleno dia";"Crescente";"Nublado";"Múltipla";"Reta";"Não";4;0;1;0;2;1;1;3;"-11.339";"-55.331";"SPRF-MT";"DEL06-MT";"UOP02-DEL06-MT"
656692;2025-01-22;"quarta-feira";"15:51:00";"MG";381;942;"EXTREMA";"Reação tardia ou ineficiente do condutor";"Colisão lateral mesmo sentido";"Com Vítimas Feridas";"Pleno dia";"Crescente";"Nublado";"Dupla";"Interseção de Vias;Curva";"Não";2;0;1;0;1;0;1;2;"-22.86605937";"-46.34940386";"SPRF-MG";"DEL16-MG";"UOP03-DEL16-MG"
656693;2025-01-22;"quarta-feira";"17:15:00";"BA";324;609;"SIMOES FILHO";"Condutor deixou de manter distância do veículo da frente";"Engavetamento";"Com Vítimas Feridas";"Pleno dia";"Decrescente";"Céu Claro";"Dupla";"Reta";"Sim";14;0;11;0;3;0;11;3;"-12.838656";"-38.414324";"SPRF-BA";"DEL01-BA";"UOP01-DEL01-BA"
656706;2025-01-22;"quarta-feira";"17:30:00";"SC";101;327;"CAPIVARI DE BAIXO";"Reação tardia ou ineficiente do condutor";"Tombamento";"Com Vítimas Feridas";"Pleno dia";"Decrescente";"Céu Claro";"Dupla";"Reta";"Sim";3;0;1;0;1;1;1;3;"-28.4322229";"-48.95524979";"SPRF-SC";"DEL02-SC";"UOP01-DEL02-SC"
656707;2025-01-22;"quarta-feira";"16:58:00";"PR";116;42,1;"CAMPINA GRANDE DO SUL";"Curva acentuada";"Colisão com objeto";"Com Vítimas Feridas";"Pleno dia";"Crescente";"Chuva";"Dupla";"Reta;Ponte";"Não";1;0;1;0;0;0;1;1;"-25.17611697";"-48.874256";"SPRF-PR";"DEL01-PR";"UOP02-DEL01-PR"
656710;2025-01-22;"quarta-feira";"16:20:00";"RS";158;193,7;"CRUZ ALTA";"Demais falhas mecânicas ou elétricas";"Eventos atípicos";"Com Vítimas Fatais";"Pleno dia";"Crescente";"Céu Claro";"Simples";"Reta;Declive";"Não";2;1;0;0;0;2;0;3;"-28.63924139";"-53.57206643";"SPRF-RS";"DEL10-RS";"UOP02-DEL10-RS"
656711;2025-01-22;"quarta-feira";"17:30:00";"AL";104;90;"RIO LARGO";"Avarias e/ou desgaste excessivo no pneu";"Engavetamento";"Com Vítimas Feridas";"Anoitecer";"Crescente";"Céu Claro";"Dupla";"Reta";"Sim";10;0;2;0;8;0;2;6;"-9.50898856";"-35.80777135";"SPRF-AL";"DEL01-AL";"UOP01-DEL01-AL"
656720;2025-01-22;"quarta-feira";"16:50:00";"MG";262;43,5;"MANHUACU";"Condutor deixou de manter distância do veículo da frente";"Colisão traseira";"Com Vítimas Feridas";"Pleno dia";"Decrescente";"Chuva";"Simples";"Reta;Declive";"Não";4;0;1;0;3;0;1;2;"-20.26409492";"-42.07800593";"SPRF-MG";"DEL06-MG";"UOP03-DEL06-MG"
656723;2025-01-22;"quarta-feira";"18:30:00";"MG";40;468;"SETE LAGOAS";"Chuva";"Saída de leito carroçável";"Com Vítimas Feridas";"Plena Noite";"Decrescente";"Chuva";"Dupla";"Declive;Reta";"Sim";1;0;1;0;0;0;1;1;"-19.45630182";"-44.30941888";"SPRF-MG";"DEL02-MG";"UOP01-DEL02-MG"
656728;2025-01-22;"quarta-feira";"18:30:00";"GO";153;574,9;"PROFESSOR JAMIL";"Reação tardia ou ineficiente do condutor";"Saída de leito carroçável";"Com Vítimas Feridas";"Anoitecer";"Decrescente";"Chuva";"Dupla";"Curva";"Não";2;0;1;0;0;1;1;2;"-17.3387";"-49.2399";"SPRF-GO";"DEL03-GO";"UOP01-DEL03-GO"