"id";"data_inversa";"dia_semana";"horario";"uf";"br";"km";"municipio";"causa_acidente";"tipo_acidente";"classificacao_acidente";"fase_dia";"sentido_via";"condicao_metereologica";"tipo_pista";"tracado_via";"uso_solo";"pessoas";"mortos";"feridos_leves";"feridos_graves";"ilesos";"ignorados";"feridos";"veiculos";"latitude";"longitude";"regional";"delegacia";"uop"
656737;2025-01-22;"quarta-feira";"19:30:00";"CE";116;41;"HORIZONTE";"Entrada inopinada do pedestre";"Colisão transversal";"Sem Vítimas";"Plena Noite";"Decrescente";"Céu Claro";"Dupla";"Reta";"Sim";2;0;0;0;1;1;0;2;"-4.1024351";"-38.50001011";"SPRF-CE";"DEL01-CE";"UOP02-DEL01-CE"
656739;2025-01-22;"quarta-feira";"18:15:00";"SC";101;85,1;"BARRA VELHA";"Velocidade Incompatível";"Colisão transversal";"Sem Vítimas";"Pleno dia";"Crescente";"Céu Claro";"Simples";"Reta;Interseção de Vias";"Não";3;0;0;0;2;1;0;3;"-26.63288885";"-48.70235503";"SPRF-SC";"DEL03-SC";"UOP02-DEL03-SC"
656741;2025-01-22;"quarta-feira";"15:40:00";"MT";70;507,8;"CUIABA";"Condutor deixou de manter distância do veículo da frente";"Colisão traseira";"Com Vítimas Feridas";"Pleno dia";"Crescente";"Céu Claro";"Simples";"Em Obras;Reta;Declive";"Não";3;0;1;0;1;3;1;5;"-15.700802";"-56.079807";"SPRF-MT";"DEL01-MT";"UOP02-DEL01-MT"
656749;2025-01-22;"quarta-feira";"21:30:00";"SC";101;138;"BALNEARIO CAMBORIU";"Condutor deixou de manter distância do veículo da frente";"Colisão traseira";"Com Vítimas Feridas";"Plena Noite";"Crescente";"Céu Claro";"Dupla";"Reta";"Sim";2;0;1;0;0;1;1;2;"-27.02397426";"-48.60761649";"SPRF-SC";"DEL04-SC";"UOP03-DEL04-SC"
656750;2025-01-22;"quarta-feira";"18:40:00";"RJ";116;272;"BARRA MANSA";"Condutor deixou de manter distância do veículo da frente";"Colisão traseira";"Com Vítimas Feridas";"Plena Noite";"Decrescente";"Céu Claro";"Dupla";"Reta;Em Obras";"Não";2;0;1;0;1;0;1;2;"-22.55606865";"-44.13021704";"SPRF-RJ";"DEL07-RJ";"UOP02-DEL07-RJ"
656758;2025-01-22;"quarta-feira";"16:00:00";"BA";110;375;"CATU";"Velocidade Incompatível";"Tombamento";"Com Vítimas Feridas";"Pleno dia";"Decrescente";"Céu Claro";"Simples";"Aclive;Curva";"Não";2;0;1;0;0;1;1;2;"-12.41306752";"-38.4670231";"SPRF-BA";"DEL01-BA";"UOP01-DEL01-BA"
656763;2025-01-23;"quinta-feira";"01:30:00";"PR";277;124;"CAMPO LARGO";"Reação tardia ou ineficiente do condutor";"Colisão com objeto";"Com Vítimas Feridas";"Plena Noite";"Crescente";"Nublado";"Dupla";"Reta";"Não";2;0;1;0;1;0;1;2;"-25.435";"-49.5239";"SPRF-PR";"DEL03-PR";"UOP03-DEL03-PR"
656764;2025-01-23;"quinta-feira";"01:40:00";"ES";101;271,2;"SERRA";"Conversão proibida";"Colisão transversal";"Com Vítimas Feridas";"Plena Noite";"Crescente";"Céu Claro";"Múltipla";"Reta";"Sim";2;0;0;1;1;0;1;2;"-20.23267";"-40.27658";"SPRF-ES";"DEL02-ES";"UOP01-DEL02-ES"
656768;2025-01-23;"quinta-feira";"00:25:00";"MG";262;575,5;"CORREGO DANTA";"Condutor Dormindo";"Tombamento";"Com Vítimas Feridas";"Plena Noite";"Decrescente";"Céu Claro";"Simples";"Curva";"Não";2;0;1;0;0;1;1;2;"-19.69297478";"-46.03637682";"SPRF-MG";"DEL08-MG";"UOP02-DEL08-MG"
656771;2025-01-22;"quarta-feira";"20:50:00";"BA";324;562;"SAO SEBASTIAO DO PASSE";"Avarias e/ou desgaste excessivo no pneu";"Tombamento";"Sem Vítimas";"Plena Noite";"Decrescente";"Céu Claro";"Simples";"Reta";"Não";2;0;0;0;1;1;0;2;"-12.503202";"-38.639217";"SPRF-BA";"DEL01-BA";"UOP01-DEL01-BA"
656773;2025-01-23;"quinta-feira";"05:00:00";"PR";116;133;"FAZENDA RIO GRANDE";"Reação tardia ou ineficiente do condutor";"Colisão traseira";"Com Vítimas Feridas";"Amanhecer";"Decrescente";"Nevoeiro/Neblina";"Dupla";"Reta;Aclive";"Sim";3;0;1;0;1;1;1;3;"-25.704212";"-49.319861";"SPRF-PR";"DEL01-PR";"UOP03-DEL01-PR"
656774;2025-01-22;"quarta-feira";"14:05:00";"MG";365;25,3;"MONTES CLAROS";"Velocidade Incompatível";"Colisão frontal";"Com Vítimas Feridas";"Pleno dia";"Decrescente";"Chuva";"Simples";"Reta;Declive";"Não";52;0;41;8;1;2;49;4;"-16.8557147";"-44.06141289";"SPRF-MG";"DEL12-MG";"UOP01-DEL12-MG"
656783;2025-01-23;"quinta-feira";"06:45:00";"GO";364;259;"JATAI";"Velocidade Incompatível";"Saída de leito carroçável";"Com Vítimas Feridas";"Amanhecer";"Crescente";"Chuva";"Simples";"Curva";"Não";5;0;3;0;1;3;3;4;"-17.673866";"-52.216778";"SPRF-GO";"DEL05-GO";"UOP01-DEL05-GO"
656792;2025-01-23;"quinta-feira";"07:15:00";"PR";376;628;"SAO JOSE DOS PINHAIS";"Manobra de mudança de faixa";"Colisão lateral mesmo sentido";"Sem Vítimas";"Pleno dia";"Decrescente";"Céu Claro";"Dupla";"Reta";"Não";2;0;0;0;2;0;0;2;"-25.67832409";"-49.14963231";"SPRF-PR";"DEL01-PR";"UOP04-DEL01-PR"
656799;2025-01-23;"quinta-feira";"02:40:00";"MS";262;618,9;"MIRANDA";"Condutor Dormindo";"Tombamento";"Com Vítimas Feridas";"Plena Noite";"Crescente";"Céu Claro";"Simples";"Reta";"Não";2;0;1;0;0;1;1;2;"-19.96733704";"-56.83601909";"SPRF-MS";"DEL03-MS";"UOP02-DEL03-MS"
656804;2025-01-23;"quinta-feira";"08:50:00";"PR";116;111;"CURITIBA";"Ausência de reação do condutor";"Colisão traseira";"Com Vítimas Feridas";"Pleno dia";"Decrescente";"Céu Claro";"Dupla";"Reta";"Não";2;0;0;1;1;0;1;2;"-25.5575675";"-49.2703943";"SPRF-PR";"DEL01-PR";"UOP03-DEL01-PR"
656814;2025-01-23;"quinta-feira";"06:15:00";"RS";287;369,4;"SANTIAGO";"Velocidade Incompatível";"Tombamento";"Com Vítimas Feridas";"Amanhecer";"Crescente";"Céu Claro";"Simples";"Aclive;Curva";"Não";2;0;1;0;0;1;1;2;"-29.38874098";"-54.74526309";"SPRF-RS";"DEL12-RS";"UOP02-DEL12-RS"
656815;2025-01-23;"quinta-feira";"09:45:00";"MG";381;924;"CAMANDUCAIA";"Velocidade Incompatível";"Tombamento";"Com Vítimas Feridas";"Pleno dia";"Decrescente";"Céu Claro";"Dupla";"Curva";"Não";2;0;1;0;0;1;1;2;"-22.77050246";"-46.23490598";"SPRF-MG";"DEL16-MG";"UOP03-DEL16-MG"
656818;2025-01-23;"quinta-feira";"08:40:00";"MT";70;511;"CUIABA";"Ausência de reação do condutor";"Colisão traseira";"Com Vítimas Feridas";"Pleno dia";"Crescente";"Céu Claro";"Simples";"Reta";"Não";2;0;1;0;1;0;1;2;"-15.65051022";"-55.99823809";"SPRF-MT";"DEL01-MT";"UOP02-DEL01-MT"
656821;2025-01-23;"quinta-feira";"10:00:00";"SP";116;64;"GUARATINGUETA";"Acessar a via sem observar a presença dos outros veículos";"Colisão transversal";"Com Vítimas Feridas";"Pleno dia";"Crescente";"Céu Claro";"Dupla";"Reta";"Sim";3;0;1;0;1;1;1;3;"-22.81942006";"-45.18421298";"SPRF-SP";"DEL08-SP";"UOP01-DEL08-SP"
656823;2025-01-23;"quinta-feira";"10:20:00";"SC";280;55,5;"GUARAMIRIM";"Acessar a via sem observar a presença dos outros veículos";"Colisão transversal";"Com Vítimas Feridas";"Pleno dia";"Crescente";"Céu Claro";"Dupla";"Interseção de Vias;Rotatória";"Sim";2;0;1;0;1;0;1;2;"-26.47584353";"-48.9937858";"SPRF-SC";"DEL03-SC";"UOP03-DEL03-SC"
656826;2025-01-15;"quarta-feira";"13:27:00";"MS";163;530;"JARAGUARI";"Reação tardia ou ineficiente do condutor";"Tombamento";"Com Vítimas Feridas";"Pleno dia";"Crescente";"Céu Claro";"Simples";"Reta";"Não";2;0;1;0;0;1;1;2;"-20.08519991";"-54.43235422";"SPRF-MS";"DEL01-MS";"UOP02-DEL01-MS"
656828;2025-01-23;"quinta-feira";"11:10:00";"RS";116;37;"VACARIA";"Acessar a via sem observar a presença dos outros veículos";"Colisão transversal";"Com Vítimas Feridas";"Pleno dia";"Decrescente";"Céu Claro";"Simples";"Reta;Rotatória";"Sim";4;0;1;0;2;1;1;3;"-28.49871957";"-50.9176864";"SPRF-RS";"DEL05-RS";"UOP03-DEL05-RS"
656831;2025-01-23;"quinta-feira";"07:30:00";"MG";251;335;"RUBELITA";"Ausência de reação do condutor";"Colisão lateral sentido oposto";"Com Vítimas Feridas";"Pleno dia";"Crescente";"Céu Claro";"Simples";"Aclive;Curva";"Não";9;0;5;0;3;6;5;9;"-16.25584596";"-42.43923797";"SPRF-MG";"DEL12-MG";"UOP02-DEL12-MG"
656837;2025-01-23;"quinta-feira";"11:40:00";"RS";471;164;"RIO PARDO";"Avarias e/ou desgaste excessivo no pneu";"Tombamento";"Com Vítimas Feridas";"Pleno dia";"Decrescente";"Sol";"Dupla";"Aclive";"Não";4;0;1;1;1;2;2;4;"-29.939951";"-52.385185";"SPRF-RS";"DEL02-RS";"UOP03-DEL02-RS"
656840;2025-01-23;"quinta-feira";"11:00:00";"MG";381;506,5;"SAO JOAQUIM DE BICAS";"Ausência de reação do condutor";"Colisão lateral mesmo sentido";"Com Vítimas Feridas";"Pleno dia";"Crescente";"Céu Claro";"Dupla";"Viaduto";"Sim";3;0;0;1;1;1;1;3;"-20.05039397";"-44.27962502";"SPRF-MG";"DEL01-MG";"UOP03-DEL01-MG"
656844;2025-01-23;"quinta-feira";"14:00:00";"RS";116;452,2;"SAO LOURENCO DO SUL";"Reação tardia ou ineficiente do condutor";"Colisão traseira";"Com Vítimas Feridas";"Pleno dia";"Decrescente";"Sol";"Dupla";"Reta;Aclive";"Não";3;0;2;0;1;0;2;2;"-31.21427515";"-52.01780939";"SPRF-RS";"DEL02-RS";"UOP02-DEL02-RS"
656845;2025-01-23;"quinta-feira";"11:30:00";"BA";135;130;"RIACHAO DAS NEVES";"Condutor deixou de manter distância do veículo da frente";"Colisão lateral mesmo sentido";"Com Vítimas Feridas";"Pleno dia";"Crescente";"Céu Claro";"Simples";"Reta";"Não";3;0;2;0;1;0;2;2;"-11.79675758";"-44.88154169";"SPRF-BA";"DEL10-BA";"UOP01-DEL10-BA"
656846;2025-01-23;"quinta-feira";"12:15:00";"RJ";116;304,8;"PORTO REAL";"Reação tardia ou ineficiente do condutor";"Engavetamento";"Com Vítimas Feridas";"Pleno dia";"Decrescente";"Nublado";"Dupla";"Reta";"Não";5;0;1;0;3;3;1;7;"-22.45478167";"-44.38316833";"SPRF-RJ";"DEL07-RJ";"UOP02-DEL07-RJ"
656850;2025-01-23;"quinta-feira";"13:50:00";"SC";470;10;"NAVEGANTES";"Ausência de reação do condutor";"Colisão lateral mesmo sentido";"Com Vítimas Feridas";"Pleno dia";"Crescente";"Céu Claro";"Dupla";"Em Obras;Retorno Regulamentado;Reta";"Não";2;0;0;1;1;0;1;2;"-26.833693";"-48.73724";"SPRF-SC";"DEL04-SC";"UOP04-DEL04-SC"
656855;2025-01-23;"quinta-feira";"08:20:00";"PR";277;206;"PALMEIRA";"Demais falhas mecânicas ou elétricas";"Incêndio";"Sem Vítimas";"Pleno dia";"Decrescente";"Céu Claro";"Simples";"Reta";"Não";2;0;0;0;1;1;0;2;"-25.46468901";"-50.25988";"SPRF-PR";"DEL08-PR";"UOP02-DEL08-PR"
656856;2025-01-23;"quinta-feira";"09:55:00";"SC";101;138;"BALNEARIO CAMBORIU";"Reação tardia ou ineficiente do condutor";"Colisão lateral mesmo sentido";"Sem Vítimas";"Pleno dia";"Crescente";"Céu Claro";"Múltipla";"Reta";"Sim";2;0;0;0;2;0;0;2;"-27.02397426";"-48.60761649";"SPRF-SC";"DEL04-SC";"UOP03-DEL04-SC"
656857;2025-01-23;"quinta-feira";"14:38:00";"MG";381;553;"ITAGUARA";"Demais falhas mecânicas ou elétricas";"Incêndio";"Sem Vítimas";"Pleno dia";"Crescente";"Nublado";"Dupla";"Reta";"Não";2;0;0;0;1;1;0;2;"-20.34694817";"-44.44253979";"SPRF-MG";"DEL04-MG";"UOP03-DEL04-MG"
656860;2025-01-23;"quinta-feira";"15:00:00";"PB";230;27,5;"JOAO PESSOA";"Manobra de mudança de faixa";"Colisão lateral mesmo sentido";"Sem Vítimas";"Pleno dia";"Crescente";"Sol";"Dupla";"Curva";"Sim";3;0;0;0;2;1;0;3;"-7.1677";"-34.8855";"SPRF-PB";"DEL01-PB";"UOP01-DEL01-PB"
656863;2025-01-23;"quinta-feira";"15:20:00";"MG";381;487,8;"BETIM";"Reação tardia ou ineficiente do condutor";"Colisão com objeto";"Com Vítimas Feridas";"Pleno dia";"Crescente";"Céu Claro";"Múltipla";"Curva";"Sim";3;0;2;0;1;0;2;2;"-19.95586853";"-44.14609501";"SPRF-MG";"DEL01-MG";"UOP03-DEL01-MG"
656868;2025-01-23;"quinta-feira";"14:50:00";"MG";116;275;"TEOFILO OTONI";"Velocidade Incompatível";"Colisão lateral mesmo sentido";"Com Vítimas Feridas";"Pleno dia";"Crescente";"Céu Claro";"Simples";"Reta";"Sim";3;0;1;0;1;1;1;3;"-17.84235093";"-41.51410418";"SPRF-MG";"DEL11-MG";"UOP01-DEL11-MG"
656871;2025-01-23;"quinta-feira";"13:50:00";"RS";471;517,4;"RIO GRANDE";"Velocidade Incompatível";"Colisão transversal";"Com Vítimas Feridas";"Pleno dia";"Decrescente";"Céu Claro";"Simples";"Curva";"Sim";4;0;1;0;2;1;1;3;"-32.49099161";"-52.5804095";"SPRF-RS";"DEL07-RS";"UOP02-DEL07-RS"
656877;2025-01-23;"quinta-feira";"16:00:00";"CE";116;64;"CHOROZINHO";"Acessar a via sem observar a presença dos outros veículos";"Colisão transversal";"Sem Vítimas";"Pleno dia";"Decrescente";"Céu Claro";"Simples";"Reta";"Sim";3;0;0;0;1;2;0;3;"-4.29766043";"-38.50128341";"SPRF-CE";"DEL01-CE";"UOP02-DEL01-CE"
656879;2025-01-23;"quinta-feira";"16:40:00";"MG";381;451;"SABARA";"Reação tardia ou ineficiente do condutor";"Colisão traseira";"Sem Vítimas";"Pleno dia";"Decrescente";"Sol";"Simples";"Viaduto;Declive;Reta";"Sim";2;0;0;0;2;0;0;2;"-19.83832024";"-43.8806931";"SPRF-MG";"DEL01-MG";"UOP01-DEL01-MG"
656885;2025-01-23;"quinta-feira";"17:20:00";"TO";153;767,3;"ALVORADA";"Condutor deixou de manter distância do veículo da frente";"Colisão traseira";"Com Vítimas Feridas";"Pleno dia";"Crescente";"Céu Claro";"Simples";"Reta";"Não";3;0;1;0;1;1;1;3;"-12.53201395";"-49.10193689";"SPRF-TO";"DEL01-TO";"UOP02-DEL01-TO"
656886;2025-01-23;"quinta-feira";"16:45:00";"SP";116;218;"GUARULHOS";"Trafegar com motocicleta (ou similar) entre as faixas";"Colisão lateral mesmo sentido";"Com Vítimas Feridas";"Pleno dia";"Decrescente";"Céu Claro";"Dupla";"Reta;Em Obras";"Sim";3;0;2;0;1;0;2;2;"-23.457972";"-46.479927";"SPRF-SP";"DEL01-SP";"UOP01-DEL01-SP"
656888;2025-01-23;"quinta-feira";"16:25:00";"RJ";101;157;"MACAE";"Demais falhas mecânicas ou elétricas";"Colisão lateral sentido oposto";"Sem Vítimas";"Pleno dia";"Crescente";"Céu Claro";"Simples";"Reta;Ponte";"Não";3;0;0;0;2;2;0;4;"-22.26664642";"-41.85839687";"SPRF-RJ";"DEL08-RJ";"UOP04-DEL08-RJ"
656890;2025-01-23;"quinta-feira";"16:30:00";"PR";376;302,9;"MAUA DA SERRA";"Velocidade Incompatível";"Tombamento";"Com Vítimas Feridas";"Pleno dia";"Crescente";"Nublado";"Dupla";"Curva;Declive";"Não";1;0;1;0;0;0;1;1;"-23.93576347";"-51.14095497";"SPRF-PR";"DEL07-PR";"UOP02-DEL07-PR"
656895;2025-01-23;"quinta-feira";"12:30:00";"PR";487;171;"CAMPO MOURAO";"Demais falhas mecânicas ou elétricas";"Saída de leito carroçável";"Com Vítimas Feridas";"Pleno dia";"Decrescente";"Céu Claro";"Simples";"Declive";"Não";2;0;1;0;0;1;1;2;"-24.014101";"-52.46035";"SPRF-PR";"DEL09-PR";"UOP03-DEL09-PR"
656897;2025-01-23;"quinta-feira";"16:50:00";"RJ";116;332;"ITATIAIA";"Ausência de reação do condutor";"Colisão traseira";"Com Vítimas Feridas";"Pleno dia";"Decrescente";"Nublado";"Dupla";"Reta";"Não";7;0;4;1;1;3;5;5;"-22.50082905";"-44.63502202";"SPRF-RJ";"DEL07-RJ";"UOP02-DEL07-RJ"
656898;2025-01-23;"quinta-feira";"16:10:00";"RJ";116;331;"ITATIAIA";"Reação tardia ou ineficiente do condutor";"Colisão com objeto";"Com Vítimas Feridas";"Pleno dia";"Decrescente";"Chuva";"Múltipla";"Reta";"Não";2;0;0;1;0;1;1;2;"-22.50439667";"-44.62493";"SPRF-RJ";"DEL07-RJ";"UOP02-DEL07-RJ"
656899;2025-01-23;"quinta-feira";"17:55:00";"BA";324;520;"FEIRA DE SANTANA";"Reação tardia ou ineficiente do condutor";"Engavetamento";"Sem Vítimas";"Anoitecer";"Decrescente";"Céu Claro";"Dupla";"Reta";"Sim";5;0;0;0;4;2;0;5;"-12.27376054";"-38.93366564";"SPRF-BA";"DEL01-BA";"UOP03-DEL01-BA"
656901;2025-01-23;"quinta-feira";"18:35:00";"PR";369;154;"LONDRINA";"Manobra de mudança de faixa";"Colisão lateral mesmo sentido";"Sem Vítimas";"Pleno dia";"Crescente";"Céu Claro";"Dupla";"Reta";"Sim";2;0;0;0;2;0;0;2;"-23.29749851";"-51.20010429";"SPRF-PR";"DEL07-PR";"UOP01-DEL07-PR"
656915;2025-01-23;"quinta-feira";"20:02:00";"PE";101;51;"PAULISTA";"Trafegar com motocicleta (ou similar) entre as faixas";"Colisão lateral mesmo sentido";"Com Vítimas Fatais";"Plena Noite";"Decrescente";"Céu Claro";"Múltipla";"Reta";"Sim";5;1;1;0;1;2;1;3;"-7.9169968";"-34.89689272";"SPRF-PE";"DEL01-PE";"UOP02-DEL01-PE"
656917;2025-01-23;"quinta-feira";"16:50:00";"RJ";393;255;"BARRA DO PIRAI";"Acessar a via sem observar a presença dos outros veículos";"Colisão transversal";"Com Vítimas Feridas";"Pleno dia";"Crescente";"Nublado";"Dupla";"Interseção de Vias";"Sim";12;0;1;8;2;1;9;3;"-22.45630908";"-43.83881807";"SPRF-RJ";"DEL05-RJ";"UOP04-DEL05-RJ"
656919;2025-01-23;"quinta-feira";"19:40:00";"PE";232;212;"PESQUEIRA";"Transitar na contramão";"Colisão lateral sentido oposto";"Com Vítimas Fatais";"Plena Noite";"Decrescente";"Céu Claro";"Simples";"Reta";"Sim";4;1;0;0;1;3;0;5;"-8.36899532";"-36.70578682";"SPRF-PE";"DEL03-PE";"UOP02-DEL03-PE"
656924;2025-01-23;"quinta-feira";"20:30:00";"GO";50;283;"CATALAO";"Declive acentuado";"Tombamento";"Com Vítimas Feridas";"Pleno dia";"Decrescente";"Céu Claro";"Simples";"Em Obras;Rotatória";"Não";2;0;1;0;0;1;1;2;"-18.1965";"-47.9567";"SPRF-GO";"DEL06-GO";"UOP01-DEL06-GO"
656928;2025-01-23;"quinta-feira";"20:30:00";"MT";163;834,9;"SINOP";"Manobra de mudança de faixa";"Colisão com objeto";"Com Vítimas Feridas";"Plena Noite";"Decrescente";"Céu Claro";"Simples";"Reta";"Sim";3;0;1;0;1;1;1;2;"-11.86194";"-55.49559";"SPRF-MT";"DEL06-MT";"UOP02-DEL06-MT"
656931;2025-01-23;"quinta-feira";"19:42:00";"SE";101;59;"ROSARIO DO CATETE";"Acessar a via sem observar a presença dos outros veículos";"Colisão transversal";"Com Vítimas Feridas";"Plena Noite";"Decrescente";"Céu Claro";"Simples";"Interseção de Vias;Reta";"Não";2;0;2;0;0;0;2;2;"-10.659681";"-37.02849";"SPRF-SE";"DEL02-SE";"UOP02-DEL02-SE"
656932;2025-01-23;"quinta-feira";"15:10:00";"MG";364;32,8;"FRUTAL";"Velocidade Incompatível";"Colisão com objeto";"Com Vítimas Feridas";"Pleno dia";"Crescente";"Chuva";"Simples";"Reta;Ponte;Declive";"Sim";3;0;1;0;1;2;1;4;"-20.025185";"-48.94096";"SPRF-MG";"DEL13-MG";"UOP02-DEL13-MG"
656939;2025-01-23;"quinta-feira";"21:31:00";"SC";101;36,8;"PALHOCA";"Ultrapassagem Indevida";"Colisão lateral mesmo sentido";"Com Vítimas Feridas";"Plena Noite";"Decrescente";"Nublado";"Dupla";"Túnel;Curva";"Não";5;0;1;1;2;1;2;3;"-27.6427";"-48.6695";"SPRF-SC";"DEL01-SC";"UOP02-DEL01-SC"
656944;2025-01-23;"quinta-feira";"23:40:00";"PB";230;153,3;"CAMPINA GRANDE";"Condutor usando celular";"Colisão frontal";"Com Vítimas Feridas";"Plena Noite";"Crescente";"Céu Claro";"Simples";"Curva;Em Obras";"Sim";2;0;1;0;1;0;1;2;"-7.2763";"-35.8887";"SPRF-PB";"DEL02-PB";"UOP01-DEL02-PB"
656948;2025-01-24;"sexta-feira";"01:00:00";"SP";116;228;"SAO PAULO";"Ausência de reação do condutor";"Colisão traseira";"Com Vítimas Feridas";"Plena Noite";"Decrescente";"Nublado";"Múltipla";"Reta";"Não";6;0;4;0;1;1;4;3;"-23.50343484";"-46.56638712";"SPRF-SP";"DEL01-SP";"UOP01-DEL01-SP"
656950;2025-01-24;"sexta-feira";"00:15:00";"MG";50;189,5;"UBERABA";"Condutor Dormindo";"Colisão traseira";"Com Vítimas Feridas";"Plena Noite";"Decrescente";"Céu Claro";"Dupla";"Reta";"Não";2;0;1;0;0;1;1;2;"-19.84808";"-47.874971";"SPRF-MG";"DEL13-MG";"UOP01-DEL13-MG"
656952;2025-01-24;"sexta-feira";"01:15:00";"RN";304;67,3;"MOSSORO";"Manobra de mudança de faixa";"Colisão lateral sentido oposto";"Com Vítimas Feridas";"Plena Noite";"Crescente";"Céu Claro";"Simples";"Reta";"Não";2;0;0;1;1;0;1;2;"-5.37857529";"-37.23882451";"SPRF-RN";"DEL04-RN";"UOP01-DEL04-RN"
656953;2025-01-23;"quinta-feira";"22:00:00";"BA";110;104;"ANTAS";"Problema com o freio";"Atropelamento de Pedestre";"Com Vítimas Feridas";"Plena Noite";"Crescente";"Céu Claro";"Simples";"Aclive";"Não";2;0;0;1;0;1;1;2;"-10.33353685";"-38.31563227";"SPRF-BA";"DEL07-BA";"UOP01-DEL07-BA"
656961;2025-01-24;"sexta-feira";"03:50:00";"PI";316;306;"PICOS";"Ausência de reação do condutor";"Saída de leito carroçável";"Com Vítimas Feridas";"Plena Noite";"Crescente";"Nublado";"Simples";"Curva;Declive";"Sim";1;0;0;1;0;0;1;1;"-7.07700699";"-41.50959795";"SPRF-PI";"DEL04-PI";"UOP01-DEL04-PI"
656962;2025-01-23;"quinta-feira";"20:00:00";"GO";452;19,8;"RIO VERDE";"Ausência de reação do condutor";"Saída de leito carroçável";"Sem Vítimas";"Plena Noite";"Crescente";"Céu Claro";"Simples";"Reta;Declive";"Não";2;0;0;0;1;3;0;4;"-17.8687406";"-50.73337771";"SPRF-GO";"DEL04-GO";"UOP01-DEL04-GO"
656963;2025-01-24;"sexta-feira";"05:10:00";"SP";116;123;"CACAPAVA";"Reação tardia ou ineficiente do condutor";"Colisão traseira";"Sem Vítimas";"Amanhecer";"Crescente";"Céu Claro";"Dupla";"Reta";"Não";3;0;0;0;2;2;0;4;"-23.08754228";"-45.66969781";"SPRF-SP";"DEL02-SP";"UOP02-DEL02-SP"
656967;2025-01-23;"quinta-feira";"21:03:00";"MG";365;465,2;"PATROCINIO";"Velocidade Incompatível";"Colisão traseira";"Com Vítimas Feridas";"Plena Noite";"Decrescente";"Nublado";"Simples";"Reta";"Não";3;0;1;0;2;0;1;3;"-18.89880313";"-46.95118193";"SPRF-MG";"DEL10-MG";"UOP01-DEL10-MG"
656969;2025-01-24;"sexta-feira";"06:20:00";"PR";153;468,9;"PORTO VITORIA";"Ausência de reação do condutor";"Tombamento";"Com Vítimas Feridas";"Pleno dia";"Crescente";"Garoa/Chuvisco";"Simples";"Curva";"Não";2;0;0;1;0;1;1;2;"-26.3133464";"-51.2185315";"SPRF-PR";"DEL02-PR";"UOP03-DEL02-PR"
656970;2025-01-24;"sexta-feira";"05:46:00";"PR";277;442,2;"LARANJEIRAS DO SUL";"Reação tardia ou ineficiente do condutor";"Tombamento";"Com Vítimas Feridas";"Amanhecer";"Decrescente";"Céu Claro";"Simples";"Curva";"Não";2;0;1;0;0;1;1;2;"-25.37458072";"-52.2742009";"SPRF-PR";"DEL04-PR";"UOP02-DEL04-PR"
656977;2025-01-24;"sexta-feira";"05:30:00";"PR";153;398;"MALLET";"Pista Escorregadia";"Saída de leito carroçável";"Com Vítimas Feridas";"Amanhecer";"Crescente";"Céu Claro";"Simples";"Curva";"Não";2;0;1;0;1;0;1;1;"-25.927489";"-50.854918";"SPRF-PR";"DEL08-PR";"UOP02-DEL08-PR"
656981;2025-01-24;"sexta-feira";"08:30:00";"SE";101;144,2;"ESTANCIA";"Transitar no Acostamento";"Colisão com objeto";"Com Vítimas Fatais";"Pleno dia";"Crescente";"Céu Claro";"Dupla";"Aclive;Reta";"Não";4;1;0;0;1;2;0;4;"-11.20044883";"-37.40968738";"SPRF-SE";"DEL02-SE";"UOP01-DEL02-SE"
656983;2025-01-24;"sexta-feira";"08:18:00";"SP";116;285;"ITAPECERICA DA SERRA";"Manobra de mudança de faixa";"Colisão traseira";"Com Vítimas Feridas";"Pleno dia";"Decrescente";"Céu Claro";"Dupla";"Reta";"Não";2;0;1;0;1;0;1;2;"-23.70407794";"-46.87249709";"SPRF-SP";"DEL04-SP";"UOP01-DEL04-SP"
656986;2025-01-20;"segunda-feira";"15:30:00";"PE";232;62,8;"GRAVATA";"Demais falhas mecânicas ou elétricas";"Saída de leito carroçável";"Sem Vítimas";"Pleno dia";"Crescente";"Sol";"Dupla";"Reta";"Não";2;0;0;0;1;1;0;2;"-8.15598579";"-35.42308007";"SPRF-PE";"DEL02-PE";"UOP02-DEL02PE"
656996;2025-01-24;"sexta-feira";"11:00:00";"TO";153;498;"PARAISO DO TOCANTINS";"Acessar a via sem observar a presença dos outros veículos";"Colisão frontal";"Com Vítimas Feridas";"Pleno dia";"Crescente";"Sol";"Simples";"Curva;Declive";"Não";2;0;0;1;1;0;1;2;"-10.18390502";"-48.88017144";"SPRF-TO";"DEL01-TO";"UOP01-DEL01-TO"
656997;2025-01-24;"sexta-feira";"08:40:00";"BA";116;672;"JEQUIE";"Acessar a via sem observar a presença dos outros veículos";"Colisão traseira";"Com Vítimas Feridas";"Pleno dia";"Decrescente";"Chuva";"Dupla";"Interseção de Vias";"Sim";3;0;2;0;1;0;2;2;"-13.79970305";"-40.11130458";"SPRF-BA";"DEL03-BA";"UOP01-DEL03-BA"