"id";"data_inversa";"dia_semana";"horario";"uf";"br";"km";"municipio";"causa_acidente";"tipo_acidente";"classificacao_acidente";"fase_dia";"sentido_via";"condicao_metereologica";"tipo_pista";"tracado_via";"uso_solo";"pessoas";"mortos";"feridos_leves";"feridos_graves";"ilesos";"ignorados";"feridos";"veiculos";"latitude";"longitude";"regional";"delegacia";"uop"
657000;2025-01-24;"sexta-feira";"10:00:00";"BA";407;119;"SENHOR DO BONFIM";"Transitar na contramão";"Colisão frontal";"Com Vítimas Feridas";"Pleno dia";"Decrescente";"Céu Claro";"Simples";"Reta";"Sim";4;0;2;0;1;2;2;4;"-10.39518217";"-40.17775944";"SPRF-BA";"DEL04-BA";"UOP01-DEL04-BA"
657001;2025-01-24;"sexta-feira";"11:20:00";"MG";381;456;"BELO HORIZONTE";"Transitar no Acostamento";"Colisão lateral mesmo sentido";"Com Vítimas Feridas";"Pleno dia";"Decrescente";"Céu Claro";"Simples";"Reta";"Sim";3;0;1;0;1;1;1;3;"-19.85862954";"-43.91292495";"SPRF-MG";"DEL01-MG";"UOP01-DEL01-MG"
657002;2025-01-24;"sexta-feira";"11:15:00";"MG";262;386,5;"FLORESTAL";"Manobra de mudança de faixa";"Tombamento";"Com Vítimas Feridas";"Pleno dia";"Decrescente";"Céu Claro";"Dupla";"Aclive;Curva";"Não";2;0;1;0;0;1;1;2;"-19.93407809";"-44.42855871";"SPRF-MG";"DEL01-MG";"UOP03-DEL01-MG"
657015;2025-01-24;"sexta-feira";"11:55:00";"BA";101;399;"IBIRAPITANGA";"Velocidade Incompatível";"Colisão frontal";"Com Vítimas Fatais";"Pleno dia";"Crescente";"Garoa/Chuvisco";"Simples";"Curva";"Não";4;3;0;0;1;0;0;2;"-13.99468";"-39.453937";"SPRF-BA";"DEL05-BA";"UOP03-DEL05-BA"
657019;2025-01-24;"sexta-feira";"12:45:00";"SC";101;156,6;"PORTO BELO";"Reação tardia ou ineficiente do condutor";"Colisão com objeto";"Com Vítimas Feridas";"Pleno dia";"Decrescente";"Nublado";"Dupla";"Reta";"Sim";3;0;0;1;1;1;1;3;"-27.172272";"-48.61170204";"SPRF-SC";"DEL04-SC";"UOP03-DEL04-SC"
657025;2025-01-24;"sexta-feira";"13:45:00";"SC";101;127,1;"ITAJAI";"Demais falhas mecânicas ou elétricas";"Tombamento";"Com Vítimas Feridas";"Pleno dia";"Decrescente";"Nublado";"Dupla";"Reta";"Não";3;0;0;1;1;1;1;3;"-26.9639319";"-48.68328024";"SPRF-SC";"DEL04-SC";"UOP04-DEL04-SC"
657034;2025-01-24;"sexta-feira";"15:00:00";"MG";40;498,9;"ESMERALDAS";"Manobra de mudança de faixa";"Colisão traseira";"Com Vítimas Feridas";"Pleno dia";"Decrescente";"Céu Claro";"Dupla";"Reta";"Sim";3;0;1;0;0;2;1;3;"-19.68467685";"-44.18191183";"SPRF-MG";"DEL02-MG";"UOP01-DEL02-MG"
657036;2025-01-24;"sexta-feira";"13:57:00";"PR";277;280,7;"PRUDENTOPOLIS";"Ausência de reação do condutor";"Saída de leito carroçável";"Sem Vítimas";"Pleno dia";"Decrescente";"Céu Claro";"Simples";"Reta";"Não";1;0;0;0;1;0;0;1;"-25.35860715";"-50.91749114";"SPRF-PR";"DEL08-PR";"UOP02-DEL08-PR"
657040;2025-01-24;"sexta-feira";"14:10:00";"MG";381;726,1;"CARMO DA CACHOEIRA";"Ausência de reação do condutor";"Colisão traseira";"Com Vítimas Feridas";"Pleno dia";"Crescente";"Sol";"Dupla";"Reta;Aclive";"Não";3;0;2;0;1;0;2;2;"-21.50846497";"-45.21540331";"SPRF-MG";"DEL04-MG";"UOP02-DEL04-MG"
657041;2025-01-24;"sexta-feira";"16:05:00";"RN";226;38;"MACAIBA";"Avarias e/ou desgaste excessivo no pneu";"Tombamento";"Com Vítimas Feridas";"Pleno dia";"Crescente";"Céu Claro";"Simples";"Reta";"Não";1;0;1;0;0;0;1;1;"-5.91608218";"-35.52760191";"SPRF-RN";"DEL01-RN";"UOP02-DEL01-RN"
657044;2025-01-24;"sexta-feira";"16:20:00";"PR";277;634;"CEU AZUL";"Condutor deixou de manter distância do veículo da frente";"Colisão traseira";"Com Vítimas Feridas";"Pleno dia";"Decrescente";"Céu Claro";"Simples";"Reta";"Não";2;0;2;0;0;0;2;2;"-25.13216493";"-53.8249287";"SPRF-PR";"DEL05-PR";"UOP02-DEL05-PR"
657046;2025-01-24;"sexta-feira";"07:30:00";"MG";251;349,6;"FRUTA DE LEITE";"Velocidade Incompatível";"Tombamento";"Com Vítimas Fatais";"Pleno dia";"Decrescente";"Céu Claro";"Simples";"Curva;Declive";"Não";4;1;0;0;0;3;0;3;"-16.27293323";"-42.53130451";"SPRF-MG";"DEL12-MG";"UOP02-DEL12-MG"
657055;2025-01-24;"sexta-feira";"16:20:00";"SP";116;220;"GUARULHOS";"Ingestão de álcool pelo condutor";"Colisão traseira";"Sem Vítimas";"Pleno dia";"Decrescente";"Ignorado";"Múltipla";"Reta";"Sim";3;0;0;0;2;1;0;3;"-23.46472809";"-46.49793962";"SPRF-SP";"DEL01-SP";"UOP01-DEL01-SP"
657057;2025-01-24;"sexta-feira";"17:10:00";"SC";280;128,7;"RIO NEGRINHO";"Ausência de reação do condutor";"Colisão traseira";"Com Vítimas Feridas";"Pleno dia";"Crescente";"Chuva";"Simples";"Reta";"Sim";6;0;4;0;2;0;4;2;"-26.24317941";"-49.51320018";"SPRF-SC";"DEL06-SC";"UOP03-DEL06-SC"
657069;2025-01-24;"sexta-feira";"08:00:00";"BA";101;435;"MARAU";"Objeto estático sobre o leito carroçável";"Colisão com objeto";"Com Vítimas Feridas";"Amanhecer";"Crescente";"Garoa/Chuvisco";"Simples";"Reta";"Não";2;0;1;0;0;2;1;3;"-14.229733";"-39.319136";"SPRF-BA";"DEL05-BA";"UOP01-DEL05-BA"
657072;2025-01-24;"sexta-feira";"17:00:00";"RO";364;347,5;"JI-PARANA";"Reação tardia ou ineficiente do condutor";"Colisão traseira";"Com Vítimas Feridas";"Pleno dia";"Decrescente";"Céu Claro";"Simples";"Reta";"Não";6;0;1;0;5;0;1;2;"-10.86070186";"-61.9761549";"SPRF-RO";"DEL02-RO";"UOP01-DEL02-RO"
657073;2025-01-18;"sábado";"13:00:00";"MT";70;695;"CACERES";"Pista Escorregadia";"Colisão frontal";"Com Vítimas Feridas";"Pleno dia";"Crescente";"Chuva";"Simples";"Curva";"Não";45;0;19;0;25;1;19;3;"-16.24747707";"-57.47060716";"SPRF-MT";"DEL03-MT";"UOP01-DEL03-MT"
657078;2025-01-24;"sexta-feira";"17:20:00";"SP";116;23,9;"LAVRINHAS";"Ingestão de álcool pelo condutor";"Colisão traseira";"Sem Vítimas";"Pleno dia";"Crescente";"Céu Claro";"Múltipla";"Reta";"Não";3;0;0;0;2;2;0;4;"-22.58978112";"-44.88535587";"SPRF-SP";"DEL08-SP";"UOP02-DEL08-SP"
657081;2025-01-03;"sexta-feira";"12:55:00";"PI";316;259;"IPIRANGA DO PIAUI";"Acessar a via sem observar a presença dos outros veículos";"Colisão frontal";"Com Vítimas Feridas";"Pleno dia";"Crescente";"Sol";"Simples";"Reta";"Sim";2;0;0;1;1;0;1;2;"-6.81961598";"-41.73781153";"SPRF-PI";"DEL04-PI";"UOP02-DEL04-PI"
657083;2025-01-24;"sexta-feira";"18:15:00";"AL";101;138;"SAO MIGUEL DOS CAMPOS";"Reação tardia ou ineficiente do condutor";"Colisão transversal";"Sem Vítimas";"Plena Noite";"Crescente";"Céu Claro";"Dupla";"Desvio Temporário;Em Obras";"Sim";3;0;0;0;2;1;0;3;"-9.80975158";"-36.11701903";"SPRF-AL";"DEL02-AL";"UOP01-DEL02-AL"
657088;2025-01-24;"sexta-feira";"14:10:00";"RJ";101;576;"PARATY";"Reação tardia ou ineficiente do condutor";"Tombamento";"Com Vítimas Feridas";"Pleno dia";"Crescente";"Céu Claro";"Simples";"Curva";"Não";2;0;1;0;0;1;1;2;"-23.090246";"-44.693758";"SPRF-RJ";"DEL03-RJ";"UOP04-DEL03-RJ"
657092;2025-01-24;"sexta-feira";"19:25:00";"PI";343;332;"TERESINA";"Ausência de reação do condutor";"Colisão lateral mesmo sentido";"Com Vítimas Feridas";"Plena Noite";"Decrescente";"Céu Claro";"Dupla";"Reta";"Não";2;0;0;1;0;1;1;2;"-5.058209";"-42.66679";"SPRF-PI";"DEL01-PI";"UOP01-DEL01-PI"
657098;2025-01-24;"sexta-feira";"17:15:00";"SC";282;542;"CHAPECO";"Reação tardia ou ineficiente do condutor";"Tombamento";"Sem Vítimas";"Pleno dia";"Decrescente";"Céu Claro";"Simples";"Curva;Declive";"Não";2;0;0;0;1;3;0;4;"-27.001301";"-52.707569";"SPRF-SC";"DEL07-SC";"UOP01-DEL07-SC"
657100;2025-01-24;"sexta-feira";"15:55:00";"MG";262;13,1;"MARTINS SOARES";"Acessar a via sem observar a presença dos outros veículos";"Colisão transversal";"Sem Vítimas";"Pleno dia";"Decrescente";"Céu Claro";"Simples";"Reta";"Não";5;0;0;0;5;0;0;2;"-20.25771509";"-41.86161294";"SPRF-MG";"DEL06-MG";"UOP03-DEL06-MG"
657101;2025-01-24;"sexta-feira";"21:21:00";"ES";101;263;"SERRA";"Frear bruscamente";"Colisão com objeto";"Com Vítimas Feridas";"Plena Noite";"Decrescente";"Céu Claro";"Dupla";"Reta;Declive";"Não";2;0;1;0;1;0;1;1;"-20.16554736";"-40.27301648";"SPRF-ES";"DEL02-ES";"UOP01-DEL02-ES"
657102;2025-01-24;"sexta-feira";"14:40:00";"MT";163;691;"LUCAS DO RIO VERDE";"Ultrapassagem Indevida";"Colisão traseira";"Com Vítimas Fatais";"Pleno dia";"Crescente";"Céu Claro";"Simples";"Curva";"Não";3;1;0;0;1;1;0;3;"-13.15077404";"-55.97136391";"SPRF-MT";"DEL06-MT";"UOP01-DEL06-MT"
657105;2025-01-24;"sexta-feira";"19:19:00";"RS";290;352,2;"SAO SEPE";"Velocidade Incompatível";"Colisão frontal";"Com Vítimas Fatais";"Pleno dia";"Decrescente";"Chuva";"Simples";"Declive;Reta";"Não";8;1;0;3;1;3;3;4;"-30.372091";"-53.692841";"SPRF-RS";"DEL09-RS";"UOP02-DEL09-RS"
657112;2025-01-24;"sexta-feira";"20:15:00";"SC";282;439;"IRANI";"Ausência de reação do condutor";"Colisão traseira";"Com Vítimas Feridas";"Plena Noite";"Decrescente";"Nublado";"Simples";"Reta";"Não";3;0;1;0;1;1;1;3;"-26.945671";"-51.861717";"SPRF-SC";"DEL07-SC";"UOP04-DEL07-SC"
657117;2025-01-24;"sexta-feira";"20:25:00";"SC";280;187,2;"MAFRA";"Ausência de reação do condutor";"Colisão com objeto";"Com Vítimas Fatais";"Plena Noite";"Crescente";"Chuva";"Simples";"Declive;Interseção de Vias;Reta;Rotatória";"Não";2;1;0;0;0;1;0;2;"-26.16790438";"-49.95451995";"SPRF-SC";"DEL06-SC";"UOP01-DEL06-SC"
657124;2025-01-24;"sexta-feira";"22:40:00";"SP";116;218;"GUARULHOS";"Participar de racha";"Colisão traseira";"Com Vítimas Feridas";"Plena Noite";"Decrescente";"Nublado";"Múltipla";"Reta;Em Obras";"Sim";3;0;1;0;0;2;1;3;"-23.457972";"-46.479927";"SPRF-SP";"DEL01-SP";"UOP01-DEL01-SP"
657131;2025-01-24;"sexta-feira";"21:40:00";"PR";376;383,9;"IMBAU";"Acessar a via sem observar a presença dos outros veículos";"Colisão frontal";"Com Vítimas Fatais";"Plena Noite";"Decrescente";"Nublado";"Dupla";"Reta";"Sim";2;1;0;0;1;0;0;2;"-24.43001144";"-50.76598763";"SPRF-PR";"DEL03-PR";"UOP02-DEL03-PR"
657133;2025-01-24;"sexta-feira";"22:27:00";"PB";230;249;"JUAZEIRINHO";"Ausência de reação do condutor";"Colisão traseira";"Sem Vítimas";"Plena Noite";"Crescente";"Céu Claro";"Simples";"Reta";"Não";2;0;0;0;2;0;0;2;"-7.0661";"-36.6441";"SPRF-PB";"DEL02-PB";"UOP02-DEL02-PB"
657140;2025-01-24;"sexta-feira";"20:00:00";"BA";101;885;"TEIXEIRA DE FREITAS";"Reação tardia ou ineficiente do condutor";"Colisão frontal";"Com Vítimas Feridas";"Plena Noite";"Crescente";"Céu Claro";"Simples";"Aclive;Curva";"Não";3;0;2;0;0;1;2;3;"-17.60163088";"-39.74891716";"SPRF-BA";"DEL09-BA";"UOP02-DEL09-BA"
657146;2025-01-24;"sexta-feira";"18:25:00";"RS";392;207;"SANTANA DA BOA VISTA";"Velocidade Incompatível";"Colisão frontal";"Com Vítimas Feridas";"Pleno dia";"Crescente";"Chuva";"Simples";"Curva;Declive";"Não";3;0;0;1;1;2;1;4;"-30.82336654";"-53.17516923";"SPRF-RS";"DEL09-RS";"UOP02-DEL09-RS"
657148;2025-01-25;"sábado";"02:30:00";"SP";116;24,5;"LAVRINHAS";"Reação tardia ou ineficiente do condutor";"Colisão traseira";"Com Vítimas Feridas";"Plena Noite";"Decrescente";"Nublado";"Dupla";"Declive";"Não";3;0;1;0;2;0;1;2;"-22.59895814";"-44.88797962";"SPRF-SP";"DEL08-SP";"UOP02-DEL08-SP"
657150;2025-01-24;"sexta-feira";"19:30:00";"MT";70;553;"NOSSA SENHORA DO LIVRAMENTO";"Transitar na contramão";"Colisão frontal";"Com Vítimas Fatais";"Plena Noite";"Decrescente";"Céu Claro";"Simples";"Reta";"Não";3;1;0;0;1;2;0;4;"-15.67469895";"-56.33723399";"SPRF-MT";"DEL03-MT";"UOP02-DEL03-MT"
657158;2025-01-25;"sábado";"04:30:00";"BA";407;126;"SENHOR DO BONFIM";"Demais falhas mecânicas ou elétricas";"Tombamento";"Com Vítimas Feridas";"Amanhecer";"Crescente";"Nublado";"Simples";"Declive;Curva;Rotatória";"Sim";5;0;4;0;0;1;4;2;"-10.4558193";"-40.18119143";"SPRF-BA";"DEL04-BA";"UOP01-DEL04-BA"
657165;2025-01-24;"sexta-feira";"22:30:00";"BA";101;79;"ALAGOINHAS";"Reação tardia ou ineficiente do condutor";"Colisão traseira";"Com Vítimas Feridas";"Plena Noite";"Decrescente";"Céu Claro";"Simples";"Reta";"Não";12;0;5;0;6;1;5;3;"-12.01196305";"-38.26882996";"SPRF-BA";"DEL01-BA";"UOP04-DEL01-BA"
657168;2025-01-24;"sexta-feira";"17:30:00";"PA";230;767;"MEDICILANDIA";"Transitar na contramão";"Colisão frontal";"Com Vítimas Fatais";"Plena Noite";"Decrescente";"Ignorado";"Simples";"Reta";"Não";2;1;0;0;0;1;0;2;"-3.4961764";"-53.09979789";"SPRF-PA";"DEL04-PA";"UOP01-DEL04-PA"
657178;2025-01-24;"sexta-feira";"19:00:00";"RO";364;496;"ARIQUEMES";"Ultrapassagem Indevida";"Colisão frontal";"Sem Vítimas";"Anoitecer";"Crescente";"Nublado";"Simples";"Curva";"Não";6;0;0;0;5;3;0;6;"-10.09049706";"-62.97006806";"SPRF-RO";"DEL03-RO";"UOP01-DEL03-RO"
657181;2025-01-24;"sexta-feira";"14:47:00";"PA";163;421,5;"ITAITUBA";"Acostamento em desnível";"Saída de leito carroçável";"Com Vítimas Feridas";"Pleno dia";"Crescente";"Chuva";"Simples";"Reta";"Não";2;0;1;0;0;1;1;2;"-6.13110818";"-55.61925136";"SPRF-PA";"DEL05-PA";"UOP03-DEL05-PA"
657183;2025-01-25;"sábado";"06:50:00";"SC";101;260;"PAULO LOPES";"Velocidade Incompatível";"Derramamento de carga";"Sem Vítimas";"Pleno dia";"Crescente";"Céu Claro";"Dupla";"Curva";"Não";2;0;0;0;1;1;0;2;"-28.0210609";"-48.69789507";"SPRF-SC";"DEL02-SC";"UOP03-DEL02-SC"
657186;2025-01-25;"sábado";"07:15:00";"SE";235;20;"LARANJEIRAS";"Velocidade Incompatível";"Saída de leito carroçável";"Com Vítimas Feridas";"Pleno dia";"Decrescente";"Chuva";"Simples";"Curva";"Não";1;0;1;0;0;0;1;1;"-10.834111";"-37.221916";"SPRF-SE";"DEL01-SE";"UOP02-DEL01-SE"
657193;2025-01-25;"sábado";"09:10:00";"PB";101;87;"JOAO PESSOA";"Demais falhas mecânicas ou elétricas";"Colisão com objeto";"Sem Vítimas";"Pleno dia";"Crescente";"Céu Claro";"Dupla";"Reta";"Sim";3;0;0;0;2;1;0;3;"-7.15886802";"-34.90628504";"SPRF-PB";"DEL01-PB";"UOP01-DEL01-PB"
657198;2025-01-25;"sábado";"07:00:00";"RJ";116;209;"SEROPEDICA";"Ausência de reação do condutor";"Colisão lateral mesmo sentido";"Com Vítimas Fatais";"Pleno dia";"Decrescente";"Céu Claro";"Dupla";"Reta";"Não";20;2;1;0;16;1;1;3;"-22.721238";"-43.681105";"SPRF-RJ";"DEL06-RJ";"UOP02-DEL06-RJ"
657201;2025-01-25;"sábado";"09:30:00";"MG";381;713,5;"CARMO DA CACHOEIRA";"Condutor Dormindo";"Colisão com objeto";"Com Vítimas Feridas";"Pleno dia";"Crescente";"Céu Claro";"Dupla";"Reta";"Não";2;0;1;0;1;0;1;1;"-21.40375992";"-45.21090213";"SPRF-MG";"DEL04-MG";"UOP02-DEL04-MG"
657211;2025-01-25;"sábado";"04:00:00";"SE";101;61,2;"ROSARIO DO CATETE";"Reação tardia ou ineficiente do condutor";"Saída de leito carroçável";"Com Vítimas Feridas";"Plena Noite";"Decrescente";"Céu Claro";"Simples";"Reta";"Não";3;0;2;0;1;0;2;1;"-10.6767911";"-37.03102283";"SPRF-SE";"DEL02-SE";"UOP02-DEL02-SE"
657220;2025-01-25;"sábado";"09:45:00";"PE";101;65,5;"RECIFE";"Condutor deixou de manter distância do veículo da frente";"Colisão com objeto";"Sem Vítimas";"Pleno dia";"Crescente";"Céu Claro";"Dupla";"Reta";"Sim";1;0;0;0;1;0;0;1;"-8.029612";"-34.942948";"SPRF-PE";"DEL01-PE";"UOP01-DEL01-PE"
657223;2025-01-25;"sábado";"09:45:00";"PI";230;309,4;"FLORIANO";"Ausência de reação do condutor";"Colisão traseira";"Sem Vítimas";"Pleno dia";"Crescente";"Céu Claro";"Simples";"Reta";"Sim";2;0;0;0;1;1;0;2;"-6.77433132";"-43.00632318";"SPRF-PI";"DEL03-PI";"UOP01-DEL03-PI"
657228;2025-01-25;"sábado";"10:35:00";"BA";324;518,5;"FEIRA DE SANTANA";"Desvio temporário";"Colisão traseira";"Sem Vítimas";"Pleno dia";"Crescente";"Céu Claro";"Dupla";"Reta";"Sim";2;0;0;0;1;1;0;2;"-12.28252504";"-38.9219238";"SPRF-BA";"DEL02-BA";"UOP01-DEL02-BA"
657231;2025-01-25;"sábado";"10:00:00";"CE";20;124;"TAUA";"Afundamento ou ondulação no pavimento";"Tombamento";"Com Vítimas Feridas";"Pleno dia";"Decrescente";"Céu Claro";"Simples";"Aclive;Reta";"Não";2;0;1;0;0;1;1;2;"-5.69290412";"-40.12999046";"SPRF-CE";"DEL02-CE";"UOP02-DEL02-CE"
657232;2025-01-25;"sábado";"06:19:00";"MG";381;813,2;"CAREACU";"Velocidade Incompatível";"Saída de leito carroçável";"Com Vítimas Fatais";"Amanhecer";"Decrescente";"Nublado";"Dupla";"Ponte;Reta";"Não";4;1;0;0;0;4;0;4;"-22.0714422";"-45.70245174";"SPRF-MG";"DEL16-MG";"UOP02-DEL16-MG"
657247;2025-01-25;"sábado";"10:15:00";"MG";251;333,7;"FRUTA DE LEITE";"Ausência de reação do condutor";"Colisão traseira";"Com Vítimas Feridas";"Pleno dia";"Decrescente";"Sol";"Simples";"Curva;Em Obras";"Não";5;0;0;1;3;2;1;4;"-16.25683842";"-42.43114276";"SPRF-MG";"DEL12-MG";"UOP02-DEL12-MG"
657251;2025-01-25;"sábado";"13:47:00";"PB";427;37;"POMBAL";"Ingestão de álcool pelo condutor";"Colisão frontal";"Com Vítimas Feridas";"Pleno dia";"Decrescente";"Céu Claro";"Simples";"Reta";"Não";2;0;0;1;1;0;1;2;"-6.76405124";"-37.78910384";"SPRF-PB";"DEL03-PB";"UOP02-DEL03-PB"
657254;2025-01-25;"sábado";"14:10:00";"MG";116;561;"MANHUACU";"Ausência de reação do condutor";"Colisão traseira";"Com Vítimas Feridas";"Pleno dia";"Decrescente";"Céu Claro";"Simples";"Reta";"Sim";2;0;0;1;1;0;1;2;"-20.04079579";"-42.17396159";"SPRF-MG";"DEL06-MG";"UOP03-DEL06-MG"
657264;2025-01-25;"sábado";"14:15:00";"RS";101;46;"TERRA DE AREIA";"Ausência de reação do condutor";"Colisão com objeto";"Com Vítimas Feridas";"Pleno dia";"Crescente";"Garoa/Chuvisco";"Múltipla";"Reta";"Sim";1;0;1;0;0;0;1;1;"-29.57664003";"-50.06327396";"SPRF-RS";"DEL03-RS";"UOP02-DEL03-RS"
657267;2025-01-25;"sábado";"13:45:00";"MG";116;6;"DIVISA ALEGRE";"Demais falhas na via";"Colisão com objeto";"Com Vítimas Feridas";"Pleno dia";"Decrescente";"Céu Claro";"Simples";"Curva";"Não";1;0;1;0;0;0;1;1;"-15.74952994";"-41.33072084";"SPRF-BA";"DEL08-BA";"UOP03-DEL08-BA"
657269;2025-01-25;"sábado";"15:40:00";"MG";381;491,2;"BETIM";"Manobra de mudança de faixa";"Colisão lateral mesmo sentido";"Com Vítimas Feridas";"Pleno dia";"Decrescente";"Sol";"Dupla";"Reta";"Sim";4;0;2;0;2;0;2;4;"-19.95806853";"-44.15051758";"SPRF-MG";"DEL01-MG";"UOP03-DEL01-MG"
657275;2025-01-25;"sábado";"14:30:00";"SC";101;352,9;"JAGUARUNA";"Demais falhas mecânicas ou elétricas";"Incêndio";"Sem Vítimas";"Pleno dia";"Decrescente";"Céu Claro";"Dupla";"Reta";"Não";2;0;0;0;2;0;0;1;"-28.60489869";"-49.05593332";"SPRF-SC";"DEL02-SC";"UOP01-DEL02-SC"
657278;2025-01-25;"sábado";"13:30:00";"PR";116;193,1;"CAMPO DO TENENTE";"Demais falhas mecânicas ou elétricas";"Eventos atípicos";"Sem Vítimas";"Pleno dia";"Crescente";"Garoa/Chuvisco";"Simples";"Reta";"Não";3;0;0;0;2;1;0;3;"-25.97956005";"-49.66051132";"SPRF-SC";"DEL06-SC";"UOP01-DEL06-SC"
657279;2025-01-25;"sábado";"15:05:00";"MT";163;105,4;"RONDONOPOLIS";"Ausência de reação do condutor";"Colisão traseira";"Sem Vítimas";"Pleno dia";"Decrescente";"Céu Claro";"Dupla";"Aclive;Reta";"Não";4;0;0;0;3;3;0;5;"-16.62007898";"-54.69936693";"SPRF-MT";"DEL02-MT";"UOP01-DEL02-MT"
657290;2025-01-25;"sábado";"16:15:00";"SC";163;115,2;"DIONISIO CERQUEIRA";"Condutor Dormindo";"Saída de leito carroçável";"Com Vítimas Feridas";"Pleno dia";"Decrescente";"Céu Claro";"Simples";"Declive;Reta";"Não";3;0;0;2;0;1;2;2;"-26.366385";"-53.533985";"SPRF-SC";"DEL07-SC";"UOP03-DEL07-SC"
657300;2025-01-25;"sábado";"19:34:00";"RS";386;442;"CANOAS";"Mal súbito do condutor";"Colisão transversal";"Com Vítimas Feridas";"Anoitecer";"Decrescente";"Céu Claro";"Dupla";"Reta";"Não";3;0;0;1;2;0;1;2;"-29.885923";"-51.223259";"SPRF-RS";"DEL01-RS";"UOP01-DEL01-RS"
657302;2025-01-25;"sábado";"17:25:00";"PR";376;343;"ORTIGUEIRA";"Demais falhas mecânicas ou elétricas";"Queda de ocupante de veículo";"Com Vítimas Feridas";"Anoitecer";"Crescente";"Chuva";"Simples";"Curva";"Não";3;0;0;1;1;1;1;2;"-24.2017732";"-50.94742728";"SPRF-PR";"DEL07-PR";"UOP02-DEL07-PR"
657304;2025-01-25;"sábado";"19:35:00";"MG";116;574,9;"MANHUACU";"Transitar na contramão";"Colisão frontal";"Com Vítimas Fatais";"Plena Noite";"Decrescente";"Céu Claro";"Simples";"Curva;Declive";"Não";3;1;0;0;1;1;0;3;"-20.14598091";"-42.18538333";"SPRF-MG";"DEL06-MG";"UOP03-DEL06-MG"
657309;2025-01-25;"sábado";"19:55:00";"PE";101;69,7;"RECIFE";"Reação tardia ou ineficiente do condutor";"Tombamento";"Com Vítimas Feridas";"Plena Noite";"Crescente";"Céu Claro";"Dupla";"Curva";"Sim";2;0;1;0;0;1;1;2;"-8.0655";"-34.94428";"SPRF-PE";"DEL01-PE";"UOP01-DEL01-PE"
657313;2025-01-25;"sábado";"20:00:00";"SP";381;86;"SAO PAULO";"Reação tardia ou ineficiente do condutor";"Colisão traseira";"Com Vítimas Feridas";"Plena Noite";"Crescente";"Chuva";"Dupla";"Reta";"Sim";3;0;1;0;1;1;1;3;"-23.45930499";"-46.57161179";"SPRF-SP";"DEL03-SP";"UOP01-DEL03-SP"
657337;2025-01-25;"sábado";"14:00:00";"AL";101;71;"MESSIAS";"Demais falhas mecânicas ou elétricas";"Incêndio";"Sem Vítimas";"Pleno dia";"Crescente";"Nublado";"Dupla";"Curva";"Não";4;0;0;0;1;3;0;3;"-9.37155696";"-35.83020358";"SPRF-AL";"DEL01-AL";"UOP01-DEL01-AL"
657339;2025-01-25;"sábado";"22:00:00";"MG";50;197,3;"DELTA";"Velocidade Incompatível";"Colisão traseira";"Com Vítimas Fatais";"Plena Noite";"Crescente";"Nublado";"Dupla";"Declive;Reta";"Não";3;1;0;0;1;2;0;4;"-19.9090125";"-47.8338973";"SPRF-MG";"DEL13-MG";"UOP01-DEL13-MG"
657349;2025-01-25;"sábado";"21:20:00";"MG";381;580;"CARMOPOLIS DE MINAS";"Ausência de reação do condutor";"Colisão traseira";"Com Vítimas Feridas";"Plena Noite";"Decrescente";"Céu Claro";"Dupla";"Reta";"Não";4;0;0;1;2;2;1;4;"-20.50796117";"-44.61144676";"SPRF-MG";"DEL04-MG";"UOP01-DEL04-MG"
657358;2025-01-25;"sábado";"15:25:00";"RN";304;140,2;"ANGICOS";"Condutor deixou de manter distância do veículo da frente";"Engavetamento";"Sem Vítimas";"Pleno dia";"Crescente";"Nublado";"Simples";"Reta";"Não";3;0;0;0;3;0;0;3;"-5.66657204";"-36.68142801";"SPRF-RN";"DEL04-RN";"UOP01-DEL04-RN"
657362;2025-01-25;"sábado";"22:45:00";"TO";153;389;"RIO DOS BOIS";"Transitar na contramão";"Colisão frontal";"Com Vítimas Feridas";"Plena Noite";"Crescente";"Céu Claro";"Simples";"Reta";"Não";4;0;1;0;2;1;1;3;"-9.32090992";"-48.54216382";"SPRF-TO";"DEL02-TO";"UOP02-DEL02-TO"
657366;2025-01-25;"sábado";"18:00:00";"SC";101;70;"ARAQUARI";"Reação tardia ou ineficiente do condutor";"Tombamento";"Com Vítimas Feridas";"Anoitecer";"Crescente";"Garoa/Chuvisco";"Múltipla";"Reta";"Não";3;0;1;0;1;1;1;3;"-26.51082007";"-48.72345612";"SPRF-SC";"DEL03-SC";"UOP02-DEL03-SC"
657368;2025-01-26;"domingo";"00:42:00";"RS";448;21;"PORTO ALEGRE";"Condutor usando celular";"Colisão traseira";"Com Vítimas Feridas";"Plena Noite";"Crescente";"Céu Claro";"Múltipla";"Reta";"Não";2;0;1;0;1;0;1;2;"-29.96574";"-51.202034";"SPRF-RS";"DEL01-RS";"UOP01-DEL01-RS"
657382;2025-01-26;"domingo";"01:50:00";"AL";104;8;"SAO JOSE DA LAJE";"Velocidade Incompatível";"Saída de leito carroçável";"Com Vítimas Fatais";"Plena Noite";"Crescente";"Garoa/Chuvisco";"Simples";"Curva;Declive";"Não";2;2;0;0;0;0;0;1;"-8.96386265";"-36.02023815";"SPRF-AL";"DEL01-AL";"UOP02-DEL01-AL"
657389;2025-01-26;"domingo";"04:10:00";"PR";376;198,3;"MARIALVA";"Transitar na contramão";"Colisão frontal";"Com Vítimas Feridas";"Pleno dia";"Decrescente";"Nublado";"Dupla";"Reta";"Não";6;0;1;0;1;4;1;3;"-23.4997541";"-51.76663399";"SPRF-PR";"DEL09-PR";"UOP01-DEL09-PR"