"id";"data_inversa";"dia_semana";"horario";"uf";"br";"km";"municipio";"causa_acidente";"tipo_acidente";"classificacao_acidente";"fase_dia";"sentido_via";"condicao_metereologica";"tipo_pista";"tracado_via";"uso_solo";"pessoas";"mortos";"feridos_leves";"feridos_graves";"ilesos";"ignorados";"feridos";"veiculos";"latitude";"longitude";"regional";"delegacia";"uop"
657391;2025-01-26;"domingo";"04:30:00";"RS";386;246,2;"SOLEDADE";"Transitar na contramão";"Colisão transversal";"Com Vítimas Feridas";"Plena Noite";"Crescente";"Céu Claro";"Simples";"Reta";"Sim";2;0;1;0;1;0;1;2;"-28.808382";"-52.502323";"SPRF-RS";"DEL04-RS";"UOP03-DEL04-RS"
657397;2025-01-26;"domingo";"04:00:00";"PI";222;57;"BRASILEIRA";"Ausência de reação do condutor";"Colisão traseira";"Com Vítimas Feridas";"Plena Noite";"Decrescente";"Nublado";"Simples";"Reta";"Não";2;0;1;0;1;0;1;2;"-4.16474682";"-41.65676829";"SPRF-PI";"DEL02-PI";"UOP01-DEL02-PI"
657400;2025-01-26;"domingo";"01:20:00";"MG";365;706;"MONTE ALEGRE DE MINAS";"Velocidade Incompatível";"Tombamento";"Sem Vítimas";"Plena Noite";"Decrescente";"Céu Claro";"Dupla";"Retorno Regulamentado";"Não";2;0;0;0;1;3;0;4;"-18.8789182";"-49.05482003";"SPRF-MG";"DEL15-MG";"UOP03-DEL15-MG"
657401;2025-01-26;"domingo";"05:20:00";"PR";376;592,2;"CURITIBA";"Condutor deixou de manter distância do veículo da frente";"Colisão traseira";"Sem Vítimas";"Amanhecer";"Decrescente";"Nublado";"Dupla";"Reta";"Sim";3;0;0;0;2;2;0;4;"-25.43777559";"-49.3649123";"SPRF-PR";"DEL03-PR";"UOP03-DEL03-PR"
657409;2025-01-25;"sábado";"21:35:00";"MT";158;476;"CANARANA";"Ingestão de álcool pelo condutor";"Saída de leito carroçável";"Com Vítimas Feridas";"Plena Noite";"Crescente";"Céu Claro";"Simples";"Reta";"Não";3;0;1;0;0;3;1;4;"-13.26498978";"-51.97458743";"SPRF-MT";"DEL07-MT";"UOP02-DEL07-MT"
657412;2025-01-26;"domingo";"06:40:00";"MS";163;843;"SONORA";"Condutor Dormindo";"Saída de leito carroçável";"Com Vítimas Feridas";"Amanhecer";"Crescente";"Céu Claro";"Simples";"Reta;Aclive";"Não";2;0;1;0;0;2;1;3;"-17.54609699";"-54.74124217";"SPRF-MS";"DEL06-MS";"UOP01-DEL06-MS"
657414;2025-01-22;"quarta-feira";"08:15:00";"MT";364;463,8;"VARZEA GRANDE";"Condutor deixou de manter distância do veículo da frente";"Colisão traseira";"Com Vítimas Feridas";"Pleno dia";"Decrescente";"Sol";"Simples";"Reta";"Não";3;0;0;1;1;5;1;7;"-15.45097";"-56.32643";"SPRF-MT";"DEL01-MT";"UOP02-DEL01-MT"
657419;2025-01-26;"domingo";"08:56:00";"PA";10;353;"SANTA MARIA DO PARA";"Ultrapassagem Indevida";"Colisão frontal";"Com Vítimas Fatais";"Pleno dia";"Decrescente";"Céu Claro";"Simples";"Reta";"Sim";3;1;0;0;1;1;0;3;"-1.37053441";"-47.56138891";"SPRF-PA";"DEL01-PA";"UOP02-DEL01-PA"
657426;2025-01-26;"domingo";"06:20:00";"MT";163;108;"RONDONOPOLIS";"Reação tardia ou ineficiente do condutor";"Colisão com objeto";"Sem Vítimas";"Pleno dia";"Decrescente";"Céu Claro";"Simples";"Reta";"Não";4;0;0;0;0;5;0;4;"-16.58105817";"-54.68825698";"SPRF-MT";"DEL02-MT";"UOP01-DEL02-MT"
657429;2025-01-22;"quarta-feira";"21:36:00";"MT";163;555,1;"DIAMANTINO";"Reação tardia ou ineficiente do condutor";"Saída de leito carroçável";"Com Vítimas Feridas";"Plena Noite";"Decrescente";"Chuva";"Dupla";"Desvio Temporário";"Não";2;0;1;0;0;1;1;2;"-14.267496";"-56.15044099";"SPRF-MT";"DEL01-MT";"UOP01-DEL01-MT"
657430;2025-01-26;"domingo";"08:50:00";"RS";285;243;"CIRIACO";"Ausência de reação do condutor";"Colisão lateral sentido oposto";"Com Vítimas Feridas";"Pleno dia";"Crescente";"Céu Claro";"Simples";"Reta";"Não";2;0;1;0;1;0;1;2;"-28.265223";"-51.918598";"SPRF-RS";"DEL08-RS";"UOP03-DEL08-RS"
657434;2025-01-26;"domingo";"09:40:00";"PB";101;79,9;"SANTA RITA";"Velocidade Incompatível";"Tombamento";"Com Vítimas Feridas";"Pleno dia";"Crescente";"Céu Claro";"Dupla";"Curva";"Sim";2;0;1;0;0;1;1;2;"-7.11707513";"-34.95004177";"SPRF-PB";"DEL01-PB";"UOP04-DEL01-PB"
657435;2025-01-26;"domingo";"09:00:00";"PA";230;117;"MARABA";"Ingestão de álcool pelo condutor";"Colisão transversal";"Sem Vítimas";"Pleno dia";"Crescente";"Céu Claro";"Dupla";"Reta";"Sim";2;0;0;0;2;0;0;2;"-5.35569904";"-49.09047302";"SPRF-PA";"DEL03-PA";"UOP01-DEL03-PA"
657441;2025-01-26;"domingo";"09:04:00";"MT";364;272;"JACIARA";"Ausência de reação do condutor";"Colisão lateral mesmo sentido";"Com Vítimas Fatais";"Pleno dia";"Crescente";"Sol";"Dupla";"Declive;Reta";"Sim";3;1;0;0;1;3;0;5;"-15.96667987";"-54.96121981";"SPRF-MT";"DEL05-MT";"UOP02-DEL05-MT"
657447;2025-01-26;"domingo";"11:00:00";"PB";101;106,2;"ALHANDRA";"Velocidade Incompatível";"Colisão traseira";"Com Vítimas Feridas";"Pleno dia";"Decrescente";"Céu Claro";"Dupla";"Reta;Aclive";"Não";3;0;1;0;1;1;1;3;"-7.325423";"-34.94693577";"SPRF-PB";"DEL01-PB";"UOP02-DEL01-PB"
657448;2025-01-26;"domingo";"10:00:00";"PR";277;299,2;"PRUDENTOPOLIS";"Acessar a via sem observar a presença dos outros veículos";"Colisão lateral mesmo sentido";"Com Vítimas Feridas";"Pleno dia";"Decrescente";"Céu Claro";"Dupla";"Reta";"Não";6;0;1;0;1;4;1;4;"-25.3142531";"-51.08912399";"SPRF-PR";"DEL08-PR";"UOP01-DEL08-PR"
657451;2025-01-26;"domingo";"09:30:00";"SC";470;185,3;"POUSO REDONDO";"Reação tardia ou ineficiente do condutor";"Tombamento";"Com Vítimas Feridas";"Pleno dia";"Decrescente";"Céu Claro";"Simples";"Curva";"Não";3;0;0;1;0;2;1;3;"-27.254034";"-50.036575";"SPRF-SC";"DEL04-SC";"UOP02-DEL04-SC"
657454;2025-01-26;"domingo";"11:10:00";"MG";40;524;"CONTAGEM";"Transitar no Acostamento";"Colisão traseira";"Com Vítimas Feridas";"Pleno dia";"Decrescente";"Céu Claro";"Dupla";"Curva";"Sim";2;0;0;1;1;0;1;2;"-19.8754469";"-44.05345586";"SPRF-MG";"DEL01-MG";"UOP02-DEL01-MG"
657456;2025-01-26;"domingo";"12:25:00";"BA";324;594;"CANDEIAS";"Ausência de reação do condutor";"Colisão traseira";"Com Vítimas Feridas";"Pleno dia";"Crescente";"Céu Claro";"Dupla";"Reta";"Não";9;0;4;2;2;1;6;3;"-12.70742041";"-38.46251062";"SPRF-BA";"DEL01-BA";"UOP01-DEL01-BA"
657459;2025-01-26;"domingo";"11:15:00";"MG";116;385,2;"MATHIAS LOBATO";"Ausência de reação do condutor";"Colisão lateral sentido oposto";"Com Vítimas Fatais";"Pleno dia";"Decrescente";"Céu Claro";"Simples";"Curva";"Não";10;3;3;3;0;1;6;4;"-18.6633058";"-41.97668625";"SPRF-MG";"DEL06-MG";"UOP01-DEL06-MG"
657463;2025-01-26;"domingo";"07:10:00";"BA";242;493;"OLIVEIRA DOS BREJINHOS";"Velocidade Incompatível";"Tombamento";"Com Vítimas Feridas";"Pleno dia";"Crescente";"Céu Claro";"Simples";"Curva";"Não";2;0;0;1;0;2;1;3;"-12.39898";"-42.39651";"SPRF-BA";"DEL06-BA";"UOP01-DEL06-BA"
657467;2025-01-26;"domingo";"12:30:00";"SC";101;232,5;"PALHOCA";"Reação tardia ou ineficiente do condutor";"Colisão traseira";"Com Vítimas Feridas";"Pleno dia";"Crescente";"Garoa/Chuvisco";"Dupla";"Aclive;Curva";"Não";7;0;1;0;6;0;1;2;"-27.795666";"-48.638153";"SPRF-SC";"DEL01-SC";"UOP02-DEL01-SC"
657468;2025-01-26;"domingo";"13:20:00";"RJ";101;428;"MANGARATIBA";"Desrespeitar a preferência no cruzamento";"Colisão transversal";"Com Vítimas Feridas";"Pleno dia";"Crescente";"Céu Claro";"Dupla";"Retorno Regulamentado;Interseção de Vias";"Sim";8;0;3;0;5;0;3;3;"-22.93391858";"-43.9899979";"SPRF-RJ";"DEL03-RJ";"UOP02-DEL03-RJ"
657476;2025-01-26;"domingo";"09:25:00";"SC";101;298;"LAGUNA";"Condutor deixou de manter distância do veículo da frente";"Colisão com objeto";"Com Vítimas Feridas";"Pleno dia";"Decrescente";"Céu Claro";"Dupla";"Reta";"Não";1;0;1;0;0;0;1;1;"-28.32102597";"-48.72829906";"SPRF-SC";"DEL02-SC";"UOP03-DEL02-SC"
657478;2025-01-26;"domingo";"14:20:00";"MG";381;424,9;"CAETE";"Ausência de reação do condutor";"Colisão com objeto";"Com Vítimas Feridas";"Pleno dia";"Decrescente";"Céu Claro";"Dupla";"Curva";"Sim";3;0;0;1;0;2;1;3;"-19.78303559";"-43.66513756";"SPRF-MG";"DEL01-MG";"UOP01-DEL01-MG"
657482;2025-01-26;"domingo";"14:10:00";"SP";116;314;"SAO LOURENCO DA SERRA";"Pista Escorregadia";"Colisão traseira";"Com Vítimas Feridas";"Pleno dia";"Decrescente";"Chuva";"Dupla";"Curva";"Sim";4;0;1;0;2;1;1;3;"-23.89562822";"-46.98556063";"SPRF-SP";"DEL04-SP";"UOP01-DEL04-SP"
657493;2025-01-26;"domingo";"14:27:00";"RO";364;710;"PORTO VELHO";"Entrada inopinada do pedestre";"Atropelamento de Pedestre";"Com Vítimas Feridas";"Pleno dia";"Crescente";"Nublado";"Dupla";"Reta";"Sim";4;0;0;1;1;3;1;5;"-8.78621576";"-63.85712687";"SPRF-RO";"DEL01-RO";"UOP01-DEL01-RO"
657502;2025-01-26;"domingo";"15:07:00";"CE";116;547;"PENAFORTE";"Manobra de mudança de faixa";"Colisão lateral mesmo sentido";"Com Vítimas Feridas";"Pleno dia";"Decrescente";"Céu Claro";"Simples";"Reta";"Não";7;0;2;0;4;1;2;3;"-7.82040438";"-39.0865509";"SPRF-CE";"DEL05-CE";"UOP03-DEL05-CE"
657503;2025-01-26;"domingo";"15:20:00";"PR";277;135;"CAMPO LARGO";"Ausência de reação do condutor";"Colisão traseira";"Sem Vítimas";"Pleno dia";"Decrescente";"Nublado";"Simples";"Curva";"Não";3;0;0;0;2;1;0;3;"-25.47";"-49.599";"SPRF-PR";"DEL03-PR";"UOP03-DEL03-PR"
657508;2025-01-26;"domingo";"16:00:00";"MG";381;915,8;"CAMANDUCAIA";"Reação tardia ou ineficiente do condutor";"Colisão lateral mesmo sentido";"Com Vítimas Feridas";"Pleno dia";"Decrescente";"Chuva";"Dupla";"Reta";"Não";4;0;1;1;1;1;2;3;"-22.76087082";"-46.16278597";"SPRF-MG";"DEL16-MG";"UOP03-DEL16-MG"
657510;2025-01-26;"domingo";"13:30:00";"MG";116;148,9;"PONTO DOS VOLANTES";"Transitar na contramão";"Colisão frontal";"Com Vítimas Fatais";"Pleno dia";"Decrescente";"Céu Claro";"Simples";"Curva;Declive";"Não";6;1;0;3;1;1;3;3;"-16.83568806";"-41.47878089";"SPRF-MG";"DEL11-MG";"UOP02-DEL11-MG"
657515;2025-01-26;"domingo";"17:50:00";"SP";116;68,5;"APARECIDA";"Condutor Dormindo";"Colisão lateral mesmo sentido";"Com Vítimas Feridas";"Pleno dia";"Crescente";"Garoa/Chuvisco";"Dupla";"Reta";"Não";5;0;1;0;3;1;1;3;"-22.83354783";"-45.21713313";"SPRF-SP";"DEL08-SP";"UOP01-DEL08-SP"
657522;2025-01-26;"domingo";"17:20:00";"RJ";116;196;"QUEIMADOS";"Reação tardia ou ineficiente do condutor";"Colisão traseira";"Com Vítimas Feridas";"Anoitecer";"Decrescente";"Garoa/Chuvisco";"Dupla";"Curva";"Sim";8;0;4;0;3;1;4;3;"-22.73336575";"-43.55659479";"SPRF-RJ";"DEL06-RJ";"UOP01-DEL06-RJ"
657524;2025-01-26;"domingo";"17:00:00";"MS";262;311;"CAMPO GRANDE";"Ingestão de álcool pelo condutor";"Colisão lateral sentido oposto";"Sem Vítimas";"Pleno dia";"Decrescente";"Céu Claro";"Simples";"Reta";"Não";3;0;0;0;2;3;0;5;"-20.47415591";"-54.39129199";"SPRF-MS";"DEL01-MS";"UOP01-DEL01-MS"
657527;2025-01-26;"domingo";"15:30:00";"RJ";40;92;"PETROPOLIS";"Reação tardia ou ineficiente do condutor";"Tombamento";"Com Vítimas Feridas";"Pleno dia";"Crescente";"Chuva";"Simples";"Curva;Declive";"Não";2;0;1;0;1;0;1;1;"-22.55191954";"-43.25068815";"SPRF-RJ";"DEL01-RJ";"UOP01-DEL01-RJ"
657532;2025-01-26;"domingo";"03:30:00";"BA";407;227;"CAPIM GROSSO";"Ausência de reação do condutor";"Colisão traseira";"Com Vítimas Feridas";"Plena Noite";"Decrescente";"Garoa/Chuvisco";"Simples";"Reta";"Sim";2;0;0;1;0;1;1;2;"-11.33058004";"-40.01665726";"SPRF-BA";"DEL04-BA";"UOP02-DEL04-BA"
657536;2025-01-26;"domingo";"18:39:00";"GO";20;11;"FORMOSA";"Reação tardia ou ineficiente do condutor";"Colisão frontal";"Com Vítimas Feridas";"Pleno dia";"Crescente";"Céu Claro";"Simples";"Reta";"Não";4;0;0;2;1;1;2;3;"-15.562011";"-47.257778";"SPRF-DF";"DEL02-DF";"UOP02-DEL02-DF"
657539;2025-01-26;"domingo";"15:45:00";"GO";70;320;"JUSSARA";"Acumulo de água sobre o pavimento";"Colisão lateral sentido oposto";"Com Vítimas Fatais";"Pleno dia";"Crescente";"Chuva";"Simples";"Declive;Ponte;Curva";"Sim";7;1;1;2;1;2;3;4;"-15.87794115";"-50.88363469";"SPRF-GO";"DEL04-GO";"UOP02-DEL04-GO"
657545;2025-01-26;"domingo";"19:00:00";"MG";381;515,9;"IGARAPE";"Velocidade Incompatível";"Saída de leito carroçável";"Com Vítimas Feridas";"Plena Noite";"Decrescente";"Nublado";"Dupla";"Curva;Declive";"Não";4;0;3;1;0;0;4;1;"-20.09734";"-44.3159";"SPRF-MG";"DEL01-MG";"UOP03-DEL01-MG"
657550;2025-01-26;"domingo";"17:46:00";"MA";10;294,1;"IMPERATRIZ";"Transitar na contramão";"Colisão frontal";"Com Vítimas Fatais";"Pleno dia";"Crescente";"Céu Claro";"Simples";"Reta";"Não";3;1;1;0;0;1;1;3;"-5.165295";"-47.534004";"SPRF-MA";"DEL04-MA";"UOP01-DEL04-MA"
657557;2025-01-26;"domingo";"19:27:00";"MG";365;637;"UBERLANDIA";"Reação tardia ou ineficiente do condutor";"Tombamento";"Com Vítimas Feridas";"Plena Noite";"Crescente";"Chuva";"Dupla";"Declive";"Não";8;0;6;0;0;2;6;4;"-18.889801";"-48.43735";"SPRF-MG";"DEL15-MG";"UOP01-DEL15-MG"
657558;2025-01-26;"domingo";"20:20:00";"MG";381;516,1;"IGARAPE";"Velocidade Incompatível";"Colisão lateral mesmo sentido";"Com Vítimas Feridas";"Plena Noite";"Decrescente";"Céu Claro";"Dupla";"Reta;Declive";"Não";5;0;1;0;3;1;1;4;"-20.10866993";"-44.31488799";"SPRF-MG";"DEL01-MG";"UOP03-DEL01-MG"
657574;2025-01-26;"domingo";"20:50:00";"RS";153;50;"ERECHIM";"Retorno proibido";"Colisão transversal";"Sem Vítimas";"Plena Noite";"Decrescente";"Céu Claro";"Simples";"Reta;Interseção de Vias";"Sim";4;0;0;0;4;0;0;3;"-27.65623359";"-52.27554709";"SPRF-RS";"DEL08-RS";"UOP04-DEL08-RS"
657585;2025-01-26;"domingo";"21:30:00";"MG";40;462;"SETE LAGOAS";"Chuva";"Saída de leito carroçável";"Com Vítimas Feridas";"Plena Noite";"Crescente";"Chuva";"Dupla";"Declive";"Não";2;0;1;0;0;1;1;2;"-19.4136917";"-44.33879427";"SPRF-MG";"DEL02-MG";"UOP01-DEL02-MG"
657587;2025-01-26;"domingo";"19:15:00";"RS";116;70,5;"CAMPESTRE DA SERRA";"Acessar a via sem observar a presença dos outros veículos";"Colisão traseira";"Sem Vítimas";"Anoitecer";"Decrescente";"Céu Claro";"Simples";"Reta";"Não";3;0;0;0;1;2;0;3;"-28.71784397";"-51.08742966";"SPRF-RS";"DEL05-RS";"UOP03-DEL05-RS"
657589;2025-01-26;"domingo";"19:00:00";"MG";381;586,3;"CARMOPOLIS DE MINAS";"Reação tardia ou ineficiente do condutor";"Colisão lateral mesmo sentido";"Com Vítimas Feridas";"Plena Noite";"Crescente";"Chuva";"Dupla";"Curva";"Sim";3;0;1;0;1;2;1;4;"-20.54431144";"-44.64751868";"SPRF-MG";"DEL04-MG";"UOP01-DEL04-MG"
657592;2025-01-26;"domingo";"08:40:00";"MT";364;1;"ALTO ARAGUAIA";"Demais falhas mecânicas ou elétricas";"Incêndio";"Sem Vítimas";"Pleno dia";"Decrescente";"Céu Claro";"Dupla";"Reta";"Sim";3;0;0;0;1;2;0;3;"-17.31227325";"-53.21828343";"SPRF-MT";"DEL02-MT";"UOP02-DEL02-MT"
657594;2025-01-26;"domingo";"23:25:00";"SP";116;496;"CAJATI";"Ausência de reação do condutor";"Colisão lateral mesmo sentido";"Com Vítimas Feridas";"Plena Noite";"Decrescente";"Chuva";"Dupla";"Reta";"Não";2;0;1;0;1;0;1;2;"-24.75945513";"-48.16458078";"SPRF-SP";"DEL05-SP";"UOP01-DEL05-SP"
657605;2025-01-27;"segunda-feira";"00:50:00";"SC";282;340;"CAMPOS NOVOS";"Ingestão de álcool pelo condutor";"Colisão lateral sentido oposto";"Com Vítimas Feridas";"Plena Noite";"Decrescente";"Céu Claro";"Simples";"Reta";"Não";3;0;1;0;1;1;1;2;"-27.388266";"-51.203793";"SPRF-SC";"DEL07-SC";"UOP06-DEL07-SC"
657610;2025-01-27;"segunda-feira";"02:30:00";"PR";277;338;"GUARAPUAVA";"Ausência de reação do condutor";"Colisão traseira";"Com Vítimas Fatais";"Plena Noite";"Crescente";"Chuva";"Múltipla";"Reta";"Sim";5;1;0;0;3;1;0;3;"-25.339917";"-51.430278";"SPRF-PR";"DEL08-PR";"UOP01-DEL08-PR"
657613;2025-01-27;"segunda-feira";"03:00:00";"AL";101;179,4;"JUNQUEIRO";"Transitar na contramão";"Colisão frontal";"Com Vítimas Fatais";"Plena Noite";"Decrescente";"Céu Claro";"Dupla";"Reta;Declive";"Não";2;1;0;0;0;1;0;2;"-9.88842574";"-36.39977803";"SPRF-AL";"DEL02-AL";"UOP02-DEL02-AL"
657619;2025-01-27;"segunda-feira";"05:08:00";"PB";230;145;"CAMPINA GRANDE";"Conversão proibida";"Colisão transversal";"Com Vítimas Feridas";"Amanhecer";"Decrescente";"Nublado";"Dupla";"Aclive;Reta";"Sim";6;0;2;2;2;0;4;2;"-7.2512";"-35.8399";"SPRF-PB";"DEL02-PB";"UOP01-DEL02-PB"
657623;2025-01-27;"segunda-feira";"04:00:00";"SP";116;545;"BARRA DO TURVO";"Reação tardia ou ineficiente do condutor";"Colisão com objeto";"Com Vítimas Feridas";"Plena Noite";"Crescente";"Nublado";"Simples";"Curva;Declive";"Não";2;0;1;0;0;1;1;2;"-24.97035013";"-48.49691597";"SPRF-SP";"DEL05-SP";"UOP02-DEL05-SP"
657625;2025-01-27;"segunda-feira";"06:05:00";"PE";101;54,4;"PAULISTA";"Velocidade Incompatível";"Tombamento";"Com Vítimas Feridas";"Pleno dia";"Decrescente";"Nublado";"Múltipla";"Reta";"Sim";3;0;1;0;2;0;1;3;"-7.94575087";"-34.90439057";"SPRF-PE";"DEL01-PE";"UOP02-DEL01-PE"
657627;2025-01-27;"segunda-feira";"06:30:00";"MG";116;276;"TEOFILO OTONI";"Reação tardia ou ineficiente do condutor";"Colisão lateral mesmo sentido";"Com Vítimas Feridas";"Pleno dia";"Decrescente";"Céu Claro";"Dupla";"Curva";"Sim";3;0;2;0;1;0;2;2;"-17.85105696";"-41.51454492";"SPRF-MG";"DEL11-MG";"UOP01-DEL11-MG"
657633;2025-01-27;"segunda-feira";"00:30:00";"BA";242;477;"IBITIARA";"Ausência de reação do condutor";"Colisão com objeto";"Com Vítimas Feridas";"Plena Noite";"Crescente";"Céu Claro";"Simples";"Reta;Aclive";"Não";8;0;5;1;1;2;6;5;"-12.47317295";"-42.2897659";"SPRF-BA";"DEL06-BA";"UOP01-DEL06-BA"
657637;2025-01-27;"segunda-feira";"06:49:00";"PR";369;184,8;"ARAPONGAS";"Desrespeitar a preferência no cruzamento";"Colisão transversal";"Com Vítimas Fatais";"Pleno dia";"Decrescente";"Nublado";"Simples";"Reta;Interseção de Vias";"Sim";3;1;0;0;1;1;0;3;"-23.4055189";"-51.42840207";"SPRF-PR";"DEL07-PR";"UOP03-DEL07-PR"
657638;2025-01-27;"segunda-feira";"01:00:00";"MT";364;349;"SANTO ANTONIO DO LEVERGER";"Reação tardia ou ineficiente do condutor";"Tombamento";"Sem Vítimas";"Plena Noite";"Crescente";"Céu Claro";"Dupla";"Curva";"Não";1;0;0;0;0;1;0;1;"-15.80502622";"-55.5546431";"SPRF-MT";"DEL05-MT";"UOP02-DEL05-MT"
657643;2025-01-27;"segunda-feira";"06:30:00";"RJ";116;293;"BARRA MANSA";"Demais falhas na via";"Tombamento";"Com Vítimas Feridas";"Pleno dia";"Decrescente";"Nublado";"Dupla";"Reta";"Não";2;0;1;0;0;1;1;2;"-22.45745983";"-44.29161274";"SPRF-RJ";"DEL07-RJ";"UOP02-DEL07-RJ"
657645;2025-01-27;"segunda-feira";"07:35:00";"SC";101;119;"ITAJAI";"Trafegar com motocicleta (ou similar) entre as faixas";"Colisão lateral mesmo sentido";"Com Vítimas Feridas";"Pleno dia";"Crescente";"Céu Claro";"Dupla";"Reta";"Sim";4;0;1;0;1;4;1;6;"-26.9043179";"-48.71555481";"SPRF-SC";"DEL04-SC";"UOP04-DEL04-SC"
657646;2025-01-27;"segunda-feira";"07:53:00";"BA";324;621;"SALVADOR";"Acesso irregular";"Colisão lateral mesmo sentido";"Sem Vítimas";"Pleno dia";"Crescente";"Céu Claro";"Dupla";"Reta";"Não";2;0;0;0;2;0;0;2;"-12.91233708";"-38.45956983";"SPRF-BA";"DEL01-BA";"UOP01-DEL01-BA"
657656;2025-01-27;"segunda-feira";"06:50:00";"BA";324;420;"RIACHAO DO JACUIPE";"Pedestre cruzava a pista fora da faixa";"Atropelamento de Pedestre";"Com Vítimas Feridas";"Pleno dia";"Decrescente";"Céu Claro";"Simples";"Reta";"Não";2;0;1;0;1;0;1;2;"-11.70700787";"-39.52362288";"SPRF-BA";"DEL04-BA";"UOP02-DEL04-BA"
657659;2025-01-27;"segunda-feira";"09:38:00";"MG";40;526,9;"CONTAGEM";"Manobra de mudança de faixa";"Colisão lateral mesmo sentido";"Sem Vítimas";"Pleno dia";"Decrescente";"Céu Claro";"Dupla";"Aclive";"Não";6;0;0;0;5;1;0;4;"-19.89255399";"-44.04985478";"SPRF-MG";"DEL01-MG";"UOP02-DEL01-MG"
657671;2025-01-27;"segunda-feira";"09:40:00";"RS";290;365,7;"VILA NOVA DO SUL";"Reação tardia ou ineficiente do condutor";"Tombamento";"Com Vítimas Feridas";"Pleno dia";"Crescente";"Céu Claro";"Simples";"Reta";"Não";3;0;0;1;0;2;1;3;"-30.360786";"-53.817539";"SPRF-RS";"DEL09-RS";"UOP02-DEL09-RS"
657673;2025-01-27;"segunda-feira";"07:45:00";"CE";116;494,4;"MILAGRES";"Acessar a via sem observar a presença dos outros veículos";"Colisão transversal";"Com Vítimas Feridas";"Pleno dia";"Crescente";"Céu Claro";"Simples";"Reta;Interseção de Vias;Declive";"Não";4;0;0;1;1;2;1;3;"-7.39283437";"-38.96067552";"SPRF-CE";"DEL05-CE";"UOP03-DEL05-CE"
657681;2025-01-27;"segunda-feira";"10:25:00";"MG";381;889;"CAMBUI";"Velocidade Incompatível";"Saída de leito carroçável";"Com Vítimas Feridas";"Pleno dia";"Crescente";"Céu Claro";"Dupla";"Curva";"Não";2;0;1;0;0;1;1;2;"-22.57874206";"-46.04473491";"SPRF-MG";"DEL16-MG";"UOP01-DEL16-MG"
657696;2025-01-27;"segunda-feira";"11:10:00";"SC";280;26;"ARAQUARI";"Manobra de mudança de faixa";"Colisão traseira";"Sem Vítimas";"Pleno dia";"Crescente";"Céu Claro";"Simples";"Reta";"Não";4;0;0;0;3;1;0;3;"-26.38972308";"-48.73411593";"SPRF-SC";"DEL03-SC";"UOP03-DEL03-SC"
657697;2025-01-27;"segunda-feira";"13:40:00";"PR";116;2;"CAMPINA GRANDE DO SUL";"Reação tardia ou ineficiente do condutor";"Colisão transversal";"Com Vítimas Feridas";"Pleno dia";"Crescente";"Céu Claro";"Dupla";"Reta";"Não";2;0;0;1;1;0;1;2;"-25.3562";"-49.0677";"SPRF-PR";"DEL01-PR";"UOP02-DEL01-PR"
657703;2025-01-27;"segunda-feira";"14:05:00";"AL";316;228;"ATALAIA";"Velocidade Incompatível";"Colisão lateral sentido oposto";"Com Vítimas Feridas";"Pleno dia";"Crescente";"Chuva";"Simples";"Curva";"Não";5;0;0;1;4;0;1;3;"-9.49417338";"-36.13686798";"SPRF-AL";"DEL01-AL";"UOP01-DEL01-AL"
657704;2025-01-27;"segunda-feira";"13:40:00";"RS";158;444,7;"ROSARIO DO SUL";"Velocidade Incompatível";"Tombamento";"Com Vítimas Feridas";"Pleno dia";"Decrescente";"Céu Claro";"Simples";"Rotatória";"Não";2;0;1;0;0;1;1;2;"-30.22973447";"-54.7298776";"SPRF-RS";"DEL11-RS";"UOP02-DEL11-RS"
657705;2025-01-14;"terça-feira";"21:54:00";"CE";222;221;"SOBRAL";"Condutor deixou de manter distância do veículo da frente";"Colisão traseira";"Com Vítimas Feridas";"Plena Noite";"Decrescente";"Chuva";"Simples";"Reta";"Sim";2;0;1;0;1;0;1;2;"-3.72703784";"-40.32233965";"SPRF-CE";"DEL04-CE";"UOP01-DEL04-CE"
657708;2025-01-27;"segunda-feira";"13:50:00";"SC";116;212;"CORREIA PINTO";"Reação tardia ou ineficiente do condutor";"Tombamento";"Com Vítimas Feridas";"Pleno dia";"Decrescente";"Céu Claro";"Simples";"Curva";"Não";2;0;1;0;0;1;1;2;"-27.51804376";"-50.36466561";"SPRF-SC";"DEL05-SC";"UOP03-DEL05-SC"
657714;2025-01-27;"segunda-feira";"14:30:00";"SC";101;134,3;"BALNEARIO CAMBORIU";"Demais falhas mecânicas ou elétricas";"Incêndio";"Sem Vítimas";"Pleno dia";"Decrescente";"Nublado";"Dupla";"Reta";"Sim";2;0;0;0;1;1;0;2;"-27.00218";"-48.636433";"SPRF-SC";"DEL04-SC";"UOP03-DEL04-SC"
657723;2025-01-27;"segunda-feira";"15:30:00";"PR";277;2,8;"PARANAGUA";"Acessar a via sem observar a presença dos outros veículos";"Colisão lateral mesmo sentido";"Com Vítimas Feridas";"Pleno dia";"Crescente";"Céu Claro";"Simples";"Interseção de Vias;Reta";"Sim";3;0;1;0;1;2;1;4;"-25.568198";"-48.615292";"SPRF-PR";"DEL01-PR";"UOP05-DEL01-PR"
657725;2025-01-27;"segunda-feira";"14:22:00";"AL";101;171;"TEOTONIO VILELA";"Ausência de reação do condutor";"Colisão traseira";"Com Vítimas Fatais";"Pleno dia";"Crescente";"Céu Claro";"Dupla";"Curva;Declive";"Sim";3;1;0;0;1;2;0;4;"-9.90913698";"-36.33473799";"SPRF-AL";"DEL02-AL";"UOP02-DEL02-AL"