"id";"data_inversa";"dia_semana";"horario";"uf";"br";"km";"municipio";"causa_acidente";"tipo_acidente";"classificacao_acidente";"fase_dia";"sentido_via";"condicao_metereologica";"tipo_pista";"tracado_via";"uso_solo";"pessoas";"mortos";"feridos_leves";"feridos_graves";"ilesos";"ignorados";"feridos";"veiculos";"latitude";"longitude";"regional";"delegacia";"uop"
658252;2025-01-30;"quinta-feira";"11:30:00";"PR";116;115;"CURITIBA";"Reação tardia ou ineficiente do condutor";"Tombamento";"Com Vítimas Feridas";"Pleno dia";"Decrescente";"Céu Claro";"Múltipla";"Curva;Declive";"Sim";2;0;1;0;0;1;1;2;"-25.545275";"-49.299917";"SPRF-PR";"DEL01-PR";"UOP03-DEL01-PR"
658255;2025-01-30;"quinta-feira";"16:10:00";"MG";116;276;"TEOFILO OTONI";"Manobra de mudança de faixa";"Colisão lateral mesmo sentido";"Com Vítimas Feridas";"Pleno dia";"Crescente";"Nublado";"Dupla";"Curva;Rotatória";"Sim";2;0;1;0;1;0;1;2;"-17.85105696";"-41.51454492";"SPRF-MG";"DEL11-MG";"UOP01-DEL11-MG"
658261;2025-01-30;"quinta-feira";"16:10:00";"SP";116;20,3;"LAVRINHAS";"Demais falhas mecânicas ou elétricas";"Colisão traseira";"Com Vítimas Feridas";"Pleno dia";"Decrescente";"Nublado";"Dupla";"Curva";"Não";3;0;1;0;1;2;1;4;"-22.57232099";"-44.86495105";"SPRF-SP";"DEL08-SP";"UOP02-DEL08-SP"
658262;2025-01-30;"quinta-feira";"15:35:00";"PR";476;145;"CURITIBA";"Reação tardia ou ineficiente do condutor";"Colisão traseira";"Com Vítimas Feridas";"Pleno dia";"Decrescente";"Céu Claro";"Dupla";"Reta;Aclive";"Sim";3;0;0;1;1;1;1;3;"-25.5499628";"-49.3269815";"SPRF-PR";"DEL01-PR";"UOP06-DEL01-PR"
658268;2025-01-30;"quinta-feira";"14:00:00";"PR";277;226,8;"TEIXEIRA SOARES";"Ausência de sinalização";"Colisão traseira";"Sem Vítimas";"Pleno dia";"Decrescente";"Céu Claro";"Simples";"Em Obras;Curva";"Não";4;0;0;0;3;2;0;4;"-25.45787055";"-50.43363476";"SPRF-PR";"DEL08-PR";"UOP02-DEL08-PR"
658269;2025-01-30;"quinta-feira";"17:28:00";"AL";101;74,5;"MESSIAS";"Manobra de mudança de faixa";"Colisão lateral mesmo sentido";"Com Vítimas Feridas";"Pleno dia";"Decrescente";"Céu Claro";"Dupla";"Curva";"Sim";3;0;1;0;1;1;1;3;"-9.395538";"-35.8387";"SPRF-AL";"DEL01-AL";"UOP01-DEL01-AL"
658275;2025-01-30;"quinta-feira";"17:15:00";"SC";101;42,1;"JOINVILLE";"Trafegar com motocicleta (ou similar) entre as faixas";"Colisão traseira";"Com Vítimas Feridas";"Pleno dia";"Decrescente";"Nublado";"Dupla";"Reta";"Sim";4;0;1;0;2;1;1;4;"-26.29251598";"-48.88474385";"SPRF-SC";"DEL03-SC";"UOP01-DEL03-SC"
658276;2025-01-30;"quinta-feira";"15:50:00";"MG";40;529,8;"CONTAGEM";"Chuva";"Colisão com objeto";"Com Vítimas Feridas";"Pleno dia";"Crescente";"Chuva";"Dupla";"Curva";"Sim";1;0;1;0;0;0;1;1;"-19.92064782";"-44.0335681";"SPRF-MG";"DEL01-MG";"UOP02-DEL01-MG"
658277;2025-01-30;"quinta-feira";"17:00:00";"SP";116;163,6;"JACAREI";"Demais falhas mecânicas ou elétricas";"Colisão traseira";"Sem Vítimas";"Pleno dia";"Decrescente";"Chuva";"Dupla";"Reta";"Não";2;0;0;0;2;0;0;2;"-23.28649584";"-45.9919851";"SPRF-SP";"DEL02-SP";"UOP01-DEL02-SP"
658283;2025-01-30;"quinta-feira";"16:30:00";"MG";116;698,2;"MURIAE";"Velocidade Incompatível";"Tombamento";"Com Vítimas Feridas";"Pleno dia";"Decrescente";"Sol";"Simples";"Curva;Declive";"Não";4;0;2;0;1;2;2;4;"-21.09085016";"-42.37310442";"SPRF-MG";"DEL07-MG";"UOP02-DEL07-MG"
658291;2025-01-30;"quinta-feira";"18:10:00";"PR";373;181;"PONTA GROSSA";"Acessar a via sem observar a presença dos outros veículos";"Colisão frontal";"Sem Vítimas";"Anoitecer";"Decrescente";"Chuva";"Dupla";"Reta";"Sim";2;0;0;0;2;0;0;2;"-25.04266233";"-50.25791089";"SPRF-PR";"DEL03-PR";"UOP01-DEL03-PR"
658292;2025-01-30;"quinta-feira";"18:30:00";"RS";158;332;"SANTA MARIA";"Reação tardia ou ineficiente do condutor";"Saída de leito carroçável";"Com Vítimas Feridas";"Anoitecer";"Crescente";"Nublado";"Dupla";"Reta";"Sim";3;0;1;0;1;1;1;3;"-29.70455526";"-53.84562677";"SPRF-RS";"DEL09-RS";"UOP01-DEL09-RS"
658293;2025-01-30;"quinta-feira";"18:00:00";"SC";101;112;"ITAJAI";"Trafegar com motocicleta (ou similar) entre as faixas";"Colisão lateral mesmo sentido";"Com Vítimas Feridas";"Pleno dia";"Decrescente";"Céu Claro";"Dupla";"Reta;Ponte";"Sim";4;0;1;0;1;2;1;4;"-26.84589005";"-48.72131295";"SPRF-SC";"DEL04-SC";"UOP04-DEL04-SC"
658294;2025-01-30;"quinta-feira";"18:25:00";"MT";163;1067;"GUARANTA DO NORTE";"Reação tardia ou ineficiente do condutor";"Saída de leito carroçável";"Sem Vítimas";"Anoitecer";"Decrescente";"Nublado";"Simples";"Reta";"Não";2;0;0;0;1;1;0;2;"-10.06966899";"-54.90642513";"SPRF-MT";"DEL06-MT";"UOP03-DEL06-MT"
658305;2025-01-30;"quinta-feira";"21:50:00";"RN";101;85;"NATAL";"Reação tardia ou ineficiente do condutor";"Colisão lateral mesmo sentido";"Com Vítimas Feridas";"Plena Noite";"Crescente";"Céu Claro";"Simples";"Reta";"Sim";2;0;1;0;1;0;1;2;"-5.777664";"-35.24937";"SPRF-RN";"DEL02-RN";"UOP01-DEL02-RN"
658306;2025-01-30;"quinta-feira";"21:00:00";"TO";153;758,8;"ALVORADA";"Acessar a via sem observar a presença dos outros veículos";"Colisão transversal";"Com Vítimas Feridas";"Plena Noite";"Crescente";"Nublado";"Simples";"Reta";"Sim";2;0;0;1;1;0;1;2;"-12.45418101";"-49.11937505";"SPRF-TO";"DEL01-TO";"UOP02-DEL01-TO"
658307;2025-01-30;"quinta-feira";"20:00:00";"MT";364;397;"CUIABA";"Acumulo de água sobre o pavimento";"Saída de leito carroçável";"Com Vítimas Feridas";"Plena Noite";"Crescente";"Chuva";"Dupla";"Reta";"Não";1;0;1;0;0;0;1;1;"-15.68642489";"-55.91347495";"SPRF-MT";"DEL01-MT";"UOP02-DEL01-MT"
658312;2025-01-30;"quinta-feira";"23:20:00";"SP";116;324,6;"JUQUITIBA";"Reação tardia ou ineficiente do condutor";"Colisão traseira";"Com Vítimas Feridas";"Plena Noite";"Decrescente";"Chuva";"Dupla";"Reta";"Sim";5;0;1;1;1;2;2;4;"-23.94029914";"-47.04398301";"SPRF-SP";"DEL04-SP";"UOP03-DEL04-SP"
658313;2025-01-30;"quinta-feira";"23:20:00";"SP";116;414;"JUQUIA";"Acessar a via sem observar a presença dos outros veículos";"Colisão lateral mesmo sentido";"Com Vítimas Feridas";"Plena Noite";"Crescente";"Garoa/Chuvisco";"Dupla";"Reta";"Não";3;0;1;0;1;1;1;3;"-24.33164";"-47.632774";"SPRF-SP";"DEL05-SP";"UOP01-DEL05-SP"
658314;2025-01-29;"quarta-feira";"03:45:00";"RJ";101;115;"CAMPOS DOS GOYTACAZES";"Ausência de reação do condutor";"Colisão traseira";"Com Vítimas Feridas";"Plena Noite";"Decrescente";"Céu Claro";"Dupla";"Curva";"Não";2;0;0;1;1;0;1;2;"-21.99406996";"-41.66375867";"SPRF-RJ";"DEL08-RJ";"UOP02-DEL08-RJ"
658316;2025-01-31;"sexta-feira";"00:10:00";"PR";476;192;"LAPA";"Velocidade Incompatível";"Colisão frontal";"Com Vítimas Fatais";"Plena Noite";"Crescente";"Chuva";"Simples";"Declive;Curva";"Não";3;1;0;0;1;1;0;3;"-25.731652";"-49.704011";"SPRF-PR";"DEL01-PR";"UOP06-DEL01-PR"
658320;2025-01-31;"sexta-feira";"00:01:00";"MG";40;440,7;"PARAOPEBA";"Ausência de reação do condutor";"Colisão traseira";"Com Vítimas Feridas";"Plena Noite";"Decrescente";"Nublado";"Dupla";"Reta";"Não";3;0;1;0;1;4;1;6;"-19.23100428";"-44.43562244";"SPRF-MG";"DEL02-MG";"UOP01-DEL02-MG"
658325;2025-01-31;"sexta-feira";"02:00:00";"AM";174;1024;"PRESIDENTE FIGUEIREDO";"Condutor Dormindo";"Saída de leito carroçável";"Sem Vítimas";"Plena Noite";"Decrescente";"Céu Claro";"Simples";"Curva";"Não";1;0;0;0;1;0;0;1;"-1.79753987";"-60.14461348";"SPRF-AM";"DEL01-AM";"UOP02-DEL01-AM"
658326;2025-01-31;"sexta-feira";"03:40:00";"GO";60;68;"ABADIANIA";"Ingestão de álcool pelo condutor";"Saída de leito carroçável";"Sem Vítimas";"Plena Noite";"Crescente";"Céu Claro";"Dupla";"Reta";"Sim";1;0;0;0;1;0;0;1;"-16.2381207";"-48.75987768";"SPRF-GO";"DEL02-GO";"UOP01-DEL02-GO"
658330;2025-01-30;"quinta-feira";"23:30:00";"MG";251;290,1;"SALINAS";"Ausência de reação do condutor";"Engavetamento";"Com Vítimas Feridas";"Plena Noite";"Decrescente";"Céu Claro";"Simples";"Reta;Aclive";"Não";19;0;1;0;17;5;1;10;"-16.06017595";"-42.19594359";"SPRF-MG";"DEL12-MG";"UOP02-DEL12-MG"
658331;2025-01-31;"sexta-feira";"05:50:00";"MG";40;779,8;"JUIZ DE FORA";"Animais na Pista";"Atropelamento de Animal";"Com Vítimas Feridas";"Amanhecer";"Decrescente";"Nublado";"Dupla";"Reta";"Não";4;0;1;0;2;2;1;5;"-21.67252614";"-43.44374992";"SPRF-MG";"DEL05-MG";"UOP01-DEL05-MG"
658333;2025-01-30;"quinta-feira";"17:00:00";"MG";116;554;"MANHUACU";"Ausência de reação do condutor";"Tombamento";"Com Vítimas Feridas";"Anoitecer";"Crescente";"Nublado";"Simples";"Curva";"Não";2;0;1;0;0;1;1;2;"-20.00117809";"-42.14034158";"SPRF-MG";"DEL06-MG";"UOP02-DEL06-MG"
658334;2025-01-30;"quinta-feira";"22:00:00";"MG";262;24;"REDUTO";"Transitar na contramão";"Colisão frontal";"Com Vítimas Fatais";"Plena Noite";"Crescente";"Nublado";"Simples";"Reta";"Não";2;1;0;0;1;0;0;2;"-20.24814827";"-41.94094189";"SPRF-MG";"DEL06-MG";"UOP03-DEL06-MG"
658335;2025-01-31;"sexta-feira";"07:03:00";"MG";365;599;"UBERLANDIA";"Reação tardia ou ineficiente do condutor";"Saída de leito carroçável";"Com Vítimas Feridas";"Pleno dia";"Crescente";"Céu Claro";"Simples";"Reta";"Não";2;0;1;0;0;1;1;2;"-18.88997892";"-48.12177605";"SPRF-MG";"DEL15-MG";"UOP01-DEL15-MG"
658337;2025-01-31;"sexta-feira";"05:30:00";"MT";364;89,2;"ALTO GARCAS";"Ausência de reação do condutor";"Saída de leito carroçável";"Com Vítimas Feridas";"Amanhecer";"Decrescente";"Chuva";"Simples";"Curva";"Não";3;0;1;0;1;2;1;3;"-16.86308889";"-53.72048697";"SPRF-MT";"DEL02-MT";"UOP02-DEL02-MT"
658340;2025-01-30;"quinta-feira";"17:30:00";"PR";153;509,5;"GENERAL CARNEIRO";"Velocidade Incompatível";"Saída de leito carroçável";"Sem Vítimas";"Anoitecer";"Decrescente";"Chuva";"Simples";"Curva";"Não";1;0;0;0;1;0;0;1;"-26.54226738";"-51.40216828";"SPRF-PR";"DEL02-PR";"UOP03-DEL02-PR"
658345;2025-01-31;"sexta-feira";"06:00:00";"GO";20;41;"FORMOSA";"Reação tardia ou ineficiente do condutor";"Colisão traseira";"Com Vítimas Feridas";"Amanhecer";"Crescente";"Céu Claro";"Simples";"Reta";"Não";5;0;2;0;3;0;2;3;"-15.396284";"-47.099884";"SPRF-DF";"DEL02-DF";"UOP02-DEL02-DF"
658347;2025-01-30;"quinta-feira";"19:45:00";"MT";364;579,9;"DIAMANTINO";"Reação tardia ou ineficiente do condutor";"Saída de leito carroçável";"Com Vítimas Feridas";"Plena Noite";"Decrescente";"Chuva";"Dupla";"Reta;Declive";"Não";2;0;1;0;0;1;1;2;"-14.66298789";"-56.29936934";"SPRF-MT";"DEL01-MT";"UOP01-DEL01-MT"
658356;2025-01-31;"sexta-feira";"06:27:00";"ES";101;269;"SERRA";"Acessar a via sem observar a presença dos outros veículos";"Colisão lateral mesmo sentido";"Sem Vítimas";"Pleno dia";"Decrescente";"Céu Claro";"Simples";"Reta";"Não";2;0;0;0;0;2;0;2;"-20.21740496";"-40.26990578";"SPRF-ES";"DEL02-ES";"UOP01-DEL02-ES"
658366;2025-01-31;"sexta-feira";"07:50:00";"GO";80;99,9;"VILA PROPICIO";"Velocidade Incompatível";"Colisão traseira";"Com Vítimas Feridas";"Pleno dia";"Crescente";"Nublado";"Simples";"Reta";"Não";5;0;1;1;1;3;2;6;"-15.202273";"-48.75209";"SPRF-GO";"DEL07-GO";"UOP02-DEL07-GO"
658367;2025-01-31;"sexta-feira";"08:45:00";"MS";163;680,7;"RIO VERDE DE MATO GROSSO";"Velocidade Incompatível";"Colisão transversal";"Com Vítimas Feridas";"Pleno dia";"Crescente";"Céu Claro";"Simples";"Reta";"Sim";3;0;1;0;1;1;1;3;"-18.92417173";"-54.83538529";"SPRF-MS";"DEL06-MS";"UOP02-DEL06-MS"
658368;2025-01-08;"quarta-feira";"13:39:00";"RO";319;54;"PORTO VELHO";"Reação tardia ou ineficiente do condutor";"Tombamento";"Com Vítimas Feridas";"Pleno dia";"Decrescente";"Nublado";"Simples";"Curva";"Não";1;0;1;0;0;0;1;1;"-8.74350592";"-63.94936497";"SPRF-RO";"DEL01-RO";"UOP01-DEL01-RO"
658376;2025-01-31;"sexta-feira";"09:10:00";"MS";163;206,3;"CAARAPO";"Ausência de reação do condutor";"Colisão traseira";"Com Vítimas Feridas";"Pleno dia";"Crescente";"Céu Claro";"Simples";"Reta";"Não";4;0;3;0;1;0;3;2;"-22.65390994";"-54.80646392";"SPRF-MS";"DEL04-MS";"UOP02-DEL04-MS"
658380;2025-01-31;"sexta-feira";"10:55:00";"PB";230;25,4;"JOAO PESSOA";"Ausência de reação do condutor";"Colisão com objeto";"Com Vítimas Feridas";"Pleno dia";"Crescente";"Céu Claro";"Múltipla";"Aclive;Reta;Viaduto";"Sim";2;0;0;1;1;0;1;2;"-7.16947372";"-34.87385511";"SPRF-PB";"DEL01-PB";"UOP01-DEL01-PB"
658383;2025-01-30;"quinta-feira";"16:30:00";"PA";10;160;"PARAGOMINAS";"Problema com o freio";"Incêndio";"Sem Vítimas";"Pleno dia";"Crescente";"Céu Claro";"Simples";"Reta";"Sim";2;0;0;0;1;1;0;2;"-3.033007";"-47.466543";"SPRF-PA";"DEL02-PA";"UOP01-DEL02-PA"
658385;2025-01-31;"sexta-feira";"08:50:00";"MT";364;134;"PEDRA PRETA";"Ultrapassagem Indevida";"Colisão lateral mesmo sentido";"Com Vítimas Feridas";"Pleno dia";"Crescente";"Céu Claro";"Simples";"Curva;Declive";"Não";5;0;0;1;3;5;1;8;"-16.82537001";"-54.060275";"SPRF-MT";"DEL02-MT";"UOP01-DEL02-MT"
658391;2025-01-31;"sexta-feira";"12:10:00";"SC";101;105;"PENHA";"Trafegar com motocicleta (ou similar) entre as faixas";"Colisão lateral mesmo sentido";"Com Vítimas Feridas";"Plena Noite";"Crescente";"Céu Claro";"Dupla";"Viaduto;Reta";"Não";2;0;0;1;0;1;1;2;"-26.80215497";"-48.67891041";"SPRF-SC";"DEL03-SC";"UOP02-DEL03-SC"
658395;2025-01-31;"sexta-feira";"11:17:00";"MS";262;320,9;"CAMPO GRANDE";"Acessar a via sem observar a presença dos outros veículos";"Colisão transversal";"Com Vítimas Feridas";"Pleno dia";"Crescente";"Céu Claro";"Simples";"Reta";"Não";4;0;2;0;2;0;2;2;"-20.4698075";"-54.48459148";"SPRF-MS";"DEL01-MS";"UOP01-DEL01-MS"
658396;2025-01-31;"sexta-feira";"12:25:00";"PR";376;3;"MANDAGUARI";"Demais falhas mecânicas ou elétricas";"Colisão transversal";"Com Vítimas Feridas";"Pleno dia";"Decrescente";"Céu Claro";"Simples";"Reta";"Sim";2;0;1;0;1;0;1;2;"-23.547966";"-51.671265";"SPRF-PR";"DEL09-PR";"UOP01-DEL09-PR"
658408;2025-01-31;"sexta-feira";"12:10:00";"RN";406;162;"CEARA-MIRIM";"Demais falhas mecânicas ou elétricas";"Tombamento";"Sem Vítimas";"Pleno dia";"Crescente";"Céu Claro";"Simples";"Declive";"Sim";2;0;0;0;1;2;0;3;"-5.7280941";"-35.36099113";"SPRF-RN";"DEL02-RN";"UOP01-DEL02-RN"
658412;2025-01-31;"sexta-feira";"11:30:00";"RJ";465;6;"SEROPEDICA";"Manobra de mudança de faixa";"Colisão lateral mesmo sentido";"Com Vítimas Feridas";"Pleno dia";"Decrescente";"Nublado";"Dupla";"Retorno Regulamentado;Reta";"Não";3;0;1;1;1;0;2;2;"-22.754314";"-43.692879";"SPRF-RJ";"DEL06-RJ";"UOP02-DEL06-RJ"
658416;2025-01-31;"sexta-feira";"12:45:00";"TO";153;703;"CARIRI DO TOCANTINS";"Transitar na contramão";"Colisão lateral mesmo sentido";"Com Vítimas Feridas";"Pleno dia";"Crescente";"Chuva";"Simples";"Declive";"Não";4;0;0;1;2;1;1;4;"-11.978012";"-49.202575";"SPRF-TO";"DEL01-TO";"UOP02-DEL01-TO"
658419;2025-01-31;"sexta-feira";"15:00:00";"ES";101;189;"ARACRUZ";"Condutor Dormindo";"Colisão lateral sentido oposto";"Com Vítimas Feridas";"Pleno dia";"Crescente";"Céu Claro";"Simples";"Reta";"Não";6;0;3;0;2;1;3;3;"-19.68134019";"-40.27051885";"SPRF-ES";"DEL04-ES";"UOP01-DEL04-ES"
658421;2025-01-31;"sexta-feira";"11:30:00";"RJ";393;241;"VASSOURAS";"Manobra de mudança de faixa";"Colisão lateral mesmo sentido";"Com Vítimas Feridas";"Pleno dia";"Decrescente";"Céu Claro";"Simples";"Reta";"Não";3;0;1;0;2;0;1;2;"-22.41971814";"-43.68447089";"SPRF-RJ";"DEL05-RJ";"UOP04-DEL05-RJ"
658425;2025-01-31;"sexta-feira";"15:15:00";"MG";381;616;"OLIVEIRA";"Curva acentuada";"Saída de leito carroçável";"Com Vítimas Feridas";"Pleno dia";"Crescente";"Chuva";"Dupla";"Curva";"Não";2;0;1;0;0;1;1;2;"-20.75304819";"-44.77475634";"SPRF-MG";"DEL04-MG";"UOP01-DEL04-MG"
658426;2025-01-31;"sexta-feira";"15:50:00";"RS";290;78;"GRAVATAI";"Demais falhas mecânicas ou elétricas";"Colisão lateral mesmo sentido";"Sem Vítimas";"Pleno dia";"Crescente";"Céu Claro";"Múltipla";"Reta";"Não";2;0;0;0;2;0;0;2;"-29.954178";"-51.037735";"SPRF-RS";"DEL01-RS";"UOP01-DEL01-RS"
658429;2025-01-31;"sexta-feira";"14:00:00";"GO";153;526;"HIDROLANDIA";"Reação tardia ou ineficiente do condutor";"Atropelamento de Pedestre";"Com Vítimas Feridas";"Pleno dia";"Decrescente";"Chuva";"Dupla";"Reta";"Não";2;0;0;1;1;0;1;2;"-16.9376";"-49.2532";"SPRF-GO";"DEL01-GO";"UOP03-DEL01-GO"
658431;2025-01-31;"sexta-feira";"15:30:00";"MG";40;590,8;"ITABIRITO";"Ausência de reação do condutor";"Colisão lateral mesmo sentido";"Com Vítimas Feridas";"Pleno dia";"Decrescente";"Chuva";"Dupla";"Aclive;Curva";"Não";4;0;2;0;2;0;2;2;"-20.36807799";"-43.90982881";"SPRF-MG";"DEL01-MG";"UOP02-DEL01-MG"
658438;2025-01-31;"sexta-feira";"15:20:00";"PE";232;412;"SERRA TALHADA";"Acessar a via sem observar a presença dos outros veículos";"Colisão transversal";"Com Vítimas Feridas";"Pleno dia";"Decrescente";"Céu Claro";"Simples";"Interseção de Vias;Reta";"Sim";3;0;0;1;2;0;1;2;"-7.98424645";"-38.32167506";"SPRF-PE";"DEL04-PE";"UOP01-DEL04-PE"
658441;2025-01-31;"sexta-feira";"16:40:00";"PE";232;181;"BELO JARDIM";"Acesso irregular";"Colisão frontal";"Com Vítimas Fatais";"Pleno dia";"Decrescente";"Céu Claro";"Simples";"Reta";"Não";2;1;0;0;1;0;0;2;"-8.34627974";"-36.43776285";"SPRF-PE";"DEL03-PE";"UOP02-DEL03-PE"
658444;2025-01-31;"sexta-feira";"15:55:00";"PR";369;481,9;"CORBELIA";"Ausência de reação do condutor";"Colisão traseira";"Com Vítimas Feridas";"Pleno dia";"Crescente";"Céu Claro";"Simples";"Aclive;Reta";"Não";4;0;1;0;2;1;1;4;"-24.77247372";"-53.29302901";"SPRF-PR";"DEL04-PR";"UOP03-DEL04-PR"
658447;2025-01-31;"sexta-feira";"16:15:00";"MG";40;515;"RIBEIRAO DAS NEVES";"Carga excessiva e/ou mal acondicionada";"Saída de leito carroçável";"Com Vítimas Feridas";"Pleno dia";"Decrescente";"Chuva";"Dupla";"Reta;Declive";"Não";2;0;1;0;0;1;1;2;"-19.8090079";"-44.09493479";"SPRF-MG";"DEL01-MG";"UOP02-DEL01-MG"
658451;2025-01-31;"sexta-feira";"17:15:00";"SP";116;212;"GUARULHOS";"Trafegar com motocicleta (ou similar) entre as faixas";"Colisão transversal";"Com Vítimas Feridas";"Pleno dia";"Crescente";"Céu Claro";"Dupla";"Reta";"Sim";3;0;0;1;2;0;1;3;"-23.43608315";"-46.42805094";"SPRF-SP";"DEL01-SP";"UOP01-DEL01-SP"
658454;2025-01-31;"sexta-feira";"15:30:00";"PR";153;240;"TIBAGI";"Velocidade Incompatível";"Tombamento";"Com Vítimas Feridas";"Pleno dia";"Decrescente";"Nublado";"Simples";"Declive;Curva";"Não";2;0;0;1;0;1;1;2;"-24.78994494";"-50.46670675";"SPRF-PR";"DEL03-PR";"UOP02-DEL03-PR"
658464;2025-01-30;"quinta-feira";"13:40:00";"MG";40;459,7;"CAETANOPOLIS";"Chuva";"Saída de leito carroçável";"Com Vítimas Feridas";"Pleno dia";"Crescente";"Chuva";"Dupla";"Declive;Curva";"Não";2;0;1;0;0;1;1;2;"-19.388919";"-44.335457";"SPRF-MG";"DEL02-MG";"UOP01-DEL02-MG"
658468;2025-01-31;"sexta-feira";"18:27:00";"PE";232;90,1;"SAIRE";"Avarias e/ou desgaste excessivo no pneu";"Colisão transversal";"Com Vítimas Fatais";"Plena Noite";"Crescente";"Céu Claro";"Dupla";"Curva";"Sim";3;1;1;0;1;0;1;2;"-8.21723507";"-35.65712571";"SPRF-PE";"DEL02-PE";"UOP02-DEL02PE"
658474;2025-01-31;"sexta-feira";"18:45:00";"GO";20;5;"FORMOSA";"Pista Escorregadia";"Saída de leito carroçável";"Sem Vítimas";"Anoitecer";"Crescente";"Chuva";"Simples";"Declive;Reta";"Não";2;0;0;0;1;1;0;2;"-15.555275";"-47.306908";"SPRF-DF";"DEL02-DF";"UOP02-DEL02-DF"
658475;2025-01-31;"sexta-feira";"17:10:00";"PR";163;238,6;"TOLEDO";"Pista esburacada";"Saída de leito carroçável";"Com Vítimas Feridas";"Pleno dia";"Decrescente";"Nublado";"Dupla";"Curva";"Não";1;0;0;1;0;0;1;1;"-24.717822";"-53.711597";"SPRF-PR";"DEL04-PR";"UOP01-DEL04-PR"
658478;2025-01-31;"sexta-feira";"17:40:00";"RJ";101;65;"CAMPOS DOS GOYTACAZES";"Ultrapassagem Indevida";"Colisão lateral mesmo sentido";"Com Vítimas Feridas";"Pleno dia";"Crescente";"Céu Claro";"Dupla";"Reta";"Não";2;0;1;0;1;0;1;2;"-21.75371806";"-41.344292";"SPRF-RJ";"DEL08-RJ";"UOP02-DEL08-RJ"
658483;2025-01-31;"sexta-feira";"19:00:00";"RJ";101;294;"ITABORAI";"Trafegar com motocicleta (ou similar) entre as faixas";"Colisão transversal";"Com Vítimas Fatais";"Plena Noite";"Decrescente";"Chuva";"Dupla";"Reta";"Sim";4;1;0;0;2;1;0;4;"-22.7584434";"-42.89502344";"SPRF-RJ";"DEL02-RJ";"UOP02-DEL02-RJ"
658486;2025-01-31;"sexta-feira";"17:51:00";"SC";280;46,2;"GUARAMIRIM";"Acessar a via sem observar a presença dos outros veículos";"Colisão transversal";"Com Vítimas Feridas";"Pleno dia";"Crescente";"Nublado";"Simples";"Interseção de Vias;Aclive;Reta";"Não";3;0;0;1;1;1;1;3;"-26.45315954";"-48.91022086";"SPRF-SC";"DEL03-SC";"UOP03-DEL03-SC"
658489;2025-01-31;"sexta-feira";"19:30:00";"BA";324;519;"FEIRA DE SANTANA";"Condutor deixou de manter distância do veículo da frente";"Colisão traseira";"Com Vítimas Feridas";"Plena Noite";"Decrescente";"Céu Claro";"Dupla";"Reta";"Sim";2;0;1;0;1;0;1;2;"-12.28035623";"-38.92438304";"SPRF-BA";"DEL02-BA";"UOP01-DEL02-BA"
658491;2025-01-31;"sexta-feira";"14:45:00";"PR";163;256;"TOLEDO";"Reação tardia ou ineficiente do condutor";"Colisão lateral mesmo sentido";"Com Vítimas Feridas";"Pleno dia";"Decrescente";"Céu Claro";"Dupla";"Reta";"Não";3;0;1;0;1;1;1;3;"-24.67939252";"-53.78535368";"SPRF-PR";"DEL06-PR";"UOP02-DEL06-PR"
658493;2025-01-31;"sexta-feira";"20:40:00";"SP";101;44,9;"UBATUBA";"Acessar a via sem observar a presença dos outros veículos";"Colisão lateral mesmo sentido";"Com Vítimas Feridas";"Plena Noite";"Decrescente";"Nublado";"Simples";"Reta";"Sim";2;0;1;0;1;0;1;2;"-23.41394683";"-45.06765788";"SPRF-SP";"DEL06-SP";"UOP01-DEL06-SP"
658494;2025-01-31;"sexta-feira";"20:00:00";"MG";381;495,5;"BETIM";"Condutor deixou de manter distância do veículo da frente";"Colisão traseira";"Sem Vítimas";"Plena Noite";"Crescente";"Céu Claro";"Dupla";"Reta";"Não";2;0;0;0;1;1;0;2;"-19.98890883";"-44.20522016";"SPRF-MG";"DEL01-MG";"UOP03-DEL01-MG"
658500;2025-01-31;"sexta-feira";"20:15:00";"MG";262;558;"CORREGO DANTA";"Reação tardia ou ineficiente do condutor";"Colisão lateral sentido oposto";"Com Vítimas Feridas";"Plena Noite";"Crescente";"Chuva";"Simples";"Curva";"Não";3;0;1;0;1;1;1;3;"-19.72243801";"-45.93499096";"SPRF-MG";"DEL08-MG";"UOP02-DEL08-MG"
658504;2025-01-31;"sexta-feira";"18:15:00";"MG";365;431;"PATOS DE MINAS";"Condutor deixou de manter distância do veículo da frente";"Colisão lateral mesmo sentido";"Com Vítimas Feridas";"Anoitecer";"Crescente";"Chuva";"Dupla";"Interseção de Vias";"Não";3;0;1;0;1;2;1;4;"-18.76420074";"-46.67446219";"SPRF-MG";"DEL10-MG";"UOP01-DEL10-MG"
658507;2025-01-31;"sexta-feira";"20:00:00";"PR";163;343;"GUAIRA";"Acessar a via sem observar a presença dos outros veículos";"Colisão transversal";"Com Vítimas Feridas";"Plena Noite";"Crescente";"Céu Claro";"Simples";"Reta";"Sim";5;0;1;0;3;1;1;3;"-24.21375699";"-54.19958751";"SPRF-PR";"DEL06-PR";"UOP01-DEL06-PR"