"id";"data_inversa";"dia_semana";"horario";"uf";"br";"km";"municipio";"causa_acidente";"tipo_acidente";"classificacao_acidente";"fase_dia";"sentido_via";"condicao_metereologica";"tipo_pista";"tracado_via";"uso_solo";"pessoas";"mortos";"feridos_leves";"feridos_graves";"ilesos";"ignorados";"feridos";"veiculos";"latitude";"longitude";"regional";"delegacia";"uop"
658516;2025-01-31;"sexta-feira";"22:40:00";"PR";277;388;"CANDOI";"Ausência de reação do condutor";"Saída de leito carroçável";"Com Vítimas Feridas";"Plena Noite";"Crescente";"Céu Claro";"Simples";"Reta";"Não";1;0;1;0;0;0;1;1;"-25.4345774";"-51.80956591";"SPRF-PR";"DEL08-PR";"UOP01-DEL08-PR"
658519;2025-01-31;"sexta-feira";"23:20:00";"SP";116;219;"GUARULHOS";"Ausência de reação do condutor";"Colisão traseira";"Com Vítimas Feridas";"Plena Noite";"Crescente";"Chuva";"Múltipla";"Reta";"Sim";4;0;3;0;1;0;3;2;"-23.46143954";"-46.48885316";"SPRF-SP";"DEL01-SP";"UOP01-DEL01-SP"
658528;2025-01-31;"sexta-feira";"23:29:00";"RO";364;669;"CANDEIAS DO JAMARI";"Ingestão de substâncias psicoativas pelo condutor";"Colisão frontal";"Com Vítimas Feridas";"Plena Noite";"Decrescente";"Céu Claro";"Simples";"Reta";"Não";16;0;6;4;3;5;10;9;"-8.7753";"-63.4933";"SPRF-RO";"DEL01-RO";"UOP01-DEL01-RO"
658581;2025-01-31;"sexta-feira";"18:30:00";"GO";60;392;"RIO VERDE";"Falta de elemento de contenção que evite a saída do leito carroçável";"Saída de leito carroçável";"Sem Vítimas";"Anoitecer";"Decrescente";"Nublado";"Dupla";"Reta";"Sim";2;0;0;0;1;1;0;2;"-17.8266";"-50.9789";"SPRF-GO";"DEL04-GO";"UOP02-DEL04-GO"
658592;2025-01-31;"sexta-feira";"23:30:00";"PA";163;147;"ALTAMIRA";"Transitar na contramão";"Colisão frontal";"Com Vítimas Fatais";"Plena Noite";"Crescente";"Nublado";"Simples";"Reta;Aclive";"Não";5;1;1;1;1;3;2;5;"-8.41616187";"-55.10111522";"SPRF-MT";"DEL06-MT";"UOP03-DEL06-MT"
658909;2025-01-19;"domingo";"12:15:00";"RS";285;155,2;"MUITOS CAPOES";"Reação tardia ou ineficiente do condutor";"Tombamento";"Com Vítimas Feridas";"Pleno dia";"Crescente";"Céu Claro";"Simples";"Curva";"Não";4;0;2;1;0;1;3;3;"-28.329794";"-51.180145";"SPRF-RS";"DEL05-RS";"UOP03-DEL05-RS"
658932;2025-01-05;"domingo";"17:00:00";"RJ";116;251;"PIRAI";"Condutor deixou de manter distância do veículo da frente";"Engavetamento";"Com Vítimas Feridas";"Pleno dia";"Decrescente";"Sol";"Dupla";"Curva";"Não";18;0;8;1;8;2;9;12;"-22.58482223";"-43.95961921";"SPRF-RJ";"DEL07-RJ";"UOP01-DEL07-RJ"
659002;2025-01-22;"quarta-feira";"09:40:00";"GO";40;8,3;"LUZIANIA";"Manobra de mudança de faixa";"Colisão transversal";"Com Vítimas Feridas";"Pleno dia";"Crescente";"Céu Claro";"Dupla";"Reta";"Sim";2;0;1;0;1;0;1;2;"-16.1212";"-47.964243";"SPRF-DF";"DEL01-DF";"UOP01-DEL01-DF"
659016;2025-01-25;"sábado";"15:43:00";"MG";251;437;"GRAO MOGOL";"Condutor Dormindo";"Colisão frontal";"Com Vítimas Feridas";"Pleno dia";"Crescente";"Céu Claro";"Simples";"Reta";"Não";7;0;1;3;2;1;4;3;"-16.39529722";"-43.20402292";"SPRF-MG";"DEL12-MG";"UOP01-DEL12-MG"
659048;2025-01-28;"terça-feira";"09:18:00";"PE";101;82;"JABOATAO DOS GUARARAPES";"Avarias e/ou desgaste excessivo no pneu";"Incêndio";"Sem Vítimas";"Pleno dia";"Decrescente";"Céu Claro";"Dupla";"Reta";"Sim";2;0;0;0;1;1;0;2;"-8.168383";"-34.9376";"SPRF-PE";"DEL01-PE";"UOP01-DEL01-PE"
659068;2025-01-17;"sexta-feira";"07:42:00";"MG";381;485,5;"BETIM";"Manobra de mudança de faixa";"Colisão lateral mesmo sentido";"Com Vítimas Feridas";"Pleno dia";"Decrescente";"Céu Claro";"Dupla";"Declive;Reta";"Sim";2;0;1;0;1;0;1;2;"-19.95624622";"-44.09946442";"SPRF-MG";"DEL01-MG";"UOP03-DEL01-MG"
659205;2025-01-16;"quinta-feira";"05:00:00";"MG";40;493;"ESMERALDAS";"Objeto estático sobre o leito carroçável";"Colisão com objeto";"Com Vítimas Feridas";"Amanhecer";"Crescente";"Nublado";"Dupla";"Reta";"Não";3;0;0;1;1;1;1;3;"-19.64620694";"-44.20301977";"SPRF-MG";"DEL02-MG";"UOP01-DEL02-MG"
659212;2025-01-31;"sexta-feira";"15:55:00";"MT";364;139;"PEDRA PRETA";"Problema com o freio";"Colisão lateral sentido oposto";"Com Vítimas Feridas";"Pleno dia";"Crescente";"Nublado";"Dupla";"Reta";"Não";3;0;1;0;1;3;1;5;"-16.80094529";"-54.1099251";"SPRF-MT";"DEL02-MT";"UOP01-DEL02-MT"
659228;2025-01-10;"sexta-feira";"07:30:00";"PR";376;303,4;"MAUA DA SERRA";"Velocidade Incompatível";"Tombamento";"Com Vítimas Feridas";"Pleno dia";"Crescente";"Sol";"Dupla";"Curva";"Não";2;0;1;0;0;1;1;2;"-23.94940698";"-51.11940888";"SPRF-PR";"DEL07-PR";"UOP02-DEL07-PR"
659329;2025-01-22;"quarta-feira";"03:00:00";"MS";262;449;"DOIS IRMAOS DO BURITI";"Ausência de reação do condutor";"Colisão traseira";"Com Vítimas Feridas";"Plena Noite";"Crescente";"Céu Claro";"Simples";"Reta";"Não";6;0;4;0;1;2;4;4;"-20.54178326";"-55.44642492";"SPRF-MS";"DEL03-MS";"UOP01-DEL03-MS"
659363;2025-01-25;"sábado";"02:30:00";"SC";280;187,2;"MAFRA";"Reação tardia ou ineficiente do condutor";"Tombamento";"Com Vítimas Feridas";"Plena Noite";"Crescente";"Nevoeiro/Neblina";"Simples";"Declive;Retorno Regulamentado;Interseção de Vias;Rotatória;Desvio Temporário";"Não";2;0;1;0;0;2;1;3;"-26.16790438";"-49.95451995";"SPRF-SC";"DEL06-SC";"UOP01-DEL06-SC"
659417;2025-01-14;"terça-feira";"10:55:00";"RS";101;70,8;"OSORIO";"Condutor deixou de manter distância do veículo da frente";"Colisão traseira";"Com Vítimas Feridas";"Pleno dia";"Crescente";"Sol";"Dupla";"Reta";"Não";5;0;1;0;3;2;1;5;"-29.759604";"-50.21723";"SPRF-RS";"DEL03-RS";"UOP01-DEL03-RS"
659421;2025-01-14;"terça-feira";"06:00:00";"MG";381;700;"LAVRAS";"Curva acentuada";"Tombamento";"Com Vítimas Feridas";"Amanhecer";"Crescente";"Nublado";"Dupla";"Curva";"Não";2;0;1;0;0;1;1;2;"-21.31137883";"-45.16451703";"SPRF-MG";"DEL04-MG";"UOP02-DEL04-MG"
659525;2025-01-21;"terça-feira";"12:40:00";"BA";324;554;"AMELIA RODRIGUES";"Ausência de sinalização";"Engavetamento";"Com Vítimas Feridas";"Pleno dia";"Crescente";"Céu Claro";"Dupla";"Reta";"Não";5;0;1;0;4;0;1;4;"-12.46037726";"-38.69681519";"SPRF-BA";"DEL01-BA";"UOP03-DEL01-BA"
659553;2025-01-25;"sábado";"18:40:00";"SC";101;35;"PALHOCA";"Sistema de drenagem ineficiente";"Colisão transversal";"Com Vítimas Feridas";"Anoitecer";"Decrescente";"Chuva";"Dupla";"Curva";"Não";3;0;2;0;1;0;2;2;"-27.6427";"-48.6695";"SPRF-SC";"DEL01-SC";"UOP02-DEL01-SC"
659618;2025-01-29;"quarta-feira";"14:50:00";"SP";116;98;"PINDAMONHANGABA";"Ausência de reação do condutor";"Engavetamento";"Com Vítimas Feridas";"Pleno dia";"Decrescente";"Garoa/Chuvisco";"Dupla";"Reta";"Sim";8;0;4;0;4;0;4;6;"-22.97805164";"-45.45583318";"SPRF-SP";"DEL08-SP";"UOP01-DEL08-SP"
659638;2025-01-08;"quarta-feira";"03:30:00";"AM";174;924;"MANAUS";"Acumulo de água sobre o pavimento";"Saída de leito carroçável";"Com Vítimas Fatais";"Plena Noite";"Crescente";"Chuva";"Simples";"Reta";"Não";4;2;1;1;0;0;2;1;"-2.57875418";"-60.11793315";"SPRF-AM";"DEL01-AM";"UOP01-DEL01-AM"
659846;2025-01-30;"quinta-feira";"16:58:00";"PB";230;160,4;"CAMPINA GRANDE";"Desrespeitar a preferência no cruzamento";"Colisão transversal";"Com Vítimas Feridas";"Anoitecer";"Decrescente";"Céu Claro";"Simples";"Em Obras;Interseção de Vias";"Sim";2;0;1;0;1;0;1;2;"-7.2436";"-35.9375";"SPRF-PB";"DEL02-PB";"UOP01-DEL02-PB"
660026;2025-01-22;"quarta-feira";"05:30:00";"SP";116;105;"TAUBATE";"Ausência de reação do condutor";"Colisão traseira";"Com Vítimas Fatais";"Plena Noite";"Decrescente";"Nublado";"Dupla";"Reta";"Não";3;2;0;0;1;0;0;2;"-23.00757973";"-45.51466613";"SPRF-SP";"DEL02-SP";"UOP02-DEL02-SP"
660559;2025-01-16;"quinta-feira";"06:40:00";"GO";20;96,5;"VILA BOA";"Transitar na contramão";"Colisão lateral sentido oposto";"Com Vítimas Feridas";"Pleno dia";"Crescente";"Nublado";"Simples";"Aclive";"Não";7;0;2;0;3;3;2;5;"-14.975515";"-47.014931";"SPRF-DF";"DEL02-DF";"UOP02-DEL02-DF"
660716;2025-01-30;"quinta-feira";"15:30:00";"MG";267;188;"OLARIA";"Chuva";"Colisão com objeto";"Com Vítimas Feridas";"Pleno dia";"Decrescente";"Chuva";"Simples";"Curva";"Não";2;0;1;0;1;0;1;2;"-21.90923595";"-43.96173478";"SPRF-MG";"DEL05-MG";"UOP01-DEL05-MG"
660774;2025-01-02;"quinta-feira";"19:00:00";"MT";70;408;"CAMPO VERDE";"Ausência de reação do condutor";"Saída de leito carroçável";"Com Vítimas Feridas";"Plena Noite";"Decrescente";"Chuva";"Simples";"Reta";"Não";1;0;0;1;0;0;1;1;"-15.67389709";"-55.27586801";"SPRF-MT";"DEL05-MT";"UOP02-DEL05-MT"
660970;2025-01-11;"sábado";"08:15:00";"BA";101;231;"SAPEACU";"Ausência de reação do condutor";"Colisão traseira";"Com Vítimas Feridas";"Pleno dia";"Crescente";"Chuva";"Simples";"Reta;Aclive";"Sim";3;0;1;0;1;1;1;3;"-12.84349412";"-39.20479086";"SPRF-BA";"DEL01-BA";"UOP02-DEL01-BA"
661134;2025-01-17;"sexta-feira";"11:00:00";"AM";319;472;"TAPAUA";"Reação tardia ou ineficiente do condutor";"Saída de leito carroçável";"Com Vítimas Feridas";"Pleno dia";"Decrescente";"Garoa/Chuvisco";"Simples";"Reta";"Não";2;0;1;0;0;1;1;2;"-6.08030506";"-62.55837191";"SPRF-AM";"DEL01-AM";"UOP04-DEL01-AM"
661228;2025-01-27;"segunda-feira";"13:00:00";"SC";101;117;"ITAJAI";"Condutor deixou de manter distância do veículo da frente";"Engavetamento";"Com Vítimas Feridas";"Pleno dia";"Crescente";"Nublado";"Dupla";"Reta";"Não";6;0;1;0;4;1;1;4;"-26.88747187";"-48.72252969";"SPRF-SC";"DEL04-SC";"UOP04-DEL04-SC"
661232;2025-01-26;"domingo";"00:15:00";"SC";282;379;"JOACABA";"Ingestão de álcool pelo condutor";"Colisão transversal";"Sem Vítimas";"Plena Noite";"Decrescente";"Céu Claro";"Simples";"Interseção de Vias";"Sim";2;0;0;0;1;1;0;2;"-27.214668";"-51.489677";"SPRF-SC";"DEL07-SC";"UOP05-DEL07-SC"
661339;2025-01-27;"segunda-feira";"10:11:00";"MA";222;671,8;"ACAILANDIA";"Conversão proibida";"Tombamento";"Com Vítimas Fatais";"Pleno dia";"Crescente";"Sol";"Simples";"Reta";"Sim";2;1;0;0;0;1;0;2;"-4.94583";"-47.473899";"SPRF-MA";"DEL04-MA";"UOP03-DEL04-MA"
653223;2025-01-04;"sábado";"20:50:00";"MS";163;85;"ITAQUIRAI";"Ausência de reação do condutor";"Colisão traseira";"Sem Vítimas";"Plena Noite";"Crescente";"Céu Claro";"Simples";"Reta";"Não";2;0;0;0;1;1;0;2;"-23.41486497";"-54.20829976";"SPRF-MS";"DEL09-MS";"UOP01-DEL09-MS"
653975;2025-01-09;"quinta-feira";"07:40:00";"DF";20;13;"BRASILIA";"Chuva";"Saída de leito carroçável";"Sem Vítimas";"Pleno dia";"Decrescente";"Chuva";"Dupla";"Reta";"Sim";2;0;0;0;1;1;0;2;"-15.63700583";"-47.74559498";"SPRF-DF";"DEL02-DF";"UOP01-DEL02-DF"
655189;2025-01-15;"quarta-feira";"05:40:00";"BA";116;570,8;"BREJOES";"Condutor deixou de manter distância do veículo da frente";"Colisão traseira";"Com Vítimas Feridas";"Pleno dia";"Decrescente";"Chuva";"Simples";"Declive";"Não";3;0;1;0;1;1;1;2;"-13.0445";"-39.9633";"SPRF-BA";"DEL03-BA";"UOP02-DEL03-BA"
655607;2025-01-17;"sexta-feira";"10:31:00";"PI";0;0;"FLORIANO";"Reação tardia ou ineficiente do condutor";"Colisão com objeto";"Sem Vítimas";"Pleno dia";"Não Informado";"Nublado";"Simples";"Reta";"Sim";2;0;0;0;1;1;0;2;"-6.788374";"-43.044399";"SPRF-PI";"DEL03-PI";"UOP01-DEL03-PI"
657431;2025-01-26;"domingo";"09:45:00";"MG";381;498,2;"BETIM";"Ausência de reação do condutor";"Colisão lateral mesmo sentido";"Com Vítimas Feridas";"Pleno dia";"Crescente";"Céu Claro";"Múltipla";"Aclive;Curva";"Sim";6;0;4;0;0;2;4;3;"-19.98850167";"-44.20481152";"SPRF-MG";"DEL01-MG";"UOP03-DEL01-MG"
655013;2025-01-14;"terça-feira";"06:30:00";"PB";104;145,4;"QUEIMADAS";"Ausência de reação do condutor";"Saída de leito carroçável";"Sem Vítimas";"Amanhecer";"Decrescente";"Céu Claro";"Simples";"Reta";"Não";4;0;0;0;0;5;0;4;"-7.42278697";"-35.89513073";"SPRF-PB";"DEL02-PB";"UOP03-DEL02-PB"
652555;2025-01-01;"quarta-feira";"13:30:00";"RS";290;27,1;"SANTO ANTONIO DA PATRULHA";"Demais falhas mecânicas ou elétricas";"Saída de leito carroçável";NA;"Pleno dia";"Crescente";"Céu Claro";"Dupla";"Reta";"Não";3;0;1;0;1;1;1;2;"-29.880135";"-50.514297";"SPRF-RS";"DEL03-RS";"UOP01-DEL03-RS"
652808;2025-01-02;"quinta-feira";"14:30:00";"MT";70;672,5;"CACERES";"Ausência de reação do condutor";"Colisão lateral sentido oposto";"Com Vítimas Feridas";"Pleno dia";"Crescente";"Céu Claro";"Simples";"Reta";"Não";6;0;0;4;1;1;4;3;"-16.06383102";"-57.27074894";"SPRF-MT";"DEL03-MT";"UOP02-DEL03-MT"
653041;2025-01-03;"sexta-feira";"19:40:00";"MS";359;64,3;"COSTA RICA";"Iluminação deficiente";"Colisão traseira";"Com Vítimas Fatais";"Plena Noite";"Crescente";"Céu Claro";"Simples";"Reta";"Não";5;1;3;0;0;1;3;3;"-18.4612422";"-53.60594447";"SPRF-MS";"DEL06-MS";"UOP01-DEL06-MS"
653189;2025-01-04;"sábado";"16:53:00";"RO";319;59;"PORTO VELHO";"Transitar na contramão";"Colisão frontal";"Com Vítimas Feridas";"Pleno dia";"Decrescente";"Nublado";"Dupla";"Reta";"Sim";3;0;1;0;0;2;1;3;"-8.7407094";"-63.8944298";"SPRF-RO";"DEL01-RO";"UOP01-DEL01-RO"
653221;2025-01-04;"sábado";"19:30:00";"PE";232;461;"MIRANDIBA";"Animais na Pista";"Atropelamento de Animal";"Com Vítimas Feridas";"Plena Noite";"Decrescente";"Céu Claro";"Simples";"Aclive;Curva";"Não";8;0;5;2;0;1;7;3;"-8.0274382";"-38.72264791";"SPRF-PE";"DEL05-PE";"UOP01-DEL05-PE"
653435;2025-01-06;"segunda-feira";"04:35:00";"PR";277;466,6;"LARANJEIRAS DO SUL";"Transitar na contramão";"Colisão frontal";"Com Vítimas Feridas";"Plena Noite";"Decrescente";"Céu Claro";"Simples";"Curva";"Não";4;0;2;0;1;1;2;3;"-25.33780089";"-52.50711679";"SPRF-PR";"DEL04-PR";"UOP02-DEL04-PR"
653509;2025-01-06;"segunda-feira";"12:00:00";"RO";364;114,6;"PIMENTA BUENO";"Ausência de reação do condutor";"Colisão lateral sentido oposto";"Com Vítimas Feridas";"Pleno dia";"Crescente";"Céu Claro";"Simples";"Reta";"Não";10;0;3;0;6;1;3;3;"-12.17450404";"-60.71161829";"SPRF-RO";"DEL04-RO";"UOP01-DEL04-RO"
653588;2025-01-06;"segunda-feira";"17:25:00";"PB";230;151;"CAMPINA GRANDE";"Carga excessiva e/ou mal acondicionada";"Derramamento de carga";"Com Vítimas Feridas";"Pleno dia";"Crescente";"Céu Claro";"Simples";"Reta";"Sim";3;0;1;0;1;1;1;3;"-7.2587";"-35.8778";"SPRF-PB";"DEL02-PB";"UOP01-DEL02-PB"
653706;2025-01-07;"terça-feira";"14:00:00";"RS";386;266;"CANOAS";"Reação tardia ou ineficiente do condutor";"Colisão com objeto";"Com Vítimas Feridas";"Pleno dia";"Decrescente";"Céu Claro";"Múltipla";"Reta";"Sim";3;0;2;0;0;1;2;2;"-29.94381632";"-51.17686987";"SPRF-RS";"DEL04-RS";"UOP03-DEL04-RS"
654027;2025-01-04;"sábado";"19:50:00";"GO";153;491;"GOIANIA";"Reação tardia ou ineficiente do condutor";"Colisão com objeto";"Com Vítimas Feridas";"Plena Noite";"Crescente";"Céu Claro";"Dupla";"Reta";"Sim";3;0;0;1;1;1;1;3;"-16.639";"-49.2063";"SPRF-GO";"DEL01-GO";"UOP01-DEL01-GO"
654304;2025-01-10;"sexta-feira";"16:13:00";"MT";163;841;"SINOP";"Acessar a via sem observar a presença dos outros veículos";"Colisão transversal";"Com Vítimas Feridas";"Anoitecer";"Crescente";"Céu Claro";"Simples";"Reta";"Sim";3;0;1;0;1;1;1;3;"-11.93347098";"-55.51404107";"SPRF-MT";"DEL06-MT";"UOP02-DEL06-MT"
654478;2025-01-11;"sábado";"16:20:00";"PE";101;126;"ESCADA";"Acessar a via sem observar a presença dos outros veículos";"Colisão frontal";"Sem Vítimas";"Anoitecer";"Crescente";"Céu Claro";"Simples";"Reta";"Não";3;0;0;0;2;1;0;3;"-8.36958202";"-35.22919699";"SPRF-PE";"DEL01-PE";"UOP03-DEL01-PE"
654583;2025-01-12;"domingo";"07:55:00";"GO";60;136;"GOIANAPOLIS";"Trafegar com motocicleta (ou similar) entre as faixas";"Colisão lateral mesmo sentido";"Com Vítimas Feridas";"Pleno dia";"Decrescente";"Nublado";"Dupla";"Curva;Aclive";"Não";5;0;1;0;3;1;1;3;"-16.5959";"-49.1965";"SPRF-GO";"DEL01-GO";"UOP01-DEL01-GO"
654618;2025-01-12;"domingo";"12:20:00";"SP";116;155;"SAO JOSE DOS CAMPOS";"Condutor deixou de manter distância do veículo da frente";"Colisão traseira";"Com Vítimas Feridas";"Pleno dia";"Crescente";"Céu Claro";"Múltipla";"Reta";"Sim";4;0;3;0;0;1;3;3;"-23.24524337";"-45.92772774";"SPRF-SP";"DEL02-SP";"UOP01-DEL02-SP"
654758;2025-01-13;"segunda-feira";"02:00:00";"PR";116;48;"CAMPINA GRANDE DO SUL";"Condutor deixou de manter distância do veículo da frente";"Colisão lateral mesmo sentido";"Com Vítimas Feridas";"Plena Noite";"Decrescente";"Nublado";"Dupla";"Reta;Aclive";"Sim";6;0;2;0;2;2;2;4;"-25.224";"-48.905";"SPRF-PR";"DEL01-PR";"UOP02-DEL01-PR"
655418;2025-01-16;"quinta-feira";"09:20:00";"MA";10;251;"IMPERATRIZ";"Retorno proibido";"Colisão lateral mesmo sentido";"Com Vítimas Feridas";"Pleno dia";"Crescente";"Chuva";"Simples";"Em Obras;Curva";"Sim";3;0;0;1;1;1;1;3;"-5.543249";"-47.464447";"SPRF-MA";"DEL04-MA";"UOP01-DEL04-MA"
655422;2025-01-16;"quinta-feira";"10:45:00";"RS";116;611,8;"ARROIO GRANDE";"Animais na Pista";"Saída de leito carroçável";"Com Vítimas Feridas";"Pleno dia";"Decrescente";"Céu Claro";"Simples";"Reta";"Não";2;0;0;1;0;1;1;2;"-32.24408345";"-53.06929357";"SPRF-RS";"DEL07-RS";"UOP03-DEL07-RS"
656046;2025-01-19;"domingo";"14:00:00";"SP";116;72;"APARECIDA";"Ausência de reação do condutor";"Colisão lateral mesmo sentido";"Sem Vítimas";"Pleno dia";"Crescente";"Céu Claro";"Dupla";"Reta";"Não";3;0;0;0;2;1;0;3;"-22.86354218";"-45.23746093";"SPRF-SP";"DEL08-SP";"UOP01-DEL08-SP"
656202;2025-01-20;"segunda-feira";"08:10:00";"MG";365;627;"UBERLANDIA";"Condutor deixou de manter distância do veículo da frente";"Colisão traseira";"Com Vítimas Feridas";"Pleno dia";"Decrescente";"Céu Claro";"Dupla";"Declive;Reta";"Sim";3;0;0;1;1;1;1;3;"-18.90359335";"-48.34361612";"SPRF-MG";"DEL15-MG";"UOP01-DEL15-MG"
656313;2025-01-20;"segunda-feira";"16:20:00";"PE";423;72,4;"JUPI";"Acessar a via sem observar a presença dos outros veículos";"Colisão transversal";"Com Vítimas Feridas";"Pleno dia";"Decrescente";"Céu Claro";"Simples";"Declive";"Sim";5;0;2;0;1;2;2;3;"-8.70118191";"-36.4154612";"SPRF-PE";"DEL03-PE";"UOP01-DEL03-PE"
656373;2025-01-20;"segunda-feira";"19:20:00";"MS";262;562,2;"MIRANDA";"Avarias e/ou desgaste excessivo no pneu";"Colisão lateral sentido oposto";"Sem Vítimas";"Plena Noite";"Decrescente";"Céu Claro";"Simples";"Reta";"Não";4;0;0;0;3;1;0;3;"-20.21854602";"-56.40954601";"SPRF-MS";"DEL03-MS";"UOP02-DEL03-MS"
656536;2025-01-21;"terça-feira";"18:30:00";"SP";116;325;"JUQUITIBA";"Demais falhas mecânicas ou elétricas";"Saída de leito carroçável";"Sem Vítimas";"Anoitecer";"Crescente";"Céu Claro";"Dupla";"Reta";"Não";2;0;0;0;0;2;0;2;"-23.94085262";"-47.05337099";"SPRF-SP";"DEL04-SP";"UOP03-DEL04-SP"
656671;2025-01-22;"quarta-feira";"14:35:00";"SC";101;283;"IMBITUBA";"Demais falhas mecânicas ou elétricas";"Capotamento";"Com Vítimas Feridas";"Pleno dia";"Crescente";"Céu Claro";"Múltipla";"Reta";"Sim";3;0;2;0;0;1;2;2;"-28.20457404";"-48.6984006";"SPRF-SC";"DEL02-SC";"UOP03-DEL02-SC"
656678;2025-01-22;"quarta-feira";"16:24:00";"PE";101;72,5;"RECIFE";"Demais falhas mecânicas ou elétricas";"Colisão traseira";"Com Vítimas Feridas";"Pleno dia";"Decrescente";"Sol";"Dupla";"Reta";"Sim";3;0;0;1;1;1;1;3;"-8.08493106";"-34.9450639";"SPRF-PE";"DEL01-PE";"UOP01-DEL01-PE"
656732;2025-01-22;"quarta-feira";"18:30:00";"GO";153;418;"ANAPOLIS";"Ingestão de álcool pelo condutor";"Tombamento";"Sem Vítimas";"Pleno dia";"Crescente";"Céu Claro";"Dupla";"Reta";"Não";2;0;0;0;1;1;0;2;"-16.159821";"-49.04351";"SPRF-GO";"DEL02-GO";"UOP01-DEL02-GO"
657213;2025-01-25;"sábado";"09:50:00";"GO";50;261;"CATALAO";"Velocidade Incompatível";"Saída de leito carroçável";"Com Vítimas Feridas";"Pleno dia";"Decrescente";"Céu Claro";"Dupla";"Reta";"Não";3;0;2;0;0;1;2;2;"-18.0377";"-47.853";"SPRF-GO";"DEL06-GO";"UOP01-DEL06-GO"
657299;2025-01-25;"sábado";"15:55:00";"MS";163;28,7;"MUNDO NOVO";"Chuva";"Saída de leito carroçável";"Sem Vítimas";"Pleno dia";"Decrescente";"Chuva";"Simples";"Reta";"Não";2;0;0;0;1;1;0;2;"-23.86670284";"-54.32884278";"SPRF-MS";"DEL09-MS";"UOP02-DEL09-MS"
657363;2025-01-26;"domingo";"00:01:00";"MG";50;2,7;"UBERLANDIA";"Reação tardia ou ineficiente do condutor";"Colisão com objeto";"Com Vítimas Feridas";"Plena Noite";"Decrescente";"Céu Claro";"Dupla";"Reta";"Não";3;0;1;0;1;1;1;3;"-18.9113";"-48.2622";"SPRF-MG";"DEL15-MG";"UOP01-DEL15-MG"
657373;2025-01-25;"sábado";"20:30:00";"PI";222;85;"PIRIPIRI";"Demais falhas na via";"Saída de leito carroçável";"Com Vítimas Fatais";"Plena Noite";"Crescente";"Céu Claro";"Simples";"Ponte";"Não";2;1;0;0;0;1;0;2;"-4.24033984";"-41.83304398";"SPRF-PI";"DEL02-PI";"UOP01-DEL02-PI"
657644;2025-01-27;"segunda-feira";"07:00:00";"GO";364;131;"APARECIDA DO RIO DOCE";"Condutor Dormindo";"Saída de leito carroçável";"Com Vítimas Feridas";"Pleno dia";"Crescente";"Céu Claro";"Simples";"Reta";"Não";3;0;2;0;0;1;2;2;"-18.233049";"-51.281437";"SPRF-GO";"DEL05-GO";"UOP02-DEL05-GO"
657666;2025-01-27;"segunda-feira";"08:50:00";"BA";101;916,9;"NOVA VICOSA";"Acessar a via sem observar a presença dos outros veículos";"Colisão traseira";"Com Vítimas Fatais";"Pleno dia";"Crescente";"Céu Claro";"Simples";"Reta";"Não";5;1;0;1;2;1;1;3;"-17.86061142";"-39.80354118";"SPRF-BA";"DEL09-BA";"UOP02-DEL09-BA"
658139;2025-01-29;"quarta-feira";"17:30:00";"MT";163;900,6;"CLAUDIA";"Ultrapassagem Indevida";"Colisão frontal";"Com Vítimas Fatais";"Anoitecer";"Crescente";"Nublado";"Simples";"Reta";"Não";7;1;0;4;1;1;4;3;"-11.310755";"-55.32402";"SPRF-MT";"DEL06-MT";"UOP02-DEL06-MT"
658480;2025-01-31;"sexta-feira";"16:40:00";"RO";364;605;"ITAPUA DO OESTE";"Acessar a via sem observar a presença dos outros veículos";"Colisão transversal";"Com Vítimas Feridas";"Pleno dia";"Crescente";"Céu Claro";"Simples";"Interseção de Vias;Reta";"Sim";3;0;1;0;1;1;1;3;"-9.18603983";"-63.19487383";"SPRF-RO";"DEL01-RO";"UOP04-DEL01-RO"
660755;2025-01-31;"sexta-feira";"13:50:00";"MS";463;84;"PONTA PORA";"Velocidade Incompatível";"Colisão lateral sentido oposto";"Com Vítimas Feridas";"Pleno dia";"Crescente";"Chuva";"Simples";"Reta;Declive";"Não";9;0;3;0;5;1;3;5;"-22.55735694";"-55.48876906";"SPRF-MS";"DEL04-MS";"UOP03-DEL04-MS"
652468;2025-01-01;"quarta-feira";"00:30:00";"PE";101;89,5;"JABOATAO DOS GUARARAPES";"Reação tardia ou ineficiente do condutor";"Colisão traseira";"Com Vítimas Feridas";"Plena Noite";"Decrescente";"Céu Claro";"Dupla";"Reta";"Não";4;0;2;0;0;2;2;3;"-8.20760697";"-34.98372005";"SPRF-PE";"DEL01-PE";"UOP01-DEL01-PE"
652469;2025-01-01;"quarta-feira";"00:50:00";"SC";101;120;"ITAJAI";"Ausência de reação do condutor";"Tombamento";"Com Vítimas Feridas";"Plena Noite";"Decrescente";"Nublado";"Dupla";"Reta";"Não";2;0;1;0;1;0;1;1;"-26.912758";"-48.711998";"SPRF-SC";"DEL04-SC";"UOP04-DEL04-SC"
652470;2025-01-01;"quarta-feira";"01:15:00";"GO";153;414;"ANAPOLIS";"Transitar na contramão";"Colisão lateral sentido oposto";"Com Vítimas Feridas";"Plena Noite";"Decrescente";"Garoa/Chuvisco";"Simples";"Reta";"Não";5;0;0;1;4;0;1;2;"-16.133518";"-49.047565";"SPRF-GO";"DEL02-GO";"UOP02-DEL02-GO"