"id";"data_inversa";"dia_semana";"horario";"uf";"br";"km";"municipio";"causa_acidente";"tipo_acidente";"classificacao_acidente";"fase_dia";"sentido_via";"condicao_metereologica";"tipo_pista";"tracado_via";"uso_solo";"pessoas";"mortos";"feridos_leves";"feridos_graves";"ilesos";"ignorados";"feridos";"veiculos";"latitude";"longitude";"regional";"delegacia";"uop"
652567;2025-01-01;"quarta-feira";"14:40:00";"CE";222;64,9;"SAO GONCALO DO AMARANTE";"Conversão proibida";"Colisão lateral mesmo sentido";"Com Vítimas Feridas";"Pleno dia";"Crescente";"Céu Claro";"Simples";"Curva";"Não";2;0;0;1;1;0;1;2;"-3.67087";"-39.124455";"SPRF-CE";"DEL01-CE";"UOP03-DEL01-CE"
652568;2025-01-01;"quarta-feira";"14:00:00";"PA";230;120;"MARABA";"Acesso irregular";"Colisão transversal";"Com Vítimas Feridas";"Pleno dia";"Crescente";"Céu Claro";"Dupla";"Reta";"Não";2;0;0;1;0;1;1;2;"-5.35038318";"-49.11434";"SPRF-PA";"DEL03-PA";"UOP01-DEL03-PA"
652570;2025-01-01;"quarta-feira";"12:10:00";"ES";262;155;"IBATIBA";"Reação tardia ou ineficiente do condutor";"Colisão com objeto";"Com Vítimas Feridas";"Pleno dia";"Crescente";"Nublado";"Simples";"Reta";"Não";2;0;1;0;1;0;1;1;"-20.22651793";"-41.47055672";"SPRF-ES";"DEL01-ES";"UOP02-DEL01-ES"
652571;2025-01-01;"quarta-feira";"13:20:00";"RJ";116;129;"MAGE";"Condutor deixou de manter distância do veículo da frente";"Tombamento";"Sem Vítimas";"Pleno dia";"Decrescente";"Nublado";"Dupla";"Curva";"Não";1;0;0;0;1;0;0;1;"-22.66067042";"-43.1166172";"SPRF-RJ";"DEL04-RJ";"UOP02-DEL04-RJ"
652575;2025-01-01;"quarta-feira";"13:46:00";"BA";101;924;"NOVA VICOSA";"Reação tardia ou ineficiente do condutor";"Colisão lateral sentido oposto";"Com Vítimas Feridas";"Pleno dia";"Crescente";"Nublado";"Simples";"Reta";"Não";5;0;3;0;2;0;3;2;"-17.931067";"-39.839278";"SPRF-BA";"DEL09-BA";"UOP02-DEL09-BA"
652576;2025-01-01;"quarta-feira";"13:44:00";"GO";60;210,8;"VARJAO";"Ausência de reação do condutor";"Queda de ocupante de veículo";"Com Vítimas Feridas";"Pleno dia";"Decrescente";"Céu Claro";"Dupla";"Reta";"Não";1;0;1;0;0;0;1;1;"-16.9406";"-49.6717";"SPRF-GO";"DEL01-GO";"UOP02-DEL01-GO"
652578;2025-01-01;"quarta-feira";"14:25:00";"PB";230;10;"CABEDELO";"Acostamento em desnível";"Tombamento";"Com Vítimas Feridas";"Pleno dia";"Crescente";"Céu Claro";"Simples";"Reta;Em Obras";"Sim";1;0;1;0;0;0;1;1;"-7.0514";"-34.8499";"SPRF-PB";"DEL01-PB";"UOP01-DEL01-PB"
652579;2025-01-01;"quarta-feira";"14:00:00";"PR";277;131;"CAMPO LARGO";"Ingestão de álcool pelo condutor";"Saída de leito carroçável";"Com Vítimas Feridas";"Pleno dia";"Crescente";"Céu Claro";"Dupla";"Reta";"Não";1;0;0;1;0;0;1;1;"-25.44518045";"-49.4985659";"SPRF-PR";"DEL03-PR";"UOP03-DEL03-PR"
652580;2025-01-01;"quarta-feira";"15:15:00";"PB";101;64,5;"SANTA RITA";"Manobra de mudança de faixa";"Colisão traseira";"Com Vítimas Feridas";"Pleno dia";"Crescente";"Céu Claro";"Dupla";"Reta";"Não";3;0;0;1;1;1;1;3;"-7.03485287";"-35.05528078";"SPRF-PB";"DEL01-PB";"UOP04-DEL01-PB"
652581;2025-01-01;"quarta-feira";"14:05:00";"RJ";101;481,5;"ANGRA DOS REIS";"Ausência de reação do condutor";"Colisão traseira";"Com Vítimas Feridas";"Pleno dia";"Decrescente";"Nublado";"Simples";"Reta";"Sim";2;0;1;0;1;0;1;2;"-23.00976021";"-44.29153237";"SPRF-RJ";"DEL03-RJ";"UOP03-DEL03-RJ"
652582;2025-01-01;"quarta-feira";"15:20:00";"PR";376;407;"TIBAGI";"Demais falhas mecânicas ou elétricas";"Colisão com objeto";"Com Vítimas Feridas";"Pleno dia";"Decrescente";"Nublado";"Dupla";"Curva";"Não";2;0;2;0;0;0;2;1;"-24.6024391";"-50.66420585";"SPRF-PR";"DEL03-PR";"UOP02-DEL03-PR"
652583;2025-01-01;"quarta-feira";"15:13:00";"MS";163;755;"COXIM";"Demais falhas mecânicas ou elétricas";"Tombamento";"Com Vítimas Feridas";"Pleno dia";"Decrescente";"Céu Claro";"Simples";"Aclive";"Não";2;0;1;1;0;0;2;1;"-18.30225301";"-54.66631836";"SPRF-MS";"DEL06-MS";"UOP01-DEL06-MS"
652584;2025-01-01;"quarta-feira";"14:45:00";"MG";381;408;"NOVA UNIAO";"Pista Escorregadia";"Saída de leito carroçável";"Com Vítimas Feridas";"Pleno dia";"Crescente";"Chuva";"Dupla";"Reta;Declive";"Não";3;0;2;1;0;0;3;1;"-19.72515688";"-43.56957794";"SPRF-MG";"DEL01-MG";"UOP01-DEL01-MG"
652585;2025-01-01;"quarta-feira";"15:30:00";"CE";116;61,2;"CHOROZINHO";"Condutor deixou de manter distância do veículo da frente";"Engavetamento";"Com Vítimas Feridas";"Pleno dia";"Decrescente";"Céu Claro";"Simples";"Reta";"Não";6;0;2;0;3;1;2;5;"-4.25539588";"-38.48633338";"SPRF-CE";"DEL01-CE";"UOP02-DEL01-CE"
652588;2025-01-01;"quarta-feira";"16:20:00";"MG";381;564,9;"ITAGUARA";"Pedestre andava na pista";"Atropelamento de Pedestre";"Com Vítimas Fatais";"Pleno dia";"Decrescente";"Céu Claro";"Dupla";"Reta";"Sim";2;1;0;0;1;0;0;2;"-20.39337497";"-44.49681044";"SPRF-MG";"DEL04-MG";"UOP03-DEL04-MG"
652589;2025-01-01;"quarta-feira";"16:10:00";"RJ";116;203;"QUEIMADOS";"Acesso irregular";"Atropelamento de Pedestre";"Com Vítimas Feridas";"Pleno dia";"Decrescente";"Céu Claro";"Dupla";"Reta";"Sim";3;0;2;1;0;0;3;2;"-22.73096751";"-43.62245615";"SPRF-RJ";"DEL06-RJ";"UOP02-DEL06-RJ"
652590;2025-01-01;"quarta-feira";"13:20:00";"RN";304;116,4;"ITAJA";"Ingestão de álcool pelo condutor";"Saída de leito carroçável";"Sem Vítimas";"Pleno dia";"Crescente";"Céu Claro";"Simples";"Ponte;Reta";"Não";1;0;0;0;0;1;0;1;"-5.61789417";"-36.88865608";"SPRF-RN";"DEL04-RN";"UOP01-DEL04-RN"
652592;2025-01-01;"quarta-feira";"16:20:00";"SC";101;222,3;"PALHOCA";"Manobra de mudança de faixa";"Colisão lateral mesmo sentido";"Com Vítimas Feridas";"Pleno dia";"Decrescente";"Nublado";"Dupla";"Declive";"Não";2;0;1;0;1;0;1;2;"-27.70865409";"-48.65586407";"SPRF-SC";"DEL01-SC";"UOP02-DEL01-SC"
652593;2025-01-01;"quarta-feira";"16:00:00";"MG";262;580;"CAMPOS ALTOS";"Ausência de reação do condutor";"Queda de ocupante de veículo";"Com Vítimas Feridas";"Pleno dia";"Crescente";"Céu Claro";"Simples";"Retorno Regulamentado;Interseção de Vias;Rotatória";"Não";1;0;0;1;0;0;1;1;"-19.6646721";"-46.06563103";"SPRF-MG";"DEL08-MG";"UOP02-DEL08-MG"
652594;2025-01-01;"quarta-feira";"15:50:00";"PE";101;46;"IGARASSU";"Trafegar com motocicleta (ou similar) entre as faixas";"Colisão lateral mesmo sentido";"Com Vítimas Feridas";"Pleno dia";"Decrescente";"Céu Claro";"Múltipla";"Reta";"Sim";3;0;2;0;1;0;2;2;"-7.87406004";"-34.90588126";"SPRF-PE";"DEL01-PE";"UOP02-DEL01-PE"
652595;2025-01-01;"quarta-feira";"14:20:00";"RS";158;564;"SANTANA DO LIVRAMENTO";"Ausência de reação do condutor";"Colisão com objeto";"Sem Vítimas";"Pleno dia";"Crescente";"Céu Claro";"Simples";"Declive;Reta";"Não";2;0;0;0;1;1;0;2;"-30.86869677";"-55.50787794";"SPRF-RS";"DEL11-RS";"UOP01-DEL11-RS"
652596;2025-01-01;"quarta-feira";"15:50:00";"SC";280;19,8;"ARAQUARI";"Reação tardia ou ineficiente do condutor";"Colisão traseira";"Com Vítimas Feridas";"Pleno dia";"Crescente";"Nublado";"Simples";"Reta";"Não";2;0;1;0;0;1;1;2;"-26.3693676";"-48.67221803";"SPRF-SC";"DEL03-SC";"UOP03-DEL03-SC"
652597;2025-01-01;"quarta-feira";"16:26:00";"RJ";116;259;"VOLTA REDONDA";"Demais falhas mecânicas ou elétricas";"Queda de ocupante de veículo";"Com Vítimas Feridas";"Pleno dia";"Decrescente";"Nublado";"Dupla";"Reta";"Não";2;0;1;0;1;0;1;1;"-22.58204838";"-44.03112799";"SPRF-RJ";"DEL07-RJ";"UOP02-DEL07-RJ"
652598;2025-01-01;"quarta-feira";"16:10:00";"PI";316;10,9;"TERESINA";"Desrespeitar a preferência no cruzamento";"Colisão transversal";"Com Vítimas Feridas";"Pleno dia";"Crescente";"Sol";"Dupla";"Rotatória";"Sim";2;0;1;0;1;0;1;2;"-5.19103422";"-42.76066303";"SPRF-PI";"DEL01-PI";"UOP02-DEL01-PI"
652599;2025-01-01;"quarta-feira";"17:00:00";"CE";116;3,3;"FORTALEZA";"Condutor deixou de manter distância do veículo da frente";"Colisão traseira";"Com Vítimas Feridas";"Anoitecer";"Decrescente";"Céu Claro";"Dupla";"Reta";"Sim";2;0;0;1;1;0;1;2;"-3.77866493";"-38.51490171";"SPRF-CE";"DEL01-CE";"UOP02-DEL01-CE"
652600;2025-01-01;"quarta-feira";"16:15:00";"PB";230;124,2;"RIACHAO DO BACAMARTE";"Reação tardia ou ineficiente do condutor";"Saída de leito carroçável";"Com Vítimas Feridas";"Pleno dia";"Crescente";"Céu Claro";"Dupla";"Reta;Aclive";"Não";1;0;0;1;0;0;1;1;"-7.2465";"-35.6751";"SPRF-PB";"DEL02-PB";"UOP01-DEL02-PB"
652601;2025-01-01;"quarta-feira";"17:00:00";"SP";116;564;"BARRA DO TURVO";"Acumulo de água sobre o pavimento";"Colisão com objeto";"Com Vítimas Feridas";"Anoitecer";"Crescente";"Chuva";"Simples";"Curva";"Não";2;0;1;0;1;0;1;1;"-25.05014672";"-48.55373383";"SPRF-SP";"DEL05-SP";"UOP02-DEL05-SP"
652602;2025-01-01;"quarta-feira";"14:45:00";"MG";262;58,5;"MANHUACU";"Demais falhas mecânicas ou elétricas";"Incêndio";"Sem Vítimas";"Pleno dia";"Crescente";"Nublado";"Simples";"Reta";"Não";2;0;0;0;2;0;0;1;"-20.27569196";"-42.19796103";"SPRF-MG";"DEL06-MG";"UOP03-DEL06-MG"
652605;2025-01-01;"quarta-feira";"17:10:00";"PR";476;161,1;"ARAUCARIA";"Acessar a via sem observar a presença dos outros veículos";"Colisão frontal";"Sem Vítimas";"Pleno dia";"Decrescente";"Nublado";"Simples";"Reta";"Sim";2;0;0;0;1;1;0;2;"-25.563601";"-49.377041";"SPRF-PR";"DEL01-PR";"UOP06-DEL01-PR"
652606;2025-01-01;"quarta-feira";"17:15:00";"MG";381;908,3;"CAMBUI";"Ausência de reação do condutor";"Saída de leito carroçável";"Com Vítimas Feridas";"Pleno dia";"Crescente";"Chuva";"Dupla";"Curva";"Não";2;0;2;0;0;0;2;1;"-22.67643127";"-46.09828949";"SPRF-MG";"DEL16-MG";"UOP03-DEL16-MG"
652607;2025-01-01;"quarta-feira";"14:30:00";"PR";277;657,9;"MATELANDIA";"Ausência de reação do condutor";"Colisão com objeto";"Sem Vítimas";"Pleno dia";"Decrescente";"Céu Claro";"Dupla";"Aclive;Curva";"Não";1;0;0;0;0;1;0;1;"-25.24283274";"-53.97750378";"SPRF-PR";"DEL05-PR";"UOP02-DEL05-PR"
652608;2025-01-01;"quarta-feira";"16:00:00";"CE";20;376,7;"CAUCAIA";"Ultrapassagem Indevida";"Colisão frontal";"Com Vítimas Feridas";"Pleno dia";"Crescente";"Céu Claro";"Simples";"Reta";"Não";5;0;2;0;3;0;2;2;"-3.94627231";"-38.87101554";"SPRF-CE";"DEL01-CE";"UOP01-DEL01-CE"
652609;2025-01-01;"quarta-feira";"17:30:00";"PR";277;69,8;"SAO JOSE DOS PINHAIS";"Condutor deixou de manter distância do veículo da frente";"Engavetamento";"Com Vítimas Feridas";"Pleno dia";"Crescente";"Chuva";"Dupla";"Reta";"Sim";5;0;1;0;3;1;1;4;"-25.51417";"-49.121903";"SPRF-PR";"DEL01-PR";"UOP01-DEL01-PR"
652610;2025-01-01;"quarta-feira";"17:25:00";"BA";324;615;"SIMOES FILHO";"Manobra de mudança de faixa";"Colisão traseira";"Com Vítimas Feridas";"Pleno dia";"Decrescente";"Céu Claro";"Dupla";"Interseção de Vias;Reta";"Sim";4;0;2;0;1;1;2;3;"-12.87206398";"-38.42746403";"SPRF-BA";"DEL01-BA";"UOP01-DEL01-BA"
652611;2025-01-01;"quarta-feira";"16:45:00";"PR";116;66;"CAMPINA GRANDE DO SUL";"Velocidade Incompatível";"Colisão traseira";"Com Vítimas Feridas";"Pleno dia";"Decrescente";"Nublado";"Dupla";"Reta";"Não";7;0;2;0;5;0;2;2;"-25.31033956";"-49.01212903";"SPRF-PR";"DEL01-PR";"UOP02-DEL01-PR"
652612;2025-01-01;"quarta-feira";"17:05:00";"RS";290;43;"GLORINHA";"Ausência de reação do condutor";"Saída de leito carroçável";"Com Vítimas Feridas";"Pleno dia";"Crescente";"Garoa/Chuvisco";"Dupla";"Reta";"Não";5;0;1;0;4;0;1;1;"-29.889574";"-50.689316";"SPRF-RS";"DEL03-RS";"UOP01-DEL03-RS"
652613;2025-01-01;"quarta-feira";"17:50:00";"RS";290;42;"GLORINHA";"Manobra de mudança de faixa";"Colisão lateral mesmo sentido";"Com Vítimas Feridas";"Pleno dia";"Crescente";"Chuva";"Dupla";"Reta";"Não";2;0;1;0;1;0;1;2;"-29.888767";"-50.679028";"SPRF-RS";"DEL03-RS";"UOP01-DEL03-RS"
652614;2025-01-01;"quarta-feira";"14:15:00";"RO";174;13;"VILHENA";"Velocidade Incompatível";"Colisão lateral mesmo sentido";"Com Vítimas Feridas";"Pleno dia";"Decrescente";"Nublado";"Dupla";"Reta;Interseção de Vias";"Sim";3;0;1;1;1;0;2;2;"-12.74140004";"-60.13026401";"SPRF-RO";"DEL04-RO";"UOP01-DEL04-RO"
652615;2025-01-01;"quarta-feira";"11:00:00";"DF";20;15;"BRASILIA";"Reação tardia ou ineficiente do condutor";"Saída de leito carroçável";"Sem Vítimas";"Pleno dia";"Decrescente";"Nublado";"Dupla";"Declive;Reta";"Sim";2;0;0;0;0;2;0;1;"-15.630189";"-47.733288";"SPRF-DF";"DEL02-DF";"UOP01-DEL02-DF"
652616;2025-01-01;"quarta-feira";"17:38:00";"RJ";101;322;"NITEROI";"Ausência de reação do condutor";"Colisão lateral mesmo sentido";"Com Vítimas Feridas";"Anoitecer";"Crescente";"Céu Claro";"Dupla";"Reta";"Sim";3;0;2;0;1;0;2;2;"-22.878923";"-43.110676";"SPRF-RJ";"DEL02-RJ";"UOP01-DEL02-RJ"
652620;2025-01-01;"quarta-feira";"16:55:00";"PB";230;115,3;"INGA";"Condutor deixou de manter distância do veículo da frente";"Colisão traseira";"Com Vítimas Feridas";"Pleno dia";"Crescente";"Céu Claro";"Dupla";"Curva";"Não";2;0;0;1;0;1;1;2;"-7.2296";"-35.5998";"SPRF-PB";"DEL01-PB";"UOP03-DEL01-PB"
652621;2025-01-01;"quarta-feira";"14:40:00";"MG";116;406,6;"GOVERNADOR VALADARES";"Acessar a via sem observar a presença dos outros veículos";"Colisão traseira";"Sem Vítimas";"Pleno dia";"Crescente";"Nublado";"Simples";"Reta";"Sim";2;0;0;0;2;0;0;2;"-18.82669347";"-41.98753335";"SPRF-MG";"DEL06-MG";"UOP01-DEL06-MG"
652622;2025-01-01;"quarta-feira";"18:00:00";"SC";101;115;"ITAJAI";"Avarias e/ou desgaste excessivo no pneu";"Tombamento";"Com Vítimas Feridas";"Anoitecer";"Crescente";"Nublado";"Dupla";"Reta";"Não";2;0;2;0;0;0;2;1;"-26.87064015";"-48.72954134";"SPRF-SC";"DEL04-SC";"UOP04-DEL04-SC"
652623;2025-01-01;"quarta-feira";"18:40:00";"ES";101;288,3;"CARIACICA";"Demais falhas mecânicas ou elétricas";"Colisão com objeto";"Com Vítimas Feridas";"Plena Noite";"Crescente";"Nublado";"Dupla";"Reta";"Sim";1;0;1;0;0;0;1;1;"-20.2738116";"-40.39210439";"SPRF-ES";"DEL01-ES";"UOP01-DEL01-ES"
652624;2025-01-01;"quarta-feira";"17:00:00";"PR";369;91,2;"CORNELIO PROCOPIO";"Falta de elemento de contenção que evite a saída do leito carroçável";"Saída de leito carroçável";"Com Vítimas Feridas";"Pleno dia";"Crescente";"Chuva";"Simples";"Reta;Declive";"Sim";5;0;3;1;1;0;4;1;"-23.202938";"-50.655234";"SPRF-PR";"DEL07-PR";"UOP05-DEL07-PR"
652626;2025-01-01;"quarta-feira";"18:01:00";"SC";280;11;"SAO FRANCISCO DO SUL";"Acessar a via sem observar a presença dos outros veículos";"Colisão transversal";"Com Vítimas Feridas";"Pleno dia";"Crescente";"Nublado";"Simples";"Reta";"Não";2;0;0;1;1;0;1;2;"-26.3301861";"-48.65148076";"SPRF-SC";"DEL03-SC";"UOP03-DEL03-SC"
652627;2025-01-01;"quarta-feira";"18:25:00";"MG";40;720,6;"BARBACENA";"Reação tardia ou ineficiente do condutor";"Colisão traseira";"Com Vítimas Feridas";"Plena Noite";"Decrescente";"Chuva";"Dupla";"Reta";"Sim";7;0;3;0;4;0;3;2;"-21.2939763";"-43.62048364";"SPRF-MG";"DEL05-MG";"UOP01-DEL05-MG"
652629;2025-01-01;"quarta-feira";"17:00:00";"PR";277;213;"PALMEIRA";"Velocidade Incompatível";"Saída de leito carroçável";"Com Vítimas Feridas";"Pleno dia";"Decrescente";"Nublado";"Simples";"Curva";"Não";2;0;2;0;0;0;2;1;"-25.461229";"-50.331289";"SPRF-PR";"DEL08-PR";"UOP02-DEL08-PR"
652630;2025-01-01;"quarta-feira";"18:37:00";"RN";226;4;"NATAL";"Pedestre andava na pista";"Atropelamento de Pedestre";"Com Vítimas Feridas";"Plena Noite";"Crescente";"Céu Claro";"Simples";"Reta";"Sim";2;0;2;0;0;0;2;2;"-5.81958019";"-35.25969486";"SPRF-RN";"DEL01-RN";"UOP02-DEL01-RN"
652632;2025-01-01;"quarta-feira";"18:00:00";"SC";280;143,9;"MAFRA";"Transitar na contramão";"Colisão frontal";"Com Vítimas Feridas";"Anoitecer";"Decrescente";"Garoa/Chuvisco";"Simples";"Curva";"Não";6;0;3;1;2;0;4;3;"-26.24541406";"-49.63661103";"SPRF-SC";"DEL06-SC";"UOP03-DEL06-SC"
652633;2025-01-01;"quarta-feira";"17:45:00";"MG";40;631,2;"CONSELHEIRO LAFAIETE";"Ausência de reação do condutor";"Colisão lateral sentido oposto";"Sem Vítimas";"Pleno dia";"Crescente";"Céu Claro";"Simples";"Reta";"Sim";2;0;0;0;1;1;0;2;"-20.66692199";"-43.80314095";"SPRF-MG";"DEL05-MG";"UOP02-DEL05-MG"
652634;2025-01-01;"quarta-feira";"19:25:00";"MG";365;689,5;"MONTE ALEGRE DE MINAS";"Pedestre cruzava a pista fora da faixa";"Atropelamento de Pedestre";"Com Vítimas Feridas";"Plena Noite";"Crescente";"Nublado";"Dupla";"Reta";"Não";2;0;0;1;0;1;1;2;"-18.87617045";"-48.89351998";"SPRF-MG";"DEL15-MG";"UOP03-DEL15-MG"
652635;2025-01-01;"quarta-feira";"18:22:00";"CE";116;68;"CHOROZINHO";"Transitar na contramão";"Colisão lateral sentido oposto";"Com Vítimas Fatais";"Anoitecer";"Decrescente";"Céu Claro";"Simples";"Reta";"Não";6;1;0;0;3;2;0;3;"-4.3140702";"-38.49723925";"SPRF-CE";"DEL01-CE";"UOP02-DEL01-CE"
652636;2025-01-01;"quarta-feira";"19:00:00";"PR";277;47;"MORRETES";"Chuva";"Tombamento";"Com Vítimas Feridas";"Plena Noite";"Crescente";"Chuva";"Dupla";"Reta";"Não";2;0;2;0;0;0;2;1;"-25.58937591";"-48.87336932";"SPRF-PR";"DEL01-PR";"UOP05-DEL01-PR"
652637;2025-01-01;"quarta-feira";"13:20:00";"SC";280;102;"SAO BENTO DO SUL";"Chuva";"Queda de ocupante de veículo";"Com Vítimas Feridas";"Pleno dia";"Crescente";"Chuva";"Simples";"Aclive;Curva";"Não";2;0;0;1;1;0;1;1;"-26.36381888";"-49.34016753";"SPRF-SC";"DEL06-SC";"UOP03-DEL06-SC"
652638;2025-01-01;"quarta-feira";"19:05:00";"PR";277;584,3;"CASCAVEL";"Ingestão de álcool pelo condutor";"Colisão com objeto";"Sem Vítimas";"Anoitecer";"Crescente";"Céu Claro";"Múltipla";"Interseção de Vias;Viaduto;Rotatória;Curva";"Sim";1;0;0;0;1;0;0;1;"-24.9642727";"-53.40655804";"SPRF-PR";"DEL04-PR";"UOP01-DEL04-PR"
652639;2025-01-01;"quarta-feira";"19:30:00";"RJ";101;512;"ANGRA DOS REIS";"Condutor deixou de manter distância do veículo da frente";"Colisão traseira";"Sem Vítimas";"Pleno dia";"Decrescente";"Nublado";"Simples";"Ponte";"Não";3;0;0;0;3;0;0;3;"-22.96909";"-44.44151";"SPRF-RJ";"DEL03-RJ";"UOP03-DEL03-RJ"
652640;2025-01-01;"quarta-feira";"19:00:00";"BA";116;828,3;"VITORIA DA CONQUISTA";"Acesso irregular";"Colisão com objeto";"Com Vítimas Feridas";"Plena Noite";"Decrescente";"Nublado";"Dupla";"Reta";"Sim";2;0;2;0;0;0;2;1;"-14.896664";"-40.865994";"SPRF-BA";"DEL08-BA";"UOP01-DEL08-BA"
652641;2025-01-01;"quarta-feira";"19:30:00";"SE";101;95;"SAO CRISTOVAO";"Ingestão de álcool pelo condutor";"Colisão com objeto";"Com Vítimas Feridas";"Plena Noite";"Crescente";"Céu Claro";"Simples";"Curva;Retorno Regulamentado";"Não";1;0;1;0;0;0;1;1;"-10.91877187";"-37.16854161";"SPRF-SE";"DEL02-SE";"UOP01-DEL02-SE"
652642;2025-01-01;"quarta-feira";"20:20:00";"RN";101;85,7;"NATAL";"Reação tardia ou ineficiente do condutor";"Colisão com objeto";"Com Vítimas Feridas";"Plena Noite";"Decrescente";"Céu Claro";"Dupla";"Reta;Em Obras;Ponte";"Sim";7;0;5;0;2;0;5;1;"-5.78457455";"-35.2464956";"SPRF-RN";"DEL02-RN";"UOP01-DEL02-RN"
652643;2025-01-01;"quarta-feira";"20:30:00";"ES";262;124,6;"CONCEICAO DO CASTELO";"Ingestão de álcool pelo condutor";"Colisão lateral sentido oposto";"Com Vítimas Feridas";"Plena Noite";"Crescente";"Chuva";"Simples";"Curva";"Não";4;0;2;0;2;0;2;3;"-20.28654241";"-41.25440952";"SPRF-ES";"DEL01-ES";"UOP02-DEL01-ES"
652644;2025-01-01;"quarta-feira";"19:50:00";"PI";316;32,3;"DEMERVAL LOBAO";"Ausência de reação do condutor";"Colisão traseira";"Sem Vítimas";"Plena Noite";"Crescente";"Céu Claro";"Dupla";"Reta";"Sim";2;0;0;0;2;0;0;2;"-5.34217984";"-42.68627493";"SPRF-PI";"DEL01-PI";"UOP02-DEL01-PI"
652645;2025-01-01;"quarta-feira";"20:00:00";"MG";116;626,9;"ORIZANIA";"Pedestre andava na pista";"Atropelamento de Pedestre";"Com Vítimas Fatais";"Plena Noite";"Crescente";"Garoa/Chuvisco";"Simples";"Aclive;Reta";"Não";2;1;0;1;0;0;1;2;"-20.547563";"-42.208299";"SPRF-MG";"DEL07-MG";"UOP02-DEL07-MG"
652647;2025-01-01;"quarta-feira";"19:00:00";"MT";163;750;"SORRISO";"Ausência de reação do condutor";"Colisão com objeto";"Com Vítimas Feridas";"Plena Noite";"Decrescente";"Céu Claro";"Dupla";"Rotatória;Reta";"Não";1;0;1;0;0;0;1;1;"-12.573227";"-55.727875";"SPRF-MT";"DEL06-MT";"UOP01-DEL06-MT"
652649;2025-01-01;"quarta-feira";"19:30:00";"BA";367;23;"PORTO SEGURO";"Acesso irregular";"Colisão frontal";"Com Vítimas Feridas";"Plena Noite";"Crescente";"Céu Claro";"Simples";"Reta";"Sim";2;0;1;0;1;0;1;2;"-16.43517732";"-39.07201198";"SPRF-BA";"DEL09-BA";"UOP03-DEL09-BA"
652650;2025-01-01;"quarta-feira";"20:55:00";"RS";290;53;"GLORINHA";"Reação tardia ou ineficiente do condutor";"Colisão traseira";"Com Vítimas Feridas";"Plena Noite";"Crescente";"Chuva";"Dupla";"Reta";"Não";2;0;1;0;1;0;1;2;"-29.912077";"-50.787758";"SPRF-RS";"DEL03-RS";"UOP01-DEL03-RS"
652651;2025-01-01;"quarta-feira";"20:40:00";"SP";116;567;"BARRA DO TURVO";"Chuva";"Queda de ocupante de veículo";"Com Vítimas Feridas";"Plena Noite";"Crescente";"Chuva";"Simples";"Curva;Declive";"Não";1;0;1;0;0;0;1;1;"-25.0475499";"-48.55355172";"SPRF-SP";"DEL05-SP";"UOP02-DEL05-SP"
652652;2025-01-01;"quarta-feira";"16:00:00";"MG";251;319,4;"SALINAS";"Transitar na contramão";"Colisão frontal";"Com Vítimas Fatais";"Pleno dia";"Crescente";"Nublado";"Simples";"Curva;Aclive";"Não";3;2;0;0;1;0;0;2;"-16.17279";"-42.33262";"SPRF-MG";"DEL12-MG";"UOP02-DEL12-MG"
652653;2025-01-01;"quarta-feira";"19:45:00";"RS";293;90,5;"PIRATINI";"Afundamento ou ondulação no pavimento";"Saída de leito carroçável";"Com Vítimas Feridas";"Anoitecer";"Decrescente";"Ignorado";"Simples";"Declive";"Não";1;0;1;0;0;0;1;1;"-31.636463";"-53.217259";"SPRF-RS";"DEL07-RS";"UOP01-DEL07-RS"
652657;2025-01-01;"quarta-feira";"19:30:00";"PR";277;12;"PARANAGUA";"Ausência de reação do condutor";"Tombamento";"Com Vítimas Feridas";"Plena Noite";"Crescente";"Garoa/Chuvisco";"Dupla";"Reta";"Não";2;0;2;0;0;0;2;1;"-25.563497";"-48.63496";"SPRF-PR";"DEL01-PR";"UOP05-DEL01-PR"
652658;2025-01-01;"quarta-feira";"10:15:00";"SP";101;46;"UBATUBA";"Acesso irregular";"Colisão transversal";"Com Vítimas Feridas";"Pleno dia";"Decrescente";"Céu Claro";"Simples";"Reta";"Sim";2;0;1;0;1;0;1;2;"-23.42403383";"-45.07492113";"SPRF-SP";"DEL06-SP";"UOP01-DEL06-SP"
652659;2025-01-01;"quarta-feira";"21:15:00";"PR";376;636,5;"TIJUCAS DO SUL";"Manobra de mudança de faixa";"Colisão lateral mesmo sentido";"Com Vítimas Feridas";"Plena Noite";"Decrescente";"Nublado";"Dupla";"Declive";"Não";4;0;2;0;2;0;2;2;"-25.76723798";"-49.12369251";"SPRF-PR";"DEL01-PR";"UOP04-DEL01-PR"
652660;2025-01-01;"quarta-feira";"20:15:00";"SP";101;16,5;"UBATUBA";"Transitar no Acostamento";"Atropelamento de Pedestre";"Com Vítimas Feridas";"Plena Noite";"Crescente";"Céu Claro";"Simples";"Reta";"Não";2;0;0;1;0;1;1;2;"-23.32700315";"-44.88452224";"SPRF-SP";"DEL06-SP";"UOP01-DEL06-SP"
652661;2025-01-01;"quarta-feira";"18:45:00";"PR";116;47;"CAMPINA GRANDE DO SUL";"Chuva";"Saída de leito carroçável";"Com Vítimas Feridas";"Amanhecer";"Crescente";"Chuva";"Dupla";"Reta";"Não";1;0;1;0;0;0;1;1;"-25.21058799";"-48.89720903";"SPRF-PR";"DEL01-PR";"UOP02-DEL01-PR"