"id";"data_inversa";"dia_semana";"horario";"uf";"br";"km";"municipio";"causa_acidente";"tipo_acidente";"classificacao_acidente";"fase_dia";"sentido_via";"condicao_metereologica";"tipo_pista";"tracado_via";"uso_solo";"pessoas";"mortos";"feridos_leves";"feridos_graves";"ilesos";"ignorados";"feridos";"veiculos";"latitude";"longitude";"regional";"delegacia";"uop"
652662;2025-01-01;"quarta-feira";"21:20:00";"PR";163;184,9;"SANTA TEREZA DO OESTE";"Velocidade Incompatível";"Saída de leito carroçável";"Sem Vítimas";"Plena Noite";"Decrescente";"Céu Claro";"Dupla";"Curva";"Não";1;0;0;0;1;0;0;1;"-25.14321919";"-53.58795779";"SPRF-PR";"DEL05-PR";"UOP05-DEL05-PR"
652663;2025-01-01;"quarta-feira";"19:05:00";"MG";116;116,9;"ITAOBIM";"Acessar a via sem observar a presença dos outros veículos";"Colisão traseira";"Com Vítimas Feridas";"Plena Noite";"Decrescente";"Ignorado";"Simples";"Interseção de Vias";"Sim";6;0;2;0;4;0;2;3;"-16.565216";"-41.504654";"SPRF-MG";"DEL11-MG";"UOP02-DEL11-MG"
652664;2025-01-01;"quarta-feira";"17:30:00";"PE";104;73;"CARUARU";"Ultrapassagem Indevida";"Atropelamento de Pedestre";"Com Vítimas Feridas";"Anoitecer";"Decrescente";"Céu Claro";"Simples";"Aclive;Reta";"Não";3;0;0;1;1;1;1;2;"-8.341347";"-35.982346";"SPRF-PE";"DEL02-PE";"UOP01-DEL02-PE"
652665;2025-01-01;"quarta-feira";"20:45:00";"PI";343;345,5;"TERESINA";"Acessar a via sem observar a presença dos outros veículos";"Colisão lateral sentido oposto";"Com Vítimas Feridas";"Plena Noite";"Decrescente";"Céu Claro";"Simples";"Reta;Interseção de Vias";"Sim";3;0;1;0;2;0;1;2;"-5.102889";"-42.766506";"SPRF-PI";"DEL01-PI";"UOP01-DEL01-PI"
652666;2025-01-01;"quarta-feira";"21:00:00";"RS";386;439;"NOVA SANTA RITA";"Ausência de reação do condutor";"Colisão traseira";"Com Vítimas Feridas";"Plena Noite";"Decrescente";"Nublado";"Dupla";"Reta";"Não";1;0;1;0;0;0;1;1;"-29.87313079";"-51.24708306";"SPRF-RS";"DEL04-RS";"UOP02-DEL04-RS"
652667;2025-01-01;"quarta-feira";"21:45:00";"SC";101;58;"ARAQUARI";"Reação tardia ou ineficiente do condutor";"Colisão com objeto";"Com Vítimas Feridas";"Plena Noite";"Decrescente";"Chuva";"Múltipla";"Curva";"Não";3;0;3;0;0;0;3;1;"-26.44025049";"-48.80129043";"SPRF-SC";"DEL03-SC";"UOP02-DEL03-SC"
652668;2025-01-01;"quarta-feira";"20:20:00";"MT";364;580;"DIAMANTINO";"Reação tardia ou ineficiente do condutor";"Saída de leito carroçável";"Sem Vítimas";"Plena Noite";"Decrescente";"Céu Claro";"Dupla";"Reta";"Não";1;0;0;0;1;0;0;1;"-14.65567222";"-56.29443276";"SPRF-MT";"DEL01-MT";"UOP01-DEL01-MT"
652669;2025-01-01;"quarta-feira";"19:50:00";"MT";163;753;"SORRISO";"Transitar na contramão";"Queda de ocupante de veículo";"Com Vítimas Feridas";"Plena Noite";"Crescente";"Céu Claro";"Dupla";"Reta";"Sim";1;0;1;0;0;0;1;1;"-12.64601993";"-55.78671414";"SPRF-MT";"DEL06-MT";"UOP01-DEL06-MT"
652670;2025-01-01;"quarta-feira";"22:00:00";"PR";376;666,4;"GUARATUBA";"Velocidade Incompatível";"Capotamento";"Com Vítimas Feridas";"Pleno dia";"Decrescente";"Garoa/Chuvisco";"Dupla";"Aclive;Curva";"Não";2;0;1;0;1;0;1;1;"-25.86037408";"-48.95087256";"SPRF-PR";"DEL01-PR";"UOP04-DEL01-PR"
652672;2025-01-01;"quarta-feira";"22:20:00";"MG";40;277;"TRES MARIAS";"Acumulo de água sobre o pavimento";"Saída de leito carroçável";"Sem Vítimas";"Plena Noite";"Decrescente";"Chuva";"Simples";"Curva";"Não";1;0;0;0;1;0;0;1;"-18.21264695";"-45.22480595";"SPRF-MG";"DEL14-MG";"UOP02-DEL14-MG"
652673;2025-01-01;"quarta-feira";"19:37:00";"PR";369;56,9;"BANDEIRANTES";"Condutor desrespeitou a iluminação vermelha do semáforo";"Colisão frontal";"Com Vítimas Feridas";"Plena Noite";"Crescente";"Céu Claro";"Simples";"Interseção de Vias;Reta";"Sim";2;0;1;0;1;0;1;2;"-23.119671";"-50.377422";"SPRF-PR";"DEL07-PR";"UOP05-DEL07-PR"
652674;2025-01-01;"quarta-feira";"17:30:00";"RJ";116;270;"VOLTA REDONDA";"Reação tardia ou ineficiente do condutor";"Colisão com objeto";"Com Vítimas Feridas";"Pleno dia";"Crescente";"Sol";"Múltipla";"Reta";"Não";8;0;3;0;5;0;3;4;"-22.56923335";"-44.12024318";"SPRF-RJ";"DEL07-RJ";"UOP02-DEL07-RJ"
652676;2025-01-01;"quarta-feira";"23:00:00";"RJ";40;123,8;"DUQUE DE CAXIAS";"Reação tardia ou ineficiente do condutor";"Colisão lateral mesmo sentido";"Com Vítimas Feridas";"Plena Noite";"Decrescente";"Céu Claro";"Múltipla";"Reta";"Sim";3;0;3;0;0;0;3;2;"-22.79907687";"-43.29015739";"SPRF-RJ";"DEL01-RJ";"UOP02-DEL01-RJ"
652677;2025-01-01;"quarta-feira";"17:00:00";"PI";316;336,5;"GEMINIANO";"Manobra de mudança de faixa";"Colisão lateral sentido oposto";"Com Vítimas Feridas";"Pleno dia";"Crescente";"Céu Claro";"Simples";"Reta";"Não";2;0;1;0;1;0;1;2;"-7.10961002";"-41.245025";"SPRF-PI";"DEL04-PI";"UOP01-DEL04-PI"
652678;2025-01-01;"quarta-feira";"22:48:00";"MS";262;265,5;"RIBAS DO RIO PARDO";"Animais na Pista";"Atropelamento de Animal";"Com Vítimas Fatais";"Plena Noite";"Decrescente";"Céu Claro";"Simples";"Reta";"Não";1;1;0;0;0;0;0;1;"-20.4299829";"-53.97832505";"SPRF-MS";"DEL01-MS";"UOP05-DEL01-MS"
652679;2025-01-02;"quinta-feira";"00:30:00";"PR";277;64;"SAO JOSE DOS PINHAIS";"Velocidade Incompatível";"Saída de leito carroçável";"Sem Vítimas";"Plena Noite";"Crescente";"Nublado";"Dupla";"Reta";"Não";1;0;0;0;0;1;0;1;"-25.55703867";"-49.02612685";"SPRF-PR";"DEL01-PR";"UOP01-DEL01-PR"
652680;2025-01-01;"quarta-feira";"23:40:00";"SC";480;125,5;"CHAPECO";"Ausência de reação do condutor";"Saída de leito carroçável";"Com Vítimas Feridas";"Plena Noite";"Decrescente";"Chuva";"Múltipla";"Aclive;Reta";"Não";1;0;1;0;0;0;1;1;"-27.01410583";"-52.63789058";"SPRF-SC";"DEL07-SC";"UOP01-DEL07-SC"
652681;2025-01-02;"quinta-feira";"01:30:00";"PR";153;204;"TIBAGI";"Reação tardia ou ineficiente do condutor";"Saída de leito carroçável";"Com Vítimas Feridas";"Plena Noite";"Crescente";"Céu Claro";"Simples";"Interseção de Vias;Rotatória";"Não";4;0;4;0;0;0;4;1;"-24.49947212";"-50.44548845";"SPRF-PR";"DEL03-PR";"UOP02-DEL03-PR"
652682;2025-01-02;"quinta-feira";"02:30:00";"SC";101;124;"ITAJAI";"Deficiência do Sistema de Iluminação/Sinalização";"Colisão traseira";"Com Vítimas Feridas";"Plena Noite";"Decrescente";"Nublado";"Dupla";"Reta";"Não";2;0;1;0;0;1;1;2;"-26.94335064";"-48.69198648";"SPRF-SC";"DEL04-SC";"UOP04-DEL04-SC"
652683;2025-01-02;"quinta-feira";"03:50:00";"PI";316;314;"PICOS";"Conversão proibida";"Colisão transversal";"Com Vítimas Feridas";"Plena Noite";"Crescente";"Céu Claro";"Simples";"Interseção de Vias;Reta";"Sim";3;0;1;1;0;1;2;2;"-7.07938614";"-41.43321991";"SPRF-PI";"DEL04-PI";"UOP01-DEL04-PI"
652684;2025-01-02;"quinta-feira";"04:30:00";"MG";262;37,5;"MANHUACU";"Ausência de reação do condutor";"Saída de leito carroçável";"Sem Vítimas";"Amanhecer";"Crescente";"Céu Claro";"Simples";"Reta";"Sim";2;0;0;0;2;0;0;1;"-20.25748975";"-42.03048732";"SPRF-MG";"DEL06-MG";"UOP03-DEL06-MG"
652685;2025-01-02;"quinta-feira";"05:15:00";"RS";470;217;"BENTO GONCALVES";"Reação tardia ou ineficiente do condutor";"Colisão com objeto";"Com Vítimas Feridas";"Pleno dia";"Decrescente";"Nublado";"Dupla";"Aclive;Curva;Interseção de Vias;Rotatória";"Sim";2;0;1;0;1;0;1;1;"-29.16462512";"-51.52551964";"SPRF-RS";"DEL06-RS";"UOP01-DEL06-RS"
652686;2025-01-02;"quinta-feira";"04:30:00";"BA";116;403,9;"FEIRA DE SANTANA";"Animais na Pista";"Atropelamento de Animal";"Sem Vítimas";"Plena Noite";"Crescente";"Céu Claro";"Dupla";"Reta";"Não";4;0;0;0;4;0;0;2;"-12.06301657";"-38.96984811";"SPRF-BA";"DEL02-BA";"UOP01-DEL02-BA"
652688;2025-01-01;"quarta-feira";"22:25:00";"MT";70;499,6;"CUIABA";"Conversão proibida";"Colisão lateral mesmo sentido";"Com Vítimas Feridas";"Plena Noite";"Decrescente";"Nublado";"Simples";"Reta";"Não";3;0;1;1;0;1;2;2;"-15.67966827";"-56.01505637";"SPRF-MT";"DEL01-MT";"UOP02-DEL01-MT"
652689;2025-01-02;"quinta-feira";"06:17:00";"SC";101;197;"SAO JOSE";"Acessar a via sem observar a presença dos outros veículos";"Colisão lateral mesmo sentido";"Com Vítimas Feridas";"Pleno dia";"Crescente";"Céu Claro";"Simples";"Reta";"Sim";2;0;1;0;1;0;1;2;"-27.51844497";"-48.63848496";"SPRF-SC";"DEL01-SC";"UOP01-DEL01-SC"
652692;2025-01-02;"quinta-feira";"06:54:00";"ES";101;51,4;"SAO MATEUS";"Ausência de reação do condutor";"Saída de leito carroçável";"Com Vítimas Feridas";"Pleno dia";"Crescente";"Céu Claro";"Simples";"Reta";"Não";2;0;1;0;1;0;1;1;"-18.59458104";"-39.88970815";"SPRF-ES";"DEL04-ES";"UOP02-DEL04-ES"
652693;2025-01-02;"quinta-feira";"06:35:00";"RJ";101;329;"RIO DE JANEIRO";"Reação tardia ou ineficiente do condutor";"Colisão traseira";"Com Vítimas Feridas";"Pleno dia";"Crescente";"Céu Claro";"Dupla";"Ponte;Declive;Reta";"Não";2;0;1;0;0;1;1;2;"-22.86939305";"-43.175642";"SPRF-RJ";"DEL02-RJ";"UOP01-DEL02-RJ"
652694;2025-01-02;"quinta-feira";"07:00:00";"BA";324;609;"SIMOES FILHO";"Ausência de reação do condutor";"Colisão traseira";"Sem Vítimas";"Pleno dia";"Crescente";"Céu Claro";"Dupla";"Reta";"Sim";1;0;0;0;1;0;0;1;"-12.82066";"-38.40798";"SPRF-BA";"DEL01-BA";"UOP01-DEL01-BA"
652695;2025-01-02;"quinta-feira";"07:05:00";"PE";101;69;"RECIFE";"Reação tardia ou ineficiente do condutor";"Queda de ocupante de veículo";"Com Vítimas Feridas";"Pleno dia";"Crescente";"Céu Claro";"Múltipla";"Reta";"Não";1;0;0;1;0;0;1;1;"-8.05951606";"-34.94581024";"SPRF-PE";"DEL01-PE";"UOP01-DEL01-PE"
652696;2025-01-02;"quinta-feira";"07:00:00";"MG";50;52;"ARAGUARI";"Reação tardia ou ineficiente do condutor";"Colisão com objeto";"Com Vítimas Feridas";"Pleno dia";"Decrescente";"Céu Claro";"Dupla";"Reta";"Não";1;0;1;0;0;0;1;1;"-18.75140135";"-48.2369687";"SPRF-MG";"DEL15-MG";"UOP02-DEL15-MG"
652697;2025-01-02;"quinta-feira";"07:40:00";"ES";101;163;"LINHARES";"Acessar a via sem observar a presença dos outros veículos";"Colisão transversal";"Com Vítimas Feridas";"Pleno dia";"Crescente";"Nublado";"Simples";"Interseção de Vias";"Não";2;0;1;0;1;0;1;2;"-19.49806194";"-40.13058524";"SPRF-ES";"DEL04-ES";"UOP01-DEL04-ES"
652698;2025-01-02;"quinta-feira";"06:55:00";"RN";304;41;"MOSSORO";"Acessar a via sem observar a presença dos outros veículos";"Colisão lateral mesmo sentido";"Com Vítimas Feridas";"Pleno dia";"Decrescente";"Céu Claro";"Dupla";"Retorno Regulamentado";"Sim";3;0;0;2;1;0;2;2;"-5.20483515";"-37.37615746";"SPRF-RN";"DEL04-RN";"UOP01-DEL04-RN"
652700;2025-01-02;"quinta-feira";"07:00:00";"RJ";101;53;"CAMPOS DOS GOYTACAZES";"Demais falhas mecânicas ou elétricas";"Tombamento";"Com Vítimas Feridas";"Pleno dia";"Crescente";"Céu Claro";"Simples";"Reta";"Não";2;0;2;0;0;0;2;1;"-21.64578107";"-41.31151199";"SPRF-RJ";"DEL08-RJ";"UOP01-DEL08-RJ"
652702;2025-01-02;"quinta-feira";"06:40:00";"PE";407;110;"PETROLINA";"Reação tardia ou ineficiente do condutor";"Colisão transversal";"Com Vítimas Feridas";"Pleno dia";"Crescente";"Céu Claro";"Simples";"Reta";"Sim";2;0;1;0;1;0;1;2;"-9.25998286";"-40.60533876";"SPRF-PE";"DEL06-PE";"UOP01-DEL06-PE"
652704;2025-01-02;"quinta-feira";"06:40:00";"RJ";116;285;"BARRA MANSA";"Demais falhas mecânicas ou elétricas";"Incêndio";"Sem Vítimas";"Pleno dia";"Decrescente";"Céu Claro";"Dupla";"Reta";"Sim";1;0;0;0;1;0;0;1;"-22.50496778";"-44.22509483";"SPRF-RJ";"DEL07-RJ";"UOP02-DEL07-RJ"
652705;2025-01-02;"quinta-feira";"07:50:00";"GO";40;2,9;"VALPARAISO DE GOIAS";"Acessar a via sem observar a presença dos outros veículos";"Colisão transversal";"Com Vítimas Feridas";"Pleno dia";"Crescente";"Céu Claro";"Dupla";"Reta";"Sim";2;0;1;0;1;0;1;2;"-16.067129";"-47.984235";"SPRF-DF";"DEL01-DF";"UOP01-DEL01-DF"
652707;2025-01-02;"quinta-feira";"06:00:00";"RN";304;192;"LAJES";"Acessar a via sem observar a presença dos outros veículos";"Colisão transversal";"Com Vítimas Feridas";"Amanhecer";"Crescente";"Céu Claro";"Simples";"Reta";"Sim";5;0;3;0;2;0;3;2;"-5.70618096";"-36.22696638";"SPRF-RN";"DEL01-RN";"UOP03-DEL01-RN"
652709;2025-01-02;"quinta-feira";"06:30:00";"AL";101;243,2;"PORTO REAL DO COLEGIO";"Ausência de reação do condutor";"Saída de leito carroçável";"Com Vítimas Fatais";"Amanhecer";"Crescente";"Céu Claro";"Dupla";"Reta";"Não";6;1;0;4;0;1;4;2;"-10.1677149";"-36.82012712";"SPRF-AL";"DEL02-AL";"UOP02-DEL02-AL"
652710;2025-01-02;"quinta-feira";"05:30:00";"MG";251;457;"GRAO MOGOL";"Reação tardia ou ineficiente do condutor";"Saída de leito carroçável";"Com Vítimas Feridas";"Pleno dia";"Crescente";"Chuva";"Simples";"Curva";"Não";4;0;4;0;0;0;4;1;"-16.41138662";"-43.37539673";"SPRF-MG";"DEL12-MG";"UOP01-DEL12-MG"
652711;2025-01-02;"quinta-feira";"08:15:00";"RS";153;403;"CACHOEIRA DO SUL";"Condutor deixou de manter distância do veículo da frente";"Colisão traseira";"Com Vítimas Feridas";"Pleno dia";"Crescente";"Céu Claro";"Dupla";"Reta";"Sim";2;0;1;0;1;0;1;2;"-30.03550492";"-52.91456559";"SPRF-RS";"DEL02-RS";"UOP03-DEL02-RS"
652712;2025-01-02;"quinta-feira";"08:30:00";"RJ";101;488;"ANGRA DOS REIS";"Acessar a via sem observar a presença dos outros veículos";"Colisão transversal";"Com Vítimas Feridas";"Pleno dia";"Decrescente";"Céu Claro";"Simples";"Reta";"Sim";2;0;1;0;1;0;1;2;"-22.95658892";"-44.30116385";"SPRF-RJ";"DEL03-RJ";"UOP03-DEL03-RJ"
652715;2025-01-02;"quinta-feira";"08:35:00";"PI";343;13,6;"PARNAIBA";"Acessar a via sem observar a presença dos outros veículos";"Colisão transversal";"Com Vítimas Feridas";"Pleno dia";"Crescente";"Sol";"Simples";"Reta";"Sim";3;0;1;0;2;0;1;2;"-2.919029";"-41.754124";"SPRF-PI";"DEL05-PI";"UOP01-DEL05-PI"
652716;2025-01-02;"quinta-feira";"09:00:00";"MG";381;484;"BETIM";"Ausência de reação do condutor";"Engavetamento";"Com Vítimas Feridas";"Pleno dia";"Decrescente";"Céu Claro";"Dupla";"Reta;Aclive";"Sim";4;0;3;0;0;1;3;4;"-19.9596244";"-44.087641";"SPRF-MG";"DEL01-MG";"UOP03-DEL01-MG"
652717;2025-01-02;"quinta-feira";"09:15:00";"SC";101;128;"BALNEARIO CAMBORIU";"Trafegar com motocicleta (ou similar) entre as faixas";"Colisão traseira";"Com Vítimas Feridas";"Pleno dia";"Decrescente";"Sol";"Dupla";"Reta";"Não";2;0;1;0;1;0;1;2;"-26.97284292";"-48.68299451";"SPRF-SC";"DEL04-SC";"UOP04-DEL04-SC"
652718;2025-01-02;"quinta-feira";"07:50:00";"CE";304;47,7;"ARACATI";"Acessar a via sem observar a presença dos outros veículos";"Colisão transversal";"Com Vítimas Feridas";"Pleno dia";"Crescente";"Sol";"Simples";"Retorno Regulamentado";"Sim";3;0;0;1;2;0;1;2;"-4.57573881";"-37.78945494";"SPRF-CE";"DEL03-CE";"UOP03-DEL03-CE"
652721;2025-01-02;"quinta-feira";"07:30:00";"MT";163;1082;"GUARANTA DO NORTE";"Velocidade Incompatível";"Saída de leito carroçável";"Com Vítimas Feridas";"Pleno dia";"Decrescente";"Chuva";"Simples";"Curva";"Não";1;0;1;0;0;0;1;1;"-9.9350228";"-54.9038086";"SPRF-MT";"DEL06-MT";"UOP03-DEL06-MT"
652722;2025-01-02;"quinta-feira";"09:10:00";"PR";163;82;"PLANALTO";"Pedestre cruzava a pista fora da faixa";"Atropelamento de Pedestre";"Com Vítimas Feridas";"Pleno dia";"Decrescente";"Céu Claro";"Simples";"Interseção de Vias;Reta";"Sim";2;0;1;0;1;0;1;2;"-25.73774102";"-53.80206511";"SPRF-PR";"DEL02-PR";"UOP02-DEL02-PR"
652723;2025-01-02;"quinta-feira";"07:10:00";"RJ";40;105;"DUQUE DE CAXIAS";"Reação tardia ou ineficiente do condutor";"Colisão traseira";"Com Vítimas Feridas";"Pleno dia";"Decrescente";"Nublado";"Simples";"Interseção de Vias;Reta;Aclive";"Sim";2;0;1;0;1;0;1;2;"-22.63784806";"-43.28428824";"SPRF-RJ";"DEL01-RJ";"UOP02-DEL01-RJ"
652724;2025-01-02;"quinta-feira";"00:00:00";"PR";376;112;"PARANAVAI";"Ausência de reação do condutor";"Colisão com objeto";"Sem Vítimas";"Plena Noite";"Crescente";"Céu Claro";"Dupla";"Reta";"Não";1;0;0;0;0;1;0;1;"-23.09343108";"-52.38419702";"SPRF-PR";"DEL09-PR";"UOP02-DEL09-PR"
652725;2025-01-02;"quinta-feira";"09:10:00";"SP";116;227;"GUARULHOS";"Estacionar ou parar em local proibido";"Colisão traseira";"Com Vítimas Feridas";"Pleno dia";"Decrescente";"Sol";"Dupla";"Reta";"Sim";2;0;1;0;1;0;1;2;"-23.49659264";"-46.55648754";"SPRF-SP";"DEL01-SP";"UOP01-DEL01-SP"
652726;2025-01-02;"quinta-feira";"09:30:00";"RJ";493;103;"SEROPEDICA";"Avarias e/ou desgaste excessivo no pneu";"Queda de ocupante de veículo";"Com Vítimas Feridas";"Pleno dia";"Decrescente";"Céu Claro";"Dupla";"Reta";"Não";2;0;2;0;0;0;2;1;"-22.768291";"-43.73893";"SPRF-RJ";"DEL01-RJ";"UOP03-DEL01-RJ"
652727;2025-01-02;"quinta-feira";"07:20:00";"GO";50;248,6;"CATALAO";"Demais falhas mecânicas ou elétricas";"Incêndio";"Sem Vítimas";"Pleno dia";"Crescente";"Céu Claro";"Dupla";"Reta";"Não";1;0;0;0;1;0;0;1;"-17.9522";"-47.7883";"SPRF-GO";"DEL06-GO";"UOP01-DEL06-GO"
652728;2025-01-02;"quinta-feira";"09:00:00";"PR";163;273;"QUATRO PONTES";"Condutor Dormindo";"Saída de leito carroçável";"Com Vítimas Feridas";"Pleno dia";"Crescente";"Céu Claro";"Dupla";"Curva;Declive";"Não";2;0;1;0;1;0;1;1;"-24.61478139";"-53.93524012";"SPRF-PR";"DEL06-PR";"UOP02-DEL06-PR"
652730;2025-01-02;"quinta-feira";"09:50:00";"PB";230;25;"JOAO PESSOA";"Ausência de reação do condutor";"Colisão traseira";"Com Vítimas Feridas";"Pleno dia";"Decrescente";"Céu Claro";"Dupla";"Reta";"Sim";2;0;1;0;1;0;1;2;"-7.1707";"-34.8684";"SPRF-PB";"DEL01-PB";"UOP01-DEL01-PB"
652731;2025-01-02;"quinta-feira";"09:10:00";"PI";316;415;"MARCOLANDIA";"Ingestão de álcool pelo condutor";"Saída de leito carroçável";"Com Vítimas Feridas";"Pleno dia";"Decrescente";"Céu Claro";"Simples";"Reta";"Sim";2;0;2;0;0;0;2;1;"-7.43280012";"-40.68261908";"SPRF-PI";"DEL04-PI";"UOP03-DEL04-PI"
652733;2025-01-02;"quinta-feira";"09:15:00";"MS";262;328;"CAMPO GRANDE";"Acessar a via sem observar a presença dos outros veículos";"Colisão transversal";"Com Vítimas Feridas";"Pleno dia";"Decrescente";"Céu Claro";"Múltipla";"Interseção de Vias;Reta";"Sim";4;0;1;0;3;0;1;2;"-20.46452794";"-54.55291421";"SPRF-MS";"DEL01-MS";"UOP01-DEL01-MS"
652735;2025-01-02;"quinta-feira";"09:53:00";"SC";101;31;"JOINVILLE";"Condutor deixou de manter distância do veículo da frente";"Colisão traseira";"Sem Vítimas";"Pleno dia";"Decrescente";"Céu Claro";"Dupla";"Reta";"Não";7;0;0;0;7;0;0;2;"-26.22195899";"-48.91634925";"SPRF-SC";"DEL03-SC";"UOP01-DEL03-SC"
652737;2025-01-02;"quinta-feira";"07:50:00";"SC";282;606,9;"MARAVILHA";"Acessar a via sem observar a presença dos outros veículos";"Colisão transversal";"Com Vítimas Feridas";"Pleno dia";"Crescente";"Chuva";"Simples";"Reta";"Sim";2;0;1;0;1;0;1;2;"-26.778643";"-53.198692";"SPRF-SC";"DEL07-SC";"UOP02-DEL07-SC"
652738;2025-01-02;"quinta-feira";"10:10:00";"SC";101;1,9;"BIGUACU";"Reação tardia ou ineficiente do condutor";"Colisão transversal";"Com Vítimas Feridas";"Pleno dia";"Crescente";"Céu Claro";"Dupla";"Reta";"Não";4;0;1;0;3;0;1;2;"-27.4946";"-48.6561";"SPRF-SC";"DEL01-SC";"UOP01-DEL01-SC"
652740;2025-01-02;"quinta-feira";"09:10:00";"MT";364;189;"RONDONOPOLIS";"Ausência de reação do condutor";"Queda de ocupante de veículo";"Com Vítimas Feridas";"Pleno dia";"Decrescente";"Céu Claro";"Simples";"Reta";"Não";1;0;1;0;0;0;1;1;"-16.55814995";"-54.56173598";"SPRF-MT";"DEL02-MT";"UOP01-DEL02-MT"
652741;2025-01-02;"quinta-feira";"10:30:00";"SC";282;49,7;"AGUAS MORNAS";"Velocidade Incompatível";"Colisão lateral sentido oposto";"Com Vítimas Feridas";"Pleno dia";"Decrescente";"Chuva";"Simples";"Curva;Declive";"Não";2;0;1;0;1;0;1;2;"-27.708536";"-48.952251";"SPRF-SC";"DEL01-SC";"UOP03-DEL01-SC"
652742;2025-01-02;"quinta-feira";"09:55:00";"SC";282;279;"SAO JOSE DO CERRITO";"Acessar a via sem observar a presença dos outros veículos";"Colisão transversal";"Com Vítimas Feridas";"Pleno dia";"Crescente";"Céu Claro";"Simples";"Reta";"Não";2;0;1;0;1;0;1;2;"-27.584951";"-50.744953";"SPRF-SC";"DEL05-SC";"UOP02-DEL05-SC"
652743;2025-01-02;"quinta-feira";"10:05:00";"GO";60;325;"ACREUNA";"Ausência de reação do condutor";"Saída de leito carroçável";"Com Vítimas Feridas";"Pleno dia";"Crescente";"Nublado";"Dupla";"Reta";"Não";2;0;1;1;0;0;2;1;"-17.5204";"-50.4872";"SPRF-GO";"DEL04-GO";"UOP02-DEL04-GO"
652744;2025-01-02;"quinta-feira";"09:50:00";"SP";101;50;"UBATUBA";"Conversão proibida";"Colisão transversal";"Com Vítimas Feridas";"Pleno dia";"Crescente";"Céu Claro";"Simples";"Reta";"Sim";3;0;1;0;1;1;1;2;"-23.45018939";"-45.07743735";"SPRF-SP";"DEL06-SP";"UOP01-DEL06-SP"
652745;2025-01-02;"quinta-feira";"11:40:00";"PR";116;1;"QUATRO BARRAS";"Ausência de reação do condutor";"Queda de ocupante de veículo";"Com Vítimas Feridas";"Pleno dia";"Decrescente";"Céu Claro";"Simples";"Curva;Retorno Regulamentado";"Não";2;0;2;0;0;0;2;1;"-25.3514";"-49.0599";"SPRF-PR";"DEL01-PR";"UOP02-DEL01-PR"
652746;2025-01-02;"quinta-feira";"11:27:00";"RS";290;11,1;"SANTO ANTONIO DA PATRULHA";"Manobra de mudança de faixa";"Colisão lateral mesmo sentido";"Com Vítimas Feridas";"Pleno dia";"Crescente";"Sol";"Dupla";"Reta";"Não";3;0;2;0;1;0;2;2;"-29.882519";"-50.390564";"SPRF-RS";"DEL03-RS";"UOP01-DEL03-RS"
652747;2025-01-02;"quinta-feira";"09:45:00";"MG";262;824;"UBERABA";"Reação tardia ou ineficiente do condutor";"Capotamento";"Com Vítimas Feridas";"Pleno dia";"Decrescente";"Céu Claro";"Dupla";"Reta";"Não";4;0;4;0;0;0;4;1;"-19.75559016";"-48.15903004";"SPRF-MG";"DEL13-MG";"UOP01-DEL13-MG"
652748;2025-01-02;"quinta-feira";"11:10:00";"GO";60;444;"JATAI";"Reação tardia ou ineficiente do condutor";"Saída de leito carroçável";"Com Vítimas Feridas";"Pleno dia";"Decrescente";"Chuva";"Dupla";"Reta";"Não";5;0;4;0;1;0;4;1;"-17.8449";"-51.4691";"SPRF-GO";"DEL05-GO";"UOP01-DEL05-GO"
652751;2025-01-02;"quinta-feira";"09:20:00";"RJ";393;229;"VASSOURAS";"Ausência de reação do condutor";"Colisão frontal";"Com Vítimas Feridas";"Pleno dia";"Crescente";"Céu Claro";"Simples";"Curva";"Sim";2;0;0;1;1;0;1;2;"-22.35662374";"-43.59317007";"SPRF-RJ";"DEL05-RJ";"UOP03-DEL05-RJ"
652752;2025-01-02;"quinta-feira";"12:05:00";"RJ";101;429;"MANGARATIBA";"Ultrapassagem Indevida";"Colisão lateral mesmo sentido";"Com Vítimas Feridas";"Pleno dia";"Decrescente";"Céu Claro";"Simples";"Reta";"Não";2;0;2;0;0;0;2;1;"-22.935335";"-44.0004";"SPRF-RJ";"DEL03-RJ";"UOP02-DEL03-RJ"
652753;2025-01-02;"quinta-feira";"11:45:00";"SC";282;30;"SANTO AMARO DA IMPERATRIZ";"Velocidade Incompatível";"Colisão transversal";"Com Vítimas Feridas";"Pleno dia";"Crescente";"Chuva";"Simples";"Aclive;Curva";"Não";6;0;3;0;3;0;3;3;"-27.687376";"-48.79071";"SPRF-SC";"DEL01-SC";"UOP03-DEL01-SC"
652755;2025-01-02;"quinta-feira";"10:45:00";"SC";282;413,7;"CATANDUVAS";"Transitar na contramão";"Colisão frontal";"Com Vítimas Feridas";"Pleno dia";"Crescente";"Garoa/Chuvisco";"Simples";"Curva";"Não";14;0;3;1;10;0;4;3;"-27.055775";"-51.688843";"SPRF-SC";"DEL07-SC";"UOP05-DEL07-SC"
652756;2025-01-02;"quinta-feira";"11:35:00";"PE";101;72,2;"RECIFE";"Manobra de mudança de faixa";"Colisão lateral mesmo sentido";"Com Vítimas Feridas";"Pleno dia";"Decrescente";"Nublado";"Dupla";"Reta";"Sim";2;0;1;0;1;0;1;2;"-8.08493106";"-34.9450639";"SPRF-PE";"DEL01-PE";"UOP01-DEL01-PE"