"id";"data_inversa";"dia_semana";"horario";"uf";"br";"km";"municipio";"causa_acidente";"tipo_acidente";"classificacao_acidente";"fase_dia";"sentido_via";"condicao_metereologica";"tipo_pista";"tracado_via";"uso_solo";"pessoas";"mortos";"feridos_leves";"feridos_graves";"ilesos";"ignorados";"feridos";"veiculos";"latitude";"longitude";"regional";"delegacia";"uop"
653618;2025-01-07;"terça-feira";"05:45:00";"PR";369;177;"ROLANDIA";"Desrespeitar a preferência no cruzamento";"Colisão transversal";"Com Vítimas Feridas";"Amanhecer";"Crescente";"Céu Claro";"Dupla";"Interseção de Vias";"Sim";2;0;1;0;0;1;1;2;"-23.33692156";"-51.38832101";"SPRF-PR";"DEL07-PR";"UOP01-DEL07-PR"
653619;2025-01-07;"terça-feira";"06:50:00";"CE";222;3;"FORTALEZA";"Manobra de mudança de faixa";"Colisão lateral mesmo sentido";"Com Vítimas Feridas";"Pleno dia";"Decrescente";"Céu Claro";"Múltipla";"Ponte";"Sim";3;0;2;0;1;0;2;2;"-3.7403769";"-38.59569202";"SPRF-CE";"DEL01-CE";"UOP01-DEL01-CE"
653620;2025-01-07;"terça-feira";"07:00:00";"SP";116;545;"BARRA DO TURVO";"Reação tardia ou ineficiente do condutor";"Colisão com objeto";"Com Vítimas Feridas";"Pleno dia";"Crescente";"Nublado";"Múltipla";"Curva";"Não";4;0;2;0;2;0;2;2;"-24.95016699";"-48.42400302";"SPRF-SP";"DEL05-SP";"UOP02-DEL05-SP"
653621;2025-01-07;"terça-feira";"06:50:00";"RS";0;0;"IJUI";"Objeto estático sobre o leito carroçável";"Colisão traseira";"Sem Vítimas";"Pleno dia";"Não Informado";"Céu Claro";"Simples";"Interseção de Vias";"Não";4;0;0;0;4;0;0;2;"-28.32116937";"-53.99631679";"SPRF-RS";"DEL10-RS";"UOP01-DEL10-RS"
653623;2025-01-07;"terça-feira";"07:40:00";"SC";101;280,9;"IMBITUBA";"Ausência de reação do condutor";"Colisão traseira";"Com Vítimas Feridas";"Pleno dia";"Crescente";"Céu Claro";"Dupla";"Reta";"Não";6;0;0;2;4;0;2;4;"-28.20212053";"-48.69865274";"SPRF-SC";"DEL02-SC";"UOP03-DEL02-SC"
653625;2025-01-06;"segunda-feira";"21:50:00";"MT";163;555;"DIAMANTINO";"Ausência de reação do condutor";"Saída de leito carroçável";"Com Vítimas Feridas";"Plena Noite";"Crescente";"Chuva";"Simples";"Reta";"Não";4;0;4;0;0;0;4;1;"-14.267496";"-56.15044099";"SPRF-MT";"DEL01-MT";"UOP01-DEL01-MT"
653626;2025-01-07;"terça-feira";"06:41:00";"SC";101;121;"ITAJAI";"Reação tardia ou ineficiente do condutor";"Tombamento";"Com Vítimas Feridas";"Pleno dia";"Crescente";"Céu Claro";"Múltipla";"Reta";"Não";1;0;1;0;0;0;1;1;"-26.92103178";"-48.70856446";"SPRF-SC";"DEL04-SC";"UOP04-DEL04-SC"
653627;2025-01-07;"terça-feira";"07:15:00";"CE";116;8;"FORTALEZA";"Reação tardia ou ineficiente do condutor";"Colisão traseira";"Com Vítimas Feridas";"Pleno dia";"Decrescente";"Céu Claro";"Dupla";"Reta";"Sim";3;0;1;0;2;0;1;3;"-3.82218511";"-38.50323915";"SPRF-CE";"DEL01-CE";"UOP02-DEL01-CE"
653628;2025-01-07;"terça-feira";"07:45:00";"RS";116;265;"CANOAS";"Manobra de mudança de faixa";"Tombamento";"Com Vítimas Feridas";"Pleno dia";"Decrescente";"Céu Claro";"Múltipla";"Viaduto;Reta";"Sim";2;0;1;0;0;1;1;2;"-29.92342302";"-51.17780944";"SPRF-RS";"DEL01-RS";"UOP01-DEL01-RS"
653629;2025-01-07;"terça-feira";"08:00:00";"ES";101;295;"CARIACICA";"Manobra de mudança de faixa";"Colisão traseira";"Com Vítimas Feridas";"Pleno dia";"Crescente";"Céu Claro";"Dupla";"Reta";"Não";3;0;2;0;1;0;2;2;"-20.33223667";"-40.40004683";"SPRF-ES";"DEL01-ES";"UOP01-DEL01-ES"
653631;2025-01-07;"terça-feira";"05:34:00";"RJ";465;11;"SEROPEDICA";"Animais na Pista";"Queda de ocupante de veículo";"Com Vítimas Feridas";"Pleno dia";"Decrescente";"Céu Claro";"Dupla";"Reta";"Sim";1;0;1;0;0;0;1;1;"-22.784172";"-43.656998";"SPRF-RJ";"DEL06-RJ";"UOP02-DEL06-RJ"
653634;2025-01-07;"terça-feira";"07:40:00";"MT";364;204,8;"RONDONOPOLIS";"Acessar a via sem observar a presença dos outros veículos";"Colisão lateral mesmo sentido";"Com Vítimas Feridas";"Pleno dia";"Decrescente";"Nublado";"Dupla";"Reta";"Sim";3;0;3;0;0;0;3;2;"-16.467325";"-54.657196";"SPRF-MT";"DEL02-MT";"UOP01-DEL02-MT"
653635;2025-01-07;"terça-feira";"09:15:00";"RS";290;95;"PORTO ALEGRE";"Trafegar com motocicleta (ou similar) entre as faixas";"Colisão lateral mesmo sentido";"Com Vítimas Feridas";"Pleno dia";"Crescente";"Céu Claro";"Múltipla";"Reta";"Sim";3;0;1;0;2;0;1;2;"-29.982832";"-51.201572";"SPRF-RS";"DEL01-RS";"UOP01-DEL01-RS"
653637;2025-01-07;"terça-feira";"07:30:00";"RO";364;712;"PORTO VELHO";"Desrespeitar a preferência no cruzamento";"Colisão transversal";"Com Vítimas Feridas";"Pleno dia";"Crescente";"Chuva";"Dupla";"Interseção de Vias";"Sim";2;0;1;0;1;0;1;2;"-8.7770354";"-63.87316466";"SPRF-RO";"DEL01-RO";"UOP01-DEL01-RO"
653639;2025-01-07;"terça-feira";"08:20:00";"SC";101;137;"BALNEARIO CAMBORIU";"Manobra de mudança de faixa";"Colisão lateral mesmo sentido";"Com Vítimas Feridas";"Pleno dia";"Decrescente";"Céu Claro";"Dupla";"Reta";"Sim";2;0;1;0;1;0;1;2;"-27.0157238";"-48.61192763";"SPRF-SC";"DEL04-SC";"UOP03-DEL04-SC"
653642;2025-01-07;"terça-feira";"09:40:00";"BA";116;12,8;"VITORIA DA CONQUISTA";"Acessar a via sem observar a presença dos outros veículos";"Colisão transversal";"Com Vítimas Feridas";"Pleno dia";"Crescente";"Céu Claro";"Simples";"Interseção de Vias;Reta";"Não";2;0;1;0;1;0;1;2;"-14.88454";"-40.87064";"SPRF-PE";"DEL05-PE";"UOP03-DEL05-PE"
653643;2025-01-07;"terça-feira";"09:30:00";"RS";158;312,2;"ITAARA";"Condutor Dormindo";"Colisão frontal";"Com Vítimas Feridas";"Pleno dia";"Crescente";"Céu Claro";"Simples";"Reta";"Sim";2;0;1;0;1;0;1;2;"-29.62955601";"-53.76838807";"SPRF-RS";"DEL09-RS";"UOP01-DEL09-RS"
653645;2025-01-07;"terça-feira";"09:55:00";"SP";116;280;"EMBU DAS ARTES";"Trafegar com motocicleta (ou similar) entre as faixas";"Colisão lateral mesmo sentido";"Com Vítimas Feridas";"Pleno dia";"Decrescente";"Céu Claro";"Dupla";"Reta";"Sim";2;0;1;0;1;0;1;2;"-23.66996108";"-46.85590758";"SPRF-SP";"DEL04-SP";"UOP01-DEL04-SP"
653648;2025-01-07;"terça-feira";"07:45:00";"SP";116;508;"CAJATI";"Reação tardia ou ineficiente do condutor";"Saída de leito carroçável";"Com Vítimas Feridas";"Pleno dia";"Decrescente";"Chuva";"Dupla";"Curva;Declive";"Não";5;0;2;0;3;0;2;1;"-24.81333299";"-48.21310484";"SPRF-SP";"DEL05-SP";"UOP02-DEL05-SP"
653652;2025-01-07;"terça-feira";"10:05:00";"BA";324;514;"FEIRA DE SANTANA";"Ultrapassagem Indevida";"Colisão frontal";"Com Vítimas Feridas";"Pleno dia";"Crescente";"Céu Claro";"Simples";"Reta";"Sim";2;0;2;0;0;0;2;2;"-12.23229233";"-38.95215305";"SPRF-BA";"DEL02-BA";"UOP01-DEL02-BA"
653653;2025-01-07;"terça-feira";"09:41:00";"MS";163;518,9;"JARAGUARI";"Mal súbito do condutor";"Colisão com objeto";"Com Vítimas Feridas";"Pleno dia";"Crescente";"Céu Claro";"Dupla";"Aclive;Reta";"Não";2;0;1;1;0;0;2;1;"-20.152827";"-54.440541";"SPRF-MS";"DEL01-MS";"UOP02-DEL01-MS"
653656;2025-01-07;"terça-feira";"11:20:00";"TO";153;145;"ARAGUAINA";"Ausência de reação do condutor";"Colisão traseira";"Com Vítimas Feridas";"Pleno dia";"Crescente";"Nublado";"Dupla";"Reta";"Sim";2;0;2;0;0;0;2;2;"-7.20503614";"-48.24035166";"SPRF-TO";"DEL02-TO";"UOP01-DEL02-TO"
653657;2025-01-07;"terça-feira";"11:10:00";"SC";101;207;"SAO JOSE";"Reação tardia ou ineficiente do condutor";"Colisão traseira";"Com Vítimas Feridas";"Pleno dia";"Decrescente";"Céu Claro";"Múltipla";"Reta";"Sim";2;0;1;0;1;0;1;2;"-27.60001226";"-48.6226467";"SPRF-SC";"DEL01-SC";"UOP01-DEL01-SC"
653659;2025-01-07;"terça-feira";"10:00:00";"AM";230;616;"HUMAITA";"Acessar a via sem observar a presença dos outros veículos";"Atropelamento de Pedestre";"Com Vítimas Feridas";"Pleno dia";"Decrescente";"Nublado";"Simples";"Reta";"Não";2;0;1;0;0;1;1;2;"-7.5464704";"-63.0718464";"SPRF-AM";"DEL01-AM";"UOP05-DEL01-AM"
653660;2025-01-07;"terça-feira";"11:10:00";"PE";232;5,6;"RECIFE";"Condutor deixou de manter distância do veículo da frente";"Colisão traseira";"Com Vítimas Feridas";"Pleno dia";"Decrescente";"Céu Claro";"Múltipla";"Reta";"Sim";2;0;1;0;1;0;1;2;"-8.069963";"-34.950228";"SPRF-PE";"DEL01-PE";"UOP01-DEL01-PE"
653662;2025-01-07;"terça-feira";"10:50:00";"PE";408;60,4;"CARPINA";"Reação tardia ou ineficiente do condutor";"Tombamento";"Com Vítimas Fatais";"Pleno dia";"Crescente";"Céu Claro";"Simples";"Curva";"Não";1;1;0;0;0;0;0;1;"-7.81888";"-35.246062";"SPRF-PE";"DEL01-PE";"UOP01-DEL01-PE"
653664;2025-01-07;"terça-feira";"11:45:00";"SP";116;212;"GUARULHOS";"Reação tardia ou ineficiente do condutor";"Engavetamento";"Com Vítimas Feridas";"Pleno dia";"Crescente";"Céu Claro";"Múltipla";"Declive;Reta";"Sim";3;0;1;0;1;1;1;3;"-23.43608315";"-46.42805094";"SPRF-SP";"DEL01-SP";"UOP01-DEL01-SP"
653670;2025-01-07;"terça-feira";"12:30:00";"SC";101;206,9;"SAO JOSE";"Ausência de reação do condutor";"Engavetamento";"Com Vítimas Feridas";"Pleno dia";"Crescente";"Céu Claro";"Múltipla";"Reta";"Sim";4;0;1;0;3;0;1;3;"-27.59193546";"-48.61824557";"SPRF-SC";"DEL01-SC";"UOP01-DEL01-SC"
653673;2025-01-07;"terça-feira";"12:50:00";"SC";101;202,3;"SAO JOSE";"Acumulo de óleo sobre o pavimento";"Tombamento";"Com Vítimas Feridas";"Pleno dia";"Decrescente";"Nublado";"Múltipla";"Reta";"Sim";1;0;1;0;0;0;1;1;"-27.55711595";"-48.61897889";"SPRF-SC";"DEL01-SC";"UOP01-DEL01-SC"
653675;2025-01-07;"terça-feira";"10:20:00";"MG";116;506,3;"UBAPORANGA";"Acessar a via sem observar a presença dos outros veículos";"Colisão transversal";"Com Vítimas Feridas";"Pleno dia";"Crescente";"Céu Claro";"Simples";"Interseção de Vias";"Não";3;0;1;0;2;0;1;2;"-19.61173388";"-42.11344072";"SPRF-MG";"DEL06-MG";"UOP02-DEL06-MG"
653677;2025-01-07;"terça-feira";"12:00:00";"PB";230;156,3;"CAMPINA GRANDE";"Conversão proibida";"Colisão transversal";"Com Vítimas Feridas";"Pleno dia";"Decrescente";"Sol";"Simples";"Reta";"Sim";2;0;1;0;1;0;1;2;"-7.2693";"-35.9138";"SPRF-PB";"DEL02-PB";"UOP01-DEL02-PB"
653678;2025-01-07;"terça-feira";"12:45:00";"PR";116;86,3;"PIRAQUARA";"Avarias e/ou desgaste excessivo no pneu";"Tombamento";"Com Vítimas Feridas";"Pleno dia";"Decrescente";"Céu Claro";"Dupla";"Reta";"Não";2;0;1;0;1;0;1;1;"-25.465746";"-49.090205";"SPRF-PR";"DEL01-PR";"UOP07-DEL01-PR"
653679;2025-01-07;"terça-feira";"13:00:00";"RS";386;344;"LAJEADO";"Reação tardia ou ineficiente do condutor";"Colisão com objeto";"Com Vítimas Feridas";"Pleno dia";"Decrescente";"Céu Claro";"Dupla";"Reta";"Sim";1;0;1;0;0;0;1;1;"-29.439268";"-51.993633";"SPRF-RS";"DEL04-RS";"UOP01-DEL04-RS"
653682;2025-01-07;"terça-feira";"13:05:00";"PB";230;14,5;"CABEDELO";"Ausência de reação do condutor";"Colisão traseira";"Com Vítimas Feridas";"Pleno dia";"Decrescente";"Céu Claro";"Dupla";"Reta";"Sim";3;0;2;0;1;0;2;2;"-7.0939229";"-34.84801769";"SPRF-PB";"DEL01-PB";"UOP01-DEL01-PB"
653684;2025-01-07;"terça-feira";"12:50:00";"MG";381;431;"SABARA";"Velocidade Incompatível";"Saída de leito carroçável";"Com Vítimas Feridas";"Pleno dia";"Crescente";"Chuva";"Simples";"Curva";"Não";2;0;1;1;0;0;2;1;"-19.78831547";"-43.73175712";"SPRF-MG";"DEL01-MG";"UOP01-DEL01-MG"
653686;2025-01-07;"terça-feira";"10:00:00";"MT";174;252;"JAURU";"Ausência de reação do condutor";"Saída de leito carroçável";"Com Vítimas Feridas";"Pleno dia";"Decrescente";"Céu Claro";"Simples";"Reta";"Não";3;0;3;0;0;0;3;1;"-15.4802677";"-59.08409189";"SPRF-MT";"DEL04-MT";"UOP01-DEL04-MT"
653687;2025-01-07;"terça-feira";"13:50:00";"PB";230;301,9;"SANTA LUZIA";"Acostamento em desnível";"Tombamento";"Com Vítimas Feridas";"Pleno dia";"Decrescente";"Céu Claro";"Simples";"Declive";"Não";1;0;1;0;0;0;1;1;"-6.9046";"-36.9906";"SPRF-PB";"DEL03-PB";"UOP01-DEL03-PB"
653688;2025-01-07;"terça-feira";"11:55:00";"MS";262;143,5;"AGUA CLARA";"Manobra de mudança de faixa";"Colisão lateral mesmo sentido";"Com Vítimas Feridas";"Pleno dia";"Crescente";"Céu Claro";"Dupla";"Interseção de Vias;Reta";"Sim";4;0;0;1;3;0;1;2;"-20.4458827";"-52.87180703";"SPRF-MS";"DEL07-MS";"UOP02-DEL07-MS"
653689;2025-01-07;"terça-feira";"12:25:00";"SC";280;56;"GUARAMIRIM";"Acessar a via sem observar a presença dos outros veículos";"Colisão frontal";"Com Vítimas Feridas";"Pleno dia";"Crescente";"Céu Claro";"Simples";"Reta;Em Obras";"Sim";2;0;2;0;0;0;2;2;"-26.47947677";"-49.00298702";"SPRF-SC";"DEL03-SC";"UOP03-DEL03-SC"
653690;2025-01-07;"terça-feira";"10:20:00";"SC";101;348,8;"JAGUARUNA";"Conversão proibida";"Atropelamento de Pedestre";"Com Vítimas Feridas";"Pleno dia";"Crescente";"Sol";"Dupla";"Curva";"Sim";2;0;1;0;1;0;1;2;"-28.58969968";"-49.04567242";"SPRF-SC";"DEL02-SC";"UOP01-DEL02-SC"
653691;2025-01-07;"terça-feira";"03:00:00";"PI";135;580;"CORRENTE";"Reação tardia ou ineficiente do condutor";"Colisão com objeto";"Com Vítimas Fatais";"Plena Noite";"Crescente";"Nublado";"Simples";"Reta";"Não";44;7;6;14;0;17;20;1;"-10.35204598";"-45.16752282";"SPRF-PI";"DEL03-PI";"UOP02-DEL03-PI"
653693;2025-01-07;"terça-feira";"12:15:00";"MT";163;715,9;"SORRISO";"Acumulo de água sobre o pavimento";"Saída de leito carroçável";"Com Vítimas Feridas";"Pleno dia";"Crescente";"Chuva";"Simples";"Reta";"Não";1;0;1;0;0;0;1;1;"-12.8457";"-55.8268";"SPRF-MT";"DEL06-MT";"UOP01-DEL06-MT"
653695;2025-01-03;"sexta-feira";"07:30:00";"PE";101;81;"JABOATAO DOS GUARARAPES";"Manobra de mudança de faixa";"Colisão lateral mesmo sentido";"Com Vítimas Feridas";"Pleno dia";"Decrescente";"Céu Claro";"Dupla";"Reta";"Sim";2;0;1;0;1;0;1;2;"-8.170998";"-34.937609";"SPRF-PE";"DEL01-PE";"UOP01-DEL01-PE"
653696;2025-01-07;"terça-feira";"13:00:00";"SE";101;32;"CAPELA";"Avarias e/ou desgaste excessivo no pneu";"Colisão com objeto";"Com Vítimas Feridas";"Pleno dia";"Decrescente";"Céu Claro";"Dupla";"Curva";"Não";4;0;3;0;1;0;3;1;"-10.46268099";"-36.9411742";"SPRF-SE";"DEL02-SE";"UOP02-DEL02-SE"
653697;2025-01-07;"terça-feira";"11:40:00";"PI";316;21;"TERESINA";"Reação tardia ou ineficiente do condutor";"Saída de leito carroçável";"Com Vítimas Feridas";"Pleno dia";"Decrescente";"Nublado";"Dupla";"Reta;Declive";"Não";1;0;1;0;0;0;1;1;"-5.26746306";"-42.72741334";"SPRF-PI";"DEL01-PI";"UOP02-DEL01-PI"
653700;2025-01-07;"terça-feira";"15:10:00";"MG";40;638,6;"CONSELHEIRO LAFAIETE";"Chuva";"Colisão frontal";"Com Vítimas Fatais";"Pleno dia";"Crescente";"Chuva";"Simples";"Aclive;Reta";"Não";6;2;0;4;0;0;4;2;"-20.723214";"-43.799732";"SPRF-MG";"DEL05-MG";"UOP02-DEL05-MG"
653701;2025-01-07;"terça-feira";"14:10:00";"AL";316;265,1;"SATUBA";"Transtornos Mentais (exceto suicidio)";"Queda de ocupante de veículo";"Com Vítimas Fatais";"Pleno dia";"Decrescente";"Céu Claro";"Simples";"Reta";"Não";3;1;0;0;1;1;0;2;"-9.5871392";"-35.86110997";"SPRF-AL";"DEL02-AL";"UOP01-DEL02-AL"
653707;2025-01-07;"terça-feira";"15:30:00";"SC";101;215,5;"PALHOCA";"Pista Escorregadia";"Tombamento";"Com Vítimas Feridas";"Pleno dia";"Decrescente";"Nublado";"Dupla";"Reta";"Sim";1;0;1;0;0;0;1;1;"-27.65184843";"-48.67604941";"SPRF-SC";"DEL01-SC";"UOP02-DEL01-SC"
653713;2025-01-07;"terça-feira";"15:40:00";"AL";104;85;"RIO LARGO";"Velocidade Incompatível";"Colisão com objeto";"Com Vítimas Feridas";"Pleno dia";"Decrescente";"Céu Claro";"Dupla";"Reta";"Sim";1;0;0;1;0;0;1;1;"-9.45849606";"-35.82849117";"SPRF-AL";"DEL01-AL";"UOP01-DEL01-AL"
653716;2025-01-07;"terça-feira";"15:50:00";"SC";101;126;"ITAJAI";"Demais falhas mecânicas ou elétricas";"Incêndio";"Sem Vítimas";"Pleno dia";"Decrescente";"Nublado";"Simples";"Reta";"Sim";1;0;0;0;1;0;0;1;"-26.95564404";"-48.67978366";"SPRF-SC";"DEL04-SC";"UOP04-DEL04-SC"
653717;2025-01-07;"terça-feira";"16:40:00";"SC";280;54;"GUARAMIRIM";"Demais falhas mecânicas ou elétricas";"Incêndio";"Sem Vítimas";"Pleno dia";"Crescente";"Nublado";"Dupla";"Reta";"Sim";2;0;0;0;2;0;0;2;"-26.47539893";"-48.983748";"SPRF-SC";"DEL03-SC";"UOP03-DEL03-SC"
653718;2025-01-07;"terça-feira";"15:25:00";"BA";324;517,5;"FEIRA DE SANTANA";"Reação tardia ou ineficiente do condutor";"Colisão lateral mesmo sentido";"Com Vítimas Feridas";"Pleno dia";"Decrescente";"Céu Claro";"Múltipla";"Reta";"Sim";2;0;1;0;1;0;1;2;"-12.24953308";"-38.93362525";"SPRF-BA";"DEL02-BA";"UOP01-DEL02-BA"
653719;2025-01-07;"terça-feira";"16:28:00";"PB";230;5,2;"CABEDELO";"Acesso irregular";"Saída de leito carroçável";"Com Vítimas Feridas";"Pleno dia";"Crescente";"Céu Claro";"Simples";"Reta";"Sim";1;0;1;0;0;0;1;1;"-7.01";"-34.8312";"SPRF-PB";"DEL01-PB";"UOP01-DEL01-PB"
653720;2025-01-07;"terça-feira";"14:15:00";"MT";70;564,5;"NOSSA SENHORA DO LIVRAMENTO";"Condutor Dormindo";"Saída de leito carroçável";"Com Vítimas Feridas";"Pleno dia";"Decrescente";"Nublado";"Simples";"Reta";"Não";5;0;0;1;4;0;1;1;"-15.69630933";"-56.43391017";"SPRF-MT";"DEL03-MT";"UOP02-DEL03-MT"
653721;2025-01-07;"terça-feira";"17:00:00";"PR";277;137;"BALSA NOVA";"Demais falhas mecânicas ou elétricas";"Saída de leito carroçável";"Com Vítimas Feridas";"Pleno dia";"Decrescente";"Garoa/Chuvisco";"Dupla";"Curva";"Não";4;0;4;0;0;0;4;1;"-25.46865";"-49.629322";"SPRF-PR";"DEL03-PR";"UOP03-DEL03-PR"
653722;2025-01-07;"terça-feira";"15:30:00";"MG";40;563,5;"NOVA LIMA";"Ingestão de álcool pelo condutor";"Queda de ocupante de veículo";"Com Vítimas Feridas";"Pleno dia";"Crescente";"Chuva";"Múltipla";"Curva";"Não";1;0;1;0;0;0;1;1;"-20.15241986";"-43.96263156";"SPRF-MG";"DEL01-MG";"UOP02-DEL01-MG"
653724;2025-01-04;"sábado";"06:55:00";"MG";365;318,2;"SAO GONCALO DO ABAETE";"Chuva";"Saída de leito carroçável";"Com Vítimas Feridas";"Pleno dia";"Crescente";"Chuva";"Simples";"Reta";"Não";2;0;1;0;1;0;1;1;"-18.25439779";"-45.8764952";"SPRF-MG";"DEL10-MG";"UOP01-DEL10-MG"
653725;2025-01-07;"terça-feira";"16:50:00";"RJ";101;307;"SAO GONCALO";"Demais falhas na via";"Queda de ocupante de veículo";"Com Vítimas Feridas";"Pleno dia";"Decrescente";"Céu Claro";"Simples";"Reta";"Sim";1;0;0;1;0;0;1;1;"-22.79115777";"-43.01514205";"SPRF-RJ";"DEL02-RJ";"UOP02-DEL02-RJ"
653727;2025-01-07;"terça-feira";"17:45:00";"SP";381;72;"SAO PAULO";"Ausência de reação do condutor";"Colisão traseira";"Com Vítimas Feridas";"Pleno dia";"Decrescente";"Nublado";"Múltipla";"Curva";"Não";3;0;2;0;1;0;2;2;"-23.35761806";"-46.54970281";"SPRF-SP";"DEL03-SP";"UOP01-DEL03-SP"
653729;2025-01-07;"terça-feira";"16:20:00";"MT";70;2;"BARRA DO GARCAS";"Desrespeitar a preferência no cruzamento";"Colisão transversal";"Com Vítimas Feridas";"Pleno dia";"Decrescente";"Nublado";"Simples";"Reta";"Sim";2;0;1;0;1;0;1;2;"-15.88749699";"-52.26810568";"SPRF-MT";"DEL07-MT";"UOP01-DEL07-MT"
653730;2025-01-07;"terça-feira";"17:50:00";"RJ";101;321;"NITEROI";"Reação tardia ou ineficiente do condutor";"Colisão lateral mesmo sentido";"Com Vítimas Feridas";"Anoitecer";"Decrescente";"Céu Claro";"Dupla";"Interseção de Vias";"Sim";3;0;2;0;0;1;2;2;"-22.86981096";"-43.11046465";"SPRF-RJ";"DEL02-RJ";"UOP01-DEL02-RJ"
653732;2025-01-07;"terça-feira";"17:50:00";"RN";304;37;"MOSSORO";"Manobra de mudança de faixa";"Colisão traseira";"Com Vítimas Fatais";"Anoitecer";"Crescente";"Céu Claro";"Simples";"Reta";"Sim";2;1;0;0;1;0;0;2;"-5.17455933";"-37.36227171";"SPRF-RN";"DEL04-RN";"UOP02-DEL04-RN"
653733;2025-01-07;"terça-feira";"18:00:00";"SP";381;64;"MAIRIPORA";"Condutor deixou de manter distância do veículo da frente";"Colisão traseira";"Com Vítimas Feridas";"Anoitecer";"Crescente";"Céu Claro";"Dupla";"Reta";"Não";2;0;1;0;1;0;1;2;"-23.3089645";"-46.57924651";"SPRF-SP";"DEL03-SP";"UOP01-DEL03-SP"
653735;2025-01-07;"terça-feira";"18:50:00";"PE";101;29,4;"ITAPISSUMA";"Acessar a via sem observar a presença dos outros veículos";"Colisão frontal";"Com Vítimas Feridas";"Plena Noite";"Crescente";"Céu Claro";"Dupla";"Retorno Regulamentado;Reta";"Sim";3;0;1;0;2;0;1;3;"-7.72939697";"-34.94185854";"SPRF-PE";"DEL01-PE";"UOP02-DEL01-PE"
653736;2025-01-07;"terça-feira";"18:30:00";"PR";277;75;"SAO JOSE DOS PINHAIS";"Ausência de reação do condutor";"Saída de leito carroçável";"Com Vítimas Feridas";"Pleno dia";"Crescente";"Céu Claro";"Dupla";"Reta";"Não";1;0;0;1;0;0;1;1;"-25.49389";"-49.167508";"SPRF-PR";"DEL01-PR";"UOP07-DEL01-PR"
653737;2025-01-07;"terça-feira";"18:26:00";"SP";116;278,9;"EMBU DAS ARTES";"Manobra de mudança de faixa";"Colisão lateral mesmo sentido";"Com Vítimas Feridas";"Plena Noite";"Crescente";"Céu Claro";"Dupla";"Interseção de Vias;Reta";"Sim";2;0;1;0;1;0;1;2;"-23.65508497";"-46.84918605";"SPRF-SP";"DEL04-SP";"UOP01-DEL04-SP"
653740;2025-01-07;"terça-feira";"17:30:00";"RJ";101;295;"ITABORAI";"Ausência de reação do condutor";"Colisão traseira";"Com Vítimas Feridas";"Pleno dia";"Crescente";"Céu Claro";"Simples";"Reta";"Sim";2;0;1;0;0;1;1;2;"-22.76365068";"-42.90223623";"SPRF-RJ";"DEL02-RJ";"UOP02-DEL02-RJ"
653741;2025-01-07;"terça-feira";"19:20:00";"PI";343;1,8;"TERESINA";"Reação tardia ou ineficiente do condutor";"Colisão lateral mesmo sentido";"Com Vítimas Feridas";"Plena Noite";"Decrescente";"Nublado";"Dupla";"Reta";"Sim";3;0;2;0;1;0;2;2;"-5.089569";"-42.802288";"SPRF-PI";"DEL01-PI";"UOP01-DEL01-PI"
653742;2025-01-07;"terça-feira";"16:35:00";"PR";369;170;"ROLANDIA";"Reação tardia ou ineficiente do condutor";"Colisão lateral mesmo sentido";"Com Vítimas Feridas";"Pleno dia";"Decrescente";"Céu Claro";"Dupla";"Reta";"Sim";2;0;1;0;1;0;1;2;"-23.30325404";"-51.35591918";"SPRF-PR";"DEL07-PR";"UOP01-DEL07-PR"
653743;2025-01-07;"terça-feira";"19:15:00";"MG";153;232;"FRONTEIRA";"Demais falhas mecânicas ou elétricas";"Colisão traseira";"Com Vítimas Feridas";"Anoitecer";"Crescente";"Céu Claro";"Simples";"Reta";"Não";3;0;1;0;2;0;1;2;"-20.24705204";"-49.16684895";"SPRF-MG";"DEL13-MG";"UOP02-DEL13-MG"
653745;2025-01-07;"terça-feira";"19:35:00";"MG";381;493;"BETIM";"Reação tardia ou ineficiente do condutor";"Colisão com objeto";"Com Vítimas Feridas";"Plena Noite";"Crescente";"Nublado";"Múltipla";"Reta";"Sim";1;0;1;0;0;0;1;1;"-19.9628041";"-44.16607332";"SPRF-MG";"DEL01-MG";"UOP03-DEL01-MG"
653746;2025-01-07;"terça-feira";"18:10:00";"MT";70;12;"BARRA DO GARCAS";"Reação tardia ou ineficiente do condutor";"Saída de leito carroçável";"Com Vítimas Feridas";"Anoitecer";"Crescente";"Céu Claro";"Simples";"Declive";"Não";1;0;1;0;0;0;1;1;"-15.87933551";"-52.36195898";"SPRF-MT";"DEL07-MT";"UOP01-DEL07-MT"
653748;2025-01-07;"terça-feira";"18:20:00";"RJ";101;458;"ANGRA DOS REIS";"Reação tardia ou ineficiente do condutor";"Queda de ocupante de veículo";"Com Vítimas Feridas";"Plena Noite";"Crescente";"Chuva";"Simples";"Reta";"Não";1;0;0;1;0;0;1;1;"-23.0376863";"-44.18393352";"SPRF-RJ";"DEL03-RJ";"UOP03-DEL03-RJ"
653749;2025-01-07;"terça-feira";"20:00:00";"SP";116;208;"GUARULHOS";"Condutor Dormindo";"Colisão com objeto";"Com Vítimas Feridas";"Plena Noite";"Decrescente";"Nublado";"Múltipla";"Reta";"Sim";1;0;1;0;0;0;1;1;"-23.42222263";"-46.3932771";"SPRF-SP";"DEL01-SP";"UOP01-DEL01-SP"