"id";"data_inversa";"dia_semana";"horario";"uf";"br";"km";"municipio";"causa_acidente";"tipo_acidente";"classificacao_acidente";"fase_dia";"sentido_via";"condicao_metereologica";"tipo_pista";"tracado_via";"uso_solo";"pessoas";"mortos";"feridos_leves";"feridos_graves";"ilesos";"ignorados";"feridos";"veiculos";"latitude";"longitude";"regional";"delegacia";"uop"
655614;2025-01-09;"quinta-feira";"17:15:00";"SP";116;546;"BARRA DO TURVO";"Acumulo de água sobre o pavimento";"Colisão com objeto";"Com Vítimas Feridas";"Pleno dia";"Crescente";"Chuva";"Simples";"Declive;Curva";"Não";2;0;2;0;0;0;2;1;"-24.95016699";"-48.42400302";"SPRF-SP";"DEL05-SP";"UOP02-DEL05-SP"
655615;2025-01-15;"quarta-feira";"02:30:00";"RS";116;152;"CAXIAS DO SUL";"Animais na Pista";"Atropelamento de Animal";"Com Vítimas Feridas";"Plena Noite";"Crescente";"Céu Claro";"Simples";"Curva";"Sim";1;0;0;1;0;0;1;1;"-29.1829343";"-51.16801501";"SPRF-RS";"DEL05-RS";"UOP01-DEL05-RS"
655616;2025-01-17;"sexta-feira";"12:00:00";"SC";282;22,9;"ARAQUARI";"Condutor deixou de manter distância do veículo da frente";"Colisão traseira";"Com Vítimas Feridas";"Pleno dia";"Crescente";"Nublado";"Simples";"Reta";"Sim";2;0;0;1;1;0;1;2;"-26.371398";"-48.710853";"SPRF-SC";"DEL01-SC";"UOP02-DEL01-SC"
655617;2025-01-17;"sexta-feira";"13:45:00";"RJ";116;111;"DUQUE DE CAXIAS";"Reação tardia ou ineficiente do condutor";"Colisão traseira";"Com Vítimas Feridas";"Pleno dia";"Decrescente";"Sol";"Múltipla";"Reta";"Sim";3;0;1;0;2;0;1;3;"-22.69409078";"-43.28796744";"SPRF-RJ";"DEL04-RJ";"UOP02-DEL04-RJ"
655618;2025-01-17;"sexta-feira";"13:30:00";"RJ";101;228;"SILVA JARDIM";"Ausência de reação do condutor";"Saída de leito carroçável";"Com Vítimas Feridas";"Pleno dia";"Decrescente";"Céu Claro";"Dupla";"Curva";"Não";3;0;2;0;1;0;2;1;"-22.56241824";"-42.35993577";"SPRF-RJ";"DEL02-RJ";"UOP03-DEL02-RJ"
655621;2025-01-17;"sexta-feira";"13:31:00";"PE";232;105;"BEZERROS";"Reação tardia ou ineficiente do condutor";"Colisão com objeto";"Com Vítimas Feridas";"Pleno dia";"Crescente";"Céu Claro";"Dupla";"Aclive;Curva";"Não";1;0;1;0;0;0;1;1;"-8.25830415";"-35.78275595";"SPRF-PE";"DEL02-PE";"UOP02-DEL02PE"
655623;2025-01-17;"sexta-feira";"05:30:00";"SC";101;181;"BIGUACU";"Acumulo de água sobre o pavimento";"Queda de ocupante de veículo";"Com Vítimas Feridas";"Amanhecer";"Decrescente";"Chuva";"Dupla";"Desvio Temporário";"Sim";1;0;1;0;0;0;1;1;"-27.38958699";"-48.63197593";"SPRF-SC";"DEL01-SC";"UOP01-DEL01-SC"
655624;2025-01-17;"sexta-feira";"14:10:00";"ES";101;151;"LINHARES";"Acesso irregular";"Colisão transversal";"Com Vítimas Feridas";"Pleno dia";"Crescente";"Céu Claro";"Simples";"Interseção de Vias;Curva";"Não";3;0;1;0;2;0;1;3;"-19.41730794";"-40.06842479";"SPRF-ES";"DEL04-ES";"UOP01-DEL04-ES"
655625;2025-01-17;"sexta-feira";"14:40:00";"RJ";116;186;"NOVA IGUACU";"Condutor deixou de manter distância do veículo da frente";"Colisão traseira";"Com Vítimas Feridas";"Pleno dia";"Crescente";"Céu Claro";"Simples";"Reta";"Não";3;0;2;0;1;0;2;2;"-22.73962339";"-43.46276495";"SPRF-RJ";"DEL06-RJ";"UOP01-DEL06-RJ"
655626;2025-01-17;"sexta-feira";"14:10:00";"SP";116;143,8;"SAO JOSE DOS CAMPOS";"Trafegar com motocicleta (ou similar) entre as faixas";"Colisão traseira";"Com Vítimas Feridas";"Pleno dia";"Decrescente";"Céu Claro";"Dupla";"Reta;Declive";"Sim";3;0;1;0;1;1;1;3;"-23.16306214";"-45.80729049";"SPRF-SP";"DEL02-SP";"UOP01-DEL02-SP"
655627;2025-01-17;"sexta-feira";"14:50:00";"RJ";116;172;"SAO JOAO DE MERITI";"Manobra de mudança de faixa";"Colisão traseira";"Com Vítimas Feridas";"Pleno dia";"Crescente";"Céu Claro";"Múltipla";"Reta";"Não";2;0;1;0;1;0;1;2;"-22.80188151";"-43.35043673";"SPRF-RJ";"DEL06-RJ";"UOP01-DEL06-RJ"
655629;2025-01-17;"sexta-feira";"14:30:00";"MG";116;721;"MURIAE";"Manobra de mudança de faixa";"Saída de leito carroçável";"Com Vítimas Feridas";"Pleno dia";"Crescente";"Céu Claro";"Simples";"Curva";"Sim";3;0;2;0;1;0;2;1;"-21.25848136";"-42.40177631";"SPRF-MG";"DEL07-MG";"UOP02-DEL07-MG"
655630;2025-01-17;"sexta-feira";"12:20:00";"MG";116;533,2;"SANTA RITA DE MINAS";"Ingestão de álcool pelo condutor";"Saída de leito carroçável";"Com Vítimas Feridas";"Pleno dia";"Crescente";"Céu Claro";"Simples";"Curva";"Não";2;0;2;0;0;0;2;1;"-19.83624191";"-42.13833241";"SPRF-MG";"DEL06-MG";"UOP02-DEL06-MG"
655631;2025-01-05;"domingo";"08:45:00";"SC";101;25;"JOINVILLE";"Demais falhas na via";"Queda de ocupante de veículo";"Com Vítimas Feridas";"Pleno dia";"Decrescente";"Chuva";"Simples";"Reta";"Não";2;0;1;1;0;0;2;1;"-26.1834739";"-48.9105912";"SPRF-SC";"DEL03-SC";"UOP01-DEL03-SC"
655633;2025-01-17;"sexta-feira";"13:20:00";"PE";316;238;"BELEM DE SAO FRANCISCO";"Reação tardia ou ineficiente do condutor";"Colisão traseira";"Sem Vítimas";"Pleno dia";"Crescente";"Céu Claro";"Simples";"Aclive";"Não";6;0;0;0;6;0;0;2;"-8.62871324";"-39.06725909";"SPRF-PE";"DEL05-PE";"UOP03-DEL05-PE"
655634;2025-01-17;"sexta-feira";"10:00:00";"MG";116;513,6;"UBAPORANGA";"Demais falhas mecânicas ou elétricas";"Tombamento";"Com Vítimas Feridas";"Pleno dia";"Crescente";"Sol";"Simples";"Reta;Aclive";"Não";2;0;2;0;0;0;2;1;"-19.66981698";"-42.11727987";"SPRF-MG";"DEL06-MG";"UOP02-DEL06-MG"
655636;2025-01-17;"sexta-feira";"13:45:00";"RS";153;544,9;"CACAPAVA DO SUL";"Ausência de reação do condutor";"Saída de leito carroçável";"Com Vítimas Feridas";"Pleno dia";"Decrescente";"Céu Claro";"Simples";"Curva";"Não";1;0;1;0;0;0;1;1;"-30.7880152";"-53.57513997";"SPRF-RS";"DEL09-RS";"UOP02-DEL09-RS"
655637;2025-01-17;"sexta-feira";"15:00:00";"PR";277;449,8;"LARANJEIRAS DO SUL";"Acessar a via sem observar a presença dos outros veículos";"Colisão lateral mesmo sentido";"Com Vítimas Feridas";"Pleno dia";"Crescente";"Céu Claro";"Simples";"Aclive;Reta";"Não";2;0;0;1;1;0;1;2;"-25.36867502";"-52.340728";"SPRF-PR";"DEL04-PR";"UOP02-DEL04-PR"
655639;2025-01-17;"sexta-feira";"14:50:00";"RS";290;37;"SANTO ANTONIO DA PATRULHA";"Ausência de reação do condutor";"Queda de ocupante de veículo";"Com Vítimas Feridas";"Pleno dia";"Decrescente";"Céu Claro";"Múltipla";"Reta";"Não";2;0;2;0;0;0;2;1;"-29.885529";"-50.62759";"SPRF-RS";"DEL03-RS";"UOP01-DEL03-RS"
655640;2025-01-17;"sexta-feira";"10:00:00";"BA";116;422;"FEIRA DE SANTANA";"Acessar a via sem observar a presença dos outros veículos";"Colisão lateral mesmo sentido";"Com Vítimas Feridas";"Pleno dia";"Decrescente";"Céu Claro";"Simples";"Reta";"Sim";2;0;1;0;1;0;1;2;"-12.23156306";"-38.96901347";"SPRF-BA";"DEL02-BA";"UOP01-DEL02-BA"
655641;2025-01-17;"sexta-feira";"16:00:00";"PE";408;81,4;"PAUDALHO";"Ausência de reação do condutor";"Colisão traseira";"Com Vítimas Feridas";"Pleno dia";"Decrescente";"Sol";"Dupla";"Reta";"Não";2;0;1;0;1;0;1;2;"-7.93468246";"-35.1301265";"SPRF-PE";"DEL01-PE";"UOP01-DEL01-PE"
655643;2025-01-17;"sexta-feira";"15:30:00";"PE";101;70;"RECIFE";"Ausência de reação do condutor";"Colisão traseira";"Com Vítimas Feridas";"Pleno dia";"Crescente";"Céu Claro";"Dupla";"Reta";"Não";2;0;1;0;0;1;1;2;"-8.06776119";"-34.94265074";"SPRF-PE";"DEL01-PE";"UOP01-DEL01-PE"
655645;2025-01-17;"sexta-feira";"15:10:00";"RN";304;293;"MACAIBA";"Condutor usando celular";"Saída de leito carroçável";"Sem Vítimas";"Pleno dia";"Crescente";"Sol";"Dupla";"Reta";"Não";1;0;0;0;1;0;0;1;"-5.8689403";"-35.38593292";"SPRF-RN";"DEL01-RN";"UOP02-DEL01-RN"
655648;2025-01-17;"sexta-feira";"15:30:00";"SC";101;131;"BALNEARIO CAMBORIU";"Acesso irregular";"Tombamento";"Com Vítimas Feridas";"Pleno dia";"Crescente";"Céu Claro";"Simples";"Interseção de Vias";"Sim";1;0;0;1;0;0;1;1;"-26.99064209";"-48.66310912";"SPRF-SC";"DEL04-SC";"UOP03-DEL04-SC"
655650;2025-01-17;"sexta-feira";"15:45:00";"MG";365;401;"PATOS DE MINAS";"Condutor deixou de manter distância do veículo da frente";"Colisão traseira";"Com Vítimas Feridas";"Pleno dia";"Crescente";"Céu Claro";"Simples";"Reta";"Não";5;0;1;0;4;0;1;2;"-18.63309325";"-46.4411538";"SPRF-MG";"DEL10-MG";"UOP01-DEL10-MG"
655652;2025-01-17;"sexta-feira";"15:00:00";"RJ";116;82;"TERESOPOLIS";"Retorno proibido";"Colisão transversal";"Com Vítimas Feridas";"Pleno dia";"Decrescente";"Céu Claro";"Simples";"Reta";"Sim";2;0;2;0;0;0;2;2;"-22.4065491";"-42.95136745";"SPRF-RJ";"DEL04-RJ";"UOP01-DEL04-RJ"
655653;2025-01-17;"sexta-feira";"16:00:00";"RJ";101;386;"RIO DE JANEIRO";"Velocidade Incompatível";"Colisão traseira";"Com Vítimas Feridas";"Pleno dia";"Crescente";"Céu Claro";"Dupla";"Reta";"Não";2;0;1;0;1;0;1;2;"-22.88515046";"-43.6468792";"SPRF-RJ";"DEL03-RJ";"UOP01-DEL03-RJ"
655654;2025-01-17;"sexta-feira";"11:00:00";"RJ";101;481;"ANGRA DOS REIS";"Ultrapassagem Indevida";"Colisão transversal";"Com Vítimas Feridas";"Pleno dia";"Crescente";"Céu Claro";"Simples";"Em Obras;Interseção de Vias;Reta";"Sim";3;0;1;1;1;0;2;2;"-23.00976021";"-44.29153237";"SPRF-RJ";"DEL03-RJ";"UOP03-DEL03-RJ"
655656;2025-01-17;"sexta-feira";"13:50:00";"MA";316;476,3;"CODO";"Transitar na contramão";"Colisão lateral sentido oposto";"Com Vítimas Feridas";"Pleno dia";"Crescente";"Ignorado";"Simples";"Reta";"Não";2;0;0;1;1;0;1;2;"-4.60423043";"-43.94213676";"SPRF-MA";"DEL03-MA";"UOP02-DEL03-MA"
655657;2025-01-17;"sexta-feira";"12:30:00";"SC";280;55;"GUARAMIRIM";"Reação tardia ou ineficiente do condutor";"Colisão transversal";"Com Vítimas Feridas";"Pleno dia";"Decrescente";"Nublado";"Múltipla";"Interseção de Vias;Reta";"Sim";2;0;1;0;1;0;1;2;"-26.47584353";"-48.9937858";"SPRF-SC";"DEL03-SC";"UOP03-DEL03-SC"
655659;2025-01-17;"sexta-feira";"16:20:00";"GO";60;232;"CEZARINA";"Acessar a via sem observar a presença dos outros veículos";"Colisão traseira";"Com Vítimas Feridas";"Pleno dia";"Decrescente";"Céu Claro";"Dupla";"Retorno Regulamentado";"Não";5;0;0;1;4;0;1;2;"-17.0685";"-49.806";"SPRF-GO";"DEL01-GO";"UOP02-DEL01-GO"
655660;2025-01-17;"sexta-feira";"15:10:00";"SC";101;159;"PORTO BELO";"Condutor deixou de manter distância do veículo da frente";"Colisão lateral mesmo sentido";"Com Vítimas Feridas";"Pleno dia";"Crescente";"Garoa/Chuvisco";"Dupla";"Reta";"Sim";2;0;1;0;1;0;1;2;"-27.1998778";"-48.61534236";"SPRF-SC";"DEL04-SC";"UOP03-DEL04-SC"
655665;2025-01-17;"sexta-feira";"17:00:00";"SP";116;110;"TAUBATE";"Ausência de reação do condutor";"Colisão com objeto";"Com Vítimas Feridas";"Anoitecer";"Decrescente";"Nublado";"Dupla";"Reta";"Sim";1;0;1;0;0;0;1;1;"-23.03412614";"-45.5526999";"SPRF-SP";"DEL02-SP";"UOP02-DEL02-SP"
655666;2025-01-17;"sexta-feira";"15:00:00";"RR";401;69;"BONFIM";"Ausência de reação do condutor";"Colisão traseira";"Com Vítimas Feridas";"Pleno dia";"Decrescente";"Sol";"Simples";"Reta";"Não";8;0;5;1;0;2;6;3;"3.1629714";"-60.23866122";"SPRF-RR";"DEL01-RR";"UOP01-DEL01-RR"
655668;2025-01-17;"sexta-feira";"17:50:00";"RS";116;254;"SAPUCAIA DO SUL";"Acessar a via sem observar a presença dos outros veículos";"Colisão lateral mesmo sentido";"Com Vítimas Feridas";"Pleno dia";"Decrescente";"Chuva";"Dupla";"Reta";"Sim";3;0;2;0;1;0;2;2;"-29.82654797";"-51.17241311";"SPRF-RS";"DEL01-RS";"UOP02-DEL01-RS"
655671;2025-01-17;"sexta-feira";"18:20:00";"PR";116;134;"FAZENDA RIO GRANDE";"Ultrapassagem Indevida";"Colisão transversal";"Com Vítimas Feridas";"Pleno dia";"Decrescente";"Nublado";"Dupla";"Reta";"Sim";3;0;2;1;0;0;3;2;"-25.67510803";"-49.3157007";"SPRF-PR";"DEL01-PR";"UOP03-DEL01-PR"
655673;2025-01-17;"sexta-feira";"17:00:00";"RS";285;238,5;"CASEIROS";"Condutor deixou de manter distância do veículo da frente";"Colisão traseira";"Com Vítimas Feridas";"Pleno dia";"Crescente";"Sol";"Simples";"Curva;Declive";"Não";5;0;2;0;3;0;2;2;"-28.252514";"-51.858852";"SPRF-RS";"DEL08-RS";"UOP03-DEL08-RS"
655674;2025-01-17;"sexta-feira";"17:00:00";"PE";316;37;"ARARIPINA";"Animais na Pista";"Atropelamento de Animal";"Com Vítimas Feridas";"Anoitecer";"Crescente";"Céu Claro";"Simples";"Reta";"Não";2;0;1;1;0;0;2;1;"-7.65163984";"-40.41197275";"SPRF-PE";"DEL05-PE";"UOP02-DEL05-PE"
655675;2025-01-17;"sexta-feira";"16:40:00";"MG";116;276;"TEOFILO OTONI";"Desrespeitar a preferência no cruzamento";"Colisão transversal";"Com Vítimas Feridas";"Pleno dia";"Crescente";"Céu Claro";"Dupla";"Retorno Regulamentado;Interseção de Vias;Rotatória";"Sim";3;0;0;1;2;0;1;2;"-17.85139064";"-41.51474833";"SPRF-MG";"DEL11-MG";"UOP01-DEL11-MG"
655676;2025-01-17;"sexta-feira";"17:55:00";"SC";116;226,4;"CORREIA PINTO";"Demais falhas mecânicas ou elétricas";"Queda de ocupante de veículo";"Com Vítimas Feridas";"Pleno dia";"Crescente";"Céu Claro";"Simples";"Reta";"Não";2;0;2;0;0;0;2;1;"-27.627321";"-50.34153899";"SPRF-SC";"DEL05-SC";"UOP03-DEL05-SC"
655677;2025-01-17;"sexta-feira";"18:30:00";"RS";116;252;"SAPUCAIA DO SUL";"Acumulo de água sobre o pavimento";"Colisão lateral mesmo sentido";"Com Vítimas Feridas";"Pleno dia";"Decrescente";"Chuva";"Dupla";"Reta";"Não";3;0;1;0;1;1;1;3;"-29.80913395";"-51.1675292";"SPRF-RS";"DEL01-RS";"UOP02-DEL01-RS"
655679;2025-01-17;"sexta-feira";"18:10:00";"GO";414;393;"CORUMBA DE GOIAS";"Desrespeitar a preferência no cruzamento";"Colisão transversal";"Com Vítimas Feridas";"Anoitecer";"Crescente";"Céu Claro";"Simples";"Interseção de Vias";"Sim";2;0;0;1;1;0;1;2;"-15.91925897";"-48.80882251";"SPRF-GO";"DEL02-GO";"UOP01-DEL02-GO"
655680;2025-01-17;"sexta-feira";"15:40:00";"PR";376;407;"TIBAGI";"Velocidade Incompatível";"Colisão com objeto";"Com Vítimas Feridas";"Pleno dia";"Decrescente";"Chuva";"Dupla";"Curva;Declive";"Não";2;0;1;0;1;0;1;1;"-24.60239324";"-50.66428737";"SPRF-PR";"DEL03-PR";"UOP02-DEL03-PR"
655681;2025-01-17;"sexta-feira";"14:30:00";"RJ";101;205;"CASIMIRO DE ABREU";"Ausência de reação do condutor";"Colisão traseira";"Com Vítimas Feridas";"Pleno dia";"Crescente";"Sol";"Dupla";"Reta";"Sim";2;0;0;1;1;0;1;2;"-22.475714";"-42.19184";"SPRF-RJ";"DEL08-RJ";"UOP04-DEL08-RJ"
655682;2025-01-17;"sexta-feira";"18:40:00";"GO";153;504;"APARECIDA DE GOIANIA";"Ausência de reação do condutor";"Colisão traseira";"Com Vítimas Feridas";"Plena Noite";"Crescente";"Céu Claro";"Dupla";"Reta";"Sim";2;0;0;1;1;0;1;2;"-16.7451";"-49.2408";"SPRF-GO";"DEL01-GO";"UOP01-DEL01-GO"
655683;2025-01-17;"sexta-feira";"18:00:00";"MG";40;553;"NOVA LIMA";"Condutor deixou de manter distância do veículo da frente";"Engavetamento";"Com Vítimas Feridas";"Anoitecer";"Decrescente";"Céu Claro";"Dupla";"Reta";"Sim";5;0;0;2;3;0;2;3;"-20.06863326";"-43.98194759";"SPRF-MG";"DEL01-MG";"UOP02-DEL01-MG"
655686;2025-01-17;"sexta-feira";"18:50:00";"PR";277;60,7;"SAO JOSE DOS PINHAIS";"Condutor usando celular";"Saída de leito carroçável";"Sem Vítimas";"Anoitecer";"Crescente";"Chuva";"Dupla";"Reta";"Não";1;0;0;0;1;0;0;1;"-25.551218";"-49.038642";"SPRF-PR";"DEL01-PR";"UOP01-DEL01-PR"
655687;2025-01-17;"sexta-feira";"17:15:00";"CE";230;80;"VARZEA ALEGRE";"Reação tardia ou ineficiente do condutor";"Colisão com objeto";"Com Vítimas Fatais";"Anoitecer";"Crescente";"Nublado";"Dupla";"Curva";"Sim";1;1;0;0;0;0;0;1;"-6.79477201";"-39.302597";"SPRF-CE";"DEL05-CE";"UOP01-DEL05-CE"
655688;2025-01-17;"sexta-feira";"17:00:00";"PR";280;280,5;"FLOR DA SERRA DO SUL";"Ultrapassagem Indevida";"Saída de leito carroçável";"Com Vítimas Feridas";"Pleno dia";"Decrescente";"Céu Claro";"Simples";"Reta";"Não";5;0;0;1;4;0;1;3;"-26.24539005";"-53.22355706";"SPRF-PR";"DEL02-PR";"UOP01-DEL02-PR"
655690;2025-01-17;"sexta-feira";"17:10:00";"RS";116;472,5;"SAO LOURENCO DO SUL";"Demais falhas mecânicas ou elétricas";"Incêndio";"Sem Vítimas";"Pleno dia";"Crescente";"Nublado";"Dupla";"Reta";"Não";1;0;0;0;1;0;0;1;"-31.36343118";"-52.08262687";"SPRF-RS";"DEL07-RS";"UOP01-DEL07-RS"
655691;2025-01-17;"sexta-feira";"18:54:00";"SP";153;42;"ONDA VERDE";"Demais falhas na via";"Tombamento";"Com Vítimas Feridas";"Anoitecer";"Decrescente";"Garoa/Chuvisco";"Simples";"Reta";"Não";2;0;1;0;1;0;1;1;"-20.63725202";"-49.33843793";"SPRF-SP";"DEL09-SP";"UOP01-DEL09-SP"
655692;2025-01-17;"sexta-feira";"15:05:00";"SP";116;509,5;"CAJATI";"Acumulo de água sobre o pavimento";"Queda de ocupante de veículo";"Com Vítimas Feridas";"Pleno dia";"Crescente";"Chuva";"Simples";"Curva";"Não";1;0;1;0;0;0;1;1;"-24.82178987";"-48.21419034";"SPRF-SP";"DEL05-SP";"UOP02-DEL05-SP"
655694;2025-01-17;"sexta-feira";"17:30:00";"PA";230;4,5;"ALTAMIRA";"Reação tardia ou ineficiente do condutor";"Colisão frontal";"Com Vítimas Feridas";"Pleno dia";"Decrescente";"Nublado";"Simples";"Reta";"Não";2;0;0;1;1;0;1;2;"-3.18801523";"-52.20411301";"SPRF-PA";"DEL03-PA";"UOP01-DEL03-PA"
655695;2025-01-17;"sexta-feira";"17:45:00";"RS";470;183;"VERANOPOLIS";"Transitar na contramão";"Colisão frontal";"Com Vítimas Fatais";"Pleno dia";"Decrescente";"Céu Claro";"Simples";"Reta";"Não";3;1;2;0;0;0;2;2;"-28.99615608";"-51.55829913";"SPRF-RS";"DEL06-RS";"UOP02-DEL06-RS"
655696;2025-01-17;"sexta-feira";"19:30:00";"RJ";40;91;"PETROPOLIS";"Acumulo de óleo sobre o pavimento";"Tombamento";"Com Vítimas Feridas";"Plena Noite";"Decrescente";"Céu Claro";"Dupla";"Curva;Aclive";"Sim";2;0;2;0;0;0;2;1;"-22.54903566";"-43.24229724";"SPRF-RJ";"DEL01-RJ";"UOP01-DEL01-RJ"
655697;2025-01-17;"sexta-feira";"19:30:00";"RN";406;115,7;"POCO BRANCO";"Animais na Pista";"Atropelamento de Animal";"Sem Vítimas";"Plena Noite";"Decrescente";"Céu Claro";"Simples";"Reta";"Não";1;0;0;0;1;0;0;1;"-5.57023884";"-35.71071495";"SPRF-RN";"DEL02-RN";"UOP01-DEL02-RN"
655699;2025-01-17;"sexta-feira";"18:40:00";"AL";104;88,2;"RIO LARGO";"Afundamento ou ondulação no pavimento";"Colisão lateral mesmo sentido";"Com Vítimas Fatais";"Plena Noite";"Crescente";"Céu Claro";"Dupla";"Em Obras;Reta";"Sim";1;1;0;0;0;0;0;1;"-9.48375193";"-35.81815581";"SPRF-AL";"DEL01-AL";"UOP01-DEL01-AL"
655700;2025-01-17;"sexta-feira";"19:08:00";"SC";280;51,4;"GUARAMIRIM";"Reação tardia ou ineficiente do condutor";"Queda de ocupante de veículo";"Com Vítimas Feridas";"Anoitecer";"Decrescente";"Garoa/Chuvisco";"Simples";"Retorno Regulamentado";"Não";1;0;1;0;0;0;1;1;"-26.46538871";"-48.95544449";"SPRF-SC";"DEL03-SC";"UOP03-DEL03-SC"
655702;2025-01-17;"sexta-feira";"19:00:00";"MG";381;491;"BETIM";"Ausência de reação do condutor";"Tombamento";"Com Vítimas Feridas";"Plena Noite";"Crescente";"Céu Claro";"Múltipla";"Reta";"Sim";1;0;1;0;0;0;1;1;"-19.97018187";"-44.18210416";"SPRF-MG";"DEL01-MG";"UOP03-DEL01-MG"
655703;2025-01-17;"sexta-feira";"20:20:00";"MG";116;277;"TEOFILO OTONI";"Acessar a via sem observar a presença dos outros veículos";"Atropelamento de Pedestre";"Com Vítimas Feridas";"Plena Noite";"Crescente";"Céu Claro";"Simples";"Interseção de Vias";"Não";2;0;0;2;0;0;2;2;"-17.859945";"-41.515144";"SPRF-MG";"DEL11-MG";"UOP01-DEL11-MG"
655704;2025-01-17;"sexta-feira";"19:50:00";"SC";280;193,3;"MAFRA";"Demais falhas mecânicas ou elétricas";"Incêndio";"Sem Vítimas";"Plena Noite";"Crescente";"Nublado";"Simples";"Reta";"Não";1;0;0;0;0;1;0;1;"-26.17717048";"-50.00641103";"SPRF-SC";"DEL06-SC";"UOP01-DEL06-SC"
655705;2025-01-17;"sexta-feira";"20:30:00";"RJ";116;180;"NOVA IGUACU";"Manobra de mudança de faixa";"Colisão lateral mesmo sentido";"Com Vítimas Feridas";"Plena Noite";"Crescente";"Céu Claro";"Dupla";"Reta";"Sim";2;0;1;0;1;0;1;2;"-22.7651616";"-43.4154728";"SPRF-RJ";"DEL06-RJ";"UOP01-DEL06-RJ"
655706;2025-01-17;"sexta-feira";"20:08:00";"RJ";101;326;"NITEROI";"Demais falhas mecânicas ou elétricas";"Queda de ocupante de veículo";"Com Vítimas Feridas";"Plena Noite";"Crescente";"Céu Claro";"Dupla";"Reta;Ponte";"Sim";2;0;2;0;0;0;2;1;"-22.87206203";"-43.146105";"SPRF-RJ";"DEL02-RJ";"UOP01-DEL02-RJ"
655710;2025-01-17;"sexta-feira";"20:30:00";"RS";116;534;"CAPAO DO LEAO";"Velocidade Incompatível";"Colisão traseira";"Com Vítimas Fatais";"Plena Noite";"Crescente";"Céu Claro";"Simples";"Reta;Ponte";"Não";3;1;2;0;0;0;2;2;"-31.7821028";"-52.46872114";"SPRF-RS";"DEL07-RS";"UOP01-DEL07-RS"
655711;2025-01-17;"sexta-feira";"19:05:00";"CE";222;230,8;"SOBRAL";"Ausência de reação do condutor";"Queda de ocupante de veículo";"Com Vítimas Feridas";"Plena Noite";"Crescente";"Nublado";"Simples";"Em Obras;Reta";"Não";1;0;0;1;0;0;1;1;"-3.70054016";"-40.39250394";"SPRF-CE";"DEL04-CE";"UOP01-DEL04-CE"
655713;2025-01-17;"sexta-feira";"19:25:00";"SC";101;204;"SAO JOSE";"Reação tardia ou ineficiente do condutor";"Tombamento";"Com Vítimas Feridas";"Plena Noite";"Decrescente";"Nublado";"Dupla";"Interseção de Vias;Reta";"Sim";1;0;1;0;0;0;1;1;"-27.57413014";"-48.61363083";"SPRF-SC";"DEL01-SC";"UOP01-DEL01-SC"
655715;2025-01-17;"sexta-feira";"20:25:00";"RS";290;418,5;"SAO GABRIEL";"Ausência de reação do condutor";"Colisão traseira";"Com Vítimas Feridas";"Plena Noite";"Decrescente";"Céu Claro";"Simples";"Rotatória";"Sim";4;0;1;0;3;0;1;2;"-30.35225915";"-54.33302522";"SPRF-RS";"DEL11-RS";"UOP02-DEL11-RS"
655716;2025-01-17;"sexta-feira";"20:10:00";"RS";290;83;"CACHOEIRINHA";"Avarias e/ou desgaste excessivo no pneu";"Queda de ocupante de veículo";"Com Vítimas Feridas";"Plena Noite";"Decrescente";"Céu Claro";"Múltipla";"Reta";"Sim";2;0;1;0;1;0;1;1;"-29.96376";"-51.097771";"SPRF-RS";"DEL01-RS";"UOP01-DEL01-RS"
655717;2025-01-17;"sexta-feira";"20:34:00";"RJ";101;274;"TANGUA";"Ausência de reação do condutor";"Colisão frontal";"Com Vítimas Feridas";"Plena Noite";"Decrescente";"Céu Claro";"Simples";"Reta";"Sim";3;0;1;0;2;0;1;2;"-22.73506292";"-42.71948103";"SPRF-RJ";"DEL02-RJ";"UOP03-DEL02-RJ"
655718;2025-01-17;"sexta-feira";"21:06:00";"PR";277;79,5;"CURITIBA";"Acessar a via sem observar a presença dos outros veículos";"Colisão lateral mesmo sentido";"Com Vítimas Feridas";"Plena Noite";"Decrescente";"Céu Claro";"Dupla";"Reta";"Sim";3;0;2;0;1;0;2;2;"-25.4759819";"-49.20713745";"SPRF-PR";"DEL01-PR";"UOP07-DEL01-PR"
655719;2025-01-17;"sexta-feira";"19:15:00";"ES";101;256;"SERRA";"Acesso irregular";"Colisão transversal";"Com Vítimas Feridas";"Plena Noite";"Crescente";"Céu Claro";"Simples";"Aclive";"Sim";3;0;1;0;1;1;1;3;"-20.119123";"-40.311005";"SPRF-ES";"DEL02-ES";"UOP01-DEL02-ES"
655720;2025-01-17;"sexta-feira";"21:05:00";"RS";153;48,7;"ERECHIM";"Velocidade Incompatível";"Tombamento";"Com Vítimas Feridas";"Plena Noite";"Decrescente";"Céu Claro";"Dupla";"Reta";"Sim";1;0;1;0;0;0;1;1;"-27.65118001";"-52.257248";"SPRF-RS";"DEL08-RS";"UOP04-DEL08-RS"
655723;2025-01-17;"sexta-feira";"19:05:00";"AL";423;103,5;"DELMIRO GOUVEIA";"Deficiência do Sistema de Iluminação/Sinalização";"Colisão traseira";"Com Vítimas Feridas";"Plena Noite";"Decrescente";"Céu Claro";"Simples";"Reta;Aclive";"Não";4;0;3;0;1;0;3;3;"-9.4027224";"-38.1818248";"SPRF-BA";"DEL07-BA";"UOP01-DEL07-BA"