"id";"data_inversa";"dia_semana";"horario";"uf";"br";"km";"municipio";"causa_acidente";"tipo_acidente";"classificacao_acidente";"fase_dia";"sentido_via";"condicao_metereologica";"tipo_pista";"tracado_via";"uso_solo";"pessoas";"mortos";"feridos_leves";"feridos_graves";"ilesos";"ignorados";"feridos";"veiculos";"latitude";"longitude";"regional";"delegacia";"uop"
655725;2025-01-17;"sexta-feira";"19:15:00";"RJ";40;108;"DUQUE DE CAXIAS";"Reação tardia ou ineficiente do condutor";"Colisão frontal";"Com Vítimas Feridas";"Plena Noite";"Decrescente";"Céu Claro";"Múltipla";"Reta";"Sim";2;0;1;0;1;0;1;2;"-22.66476979";"-43.28495144";"SPRF-RJ";"DEL01-RJ";"UOP02-DEL01-RJ"
655726;2025-01-17;"sexta-feira";"21:20:00";"PR";277;2,3;"PARANAGUA";"Ausência de reação do condutor";"Tombamento";"Com Vítimas Feridas";"Plena Noite";"Decrescente";"Céu Claro";"Simples";"Curva";"Não";1;0;0;1;0;0;1;1;"-25.535518";"-48.555151";"SPRF-PR";"DEL01-PR";"UOP05-DEL01-PR"
655727;2025-01-17;"sexta-feira";"21:40:00";"PE";101;48;"ABREU E LIMA";"Ausência de reação do condutor";"Colisão traseira";"Com Vítimas Feridas";"Plena Noite";"Crescente";"Céu Claro";"Dupla";"Reta";"Sim";2;0;1;0;1;0;1;2;"-7.89174705";"-34.9033493";"SPRF-PE";"DEL01-PE";"UOP02-DEL01-PE"
655729;2025-01-17;"sexta-feira";"21:15:00";"CE";222;2,5;"FORTALEZA";"Desrespeitar a preferência no cruzamento";"Colisão transversal";"Com Vítimas Feridas";"Plena Noite";"Decrescente";"Céu Claro";"Múltipla";"Interseção de Vias";"Sim";2;0;1;1;0;0;2;2;"-3.73911117";"-38.58687498";"SPRF-CE";"DEL01-CE";"UOP01-DEL01-CE"
655730;2025-01-17;"sexta-feira";"21:35:00";"DF";20;2;"BRASILIA";"Manobra de mudança de faixa";"Colisão transversal";"Com Vítimas Feridas";"Plena Noite";"Crescente";"Nublado";"Dupla";"Retorno Regulamentado;Reta";"Sim";2;0;0;1;1;0;1;2;"-15.682896";"-47.840729";"SPRF-DF";"DEL02-DF";"UOP01-DEL02-DF"
655731;2025-01-17;"sexta-feira";"20:10:00";"RJ";40;119;"DUQUE DE CAXIAS";"Reação tardia ou ineficiente do condutor";"Tombamento";"Com Vítimas Feridas";"Plena Noite";"Crescente";"Céu Claro";"Múltipla";"Curva";"Sim";1;0;1;0;0;0;1;1;"-22.76375592";"-43.28683062";"SPRF-RJ";"DEL01-RJ";"UOP02-DEL01-RJ"
655732;2025-01-17;"sexta-feira";"20:30:00";"RJ";101;384;"RIO DE JANEIRO";"Velocidade Incompatível";"Queda de ocupante de veículo";"Com Vítimas Feridas";"Plena Noite";"Decrescente";"Nublado";"Dupla";"Reta";"Sim";1;0;1;0;0;0;1;1;"-22.87911609";"-43.62323999";"SPRF-RJ";"DEL03-RJ";"UOP01-DEL03-RJ"
655733;2025-01-17;"sexta-feira";"21:50:00";"RS";116;317;"BARRA DO RIBEIRO";"Ingestão de álcool pelo condutor";"Colisão lateral mesmo sentido";"Com Vítimas Feridas";"Plena Noite";"Decrescente";"Céu Claro";"Dupla";"Reta;Aclive";"Não";2;0;1;0;1;0;1;2;"-30.28157609";"-51.41240974";"SPRF-RS";"DEL02-RS";"UOP01-DEL02-RS"
655734;2025-01-17;"sexta-feira";"20:30:00";"MS";163;743;"COXIM";"Ingestão de álcool pelo condutor";"Colisão com objeto";"Sem Vítimas";"Plena Noite";"Crescente";"Chuva";"Simples";"Declive";"Não";3;0;0;0;3;0;0;1;"-18.40730994";"-54.67814203";"SPRF-MS";"DEL06-MS";"UOP01-DEL06-MS"
655735;2025-01-17;"sexta-feira";"22:30:00";"SP";116;109;"TAUBATE";"Reação tardia ou ineficiente do condutor";"Tombamento";"Com Vítimas Feridas";"Plena Noite";"Decrescente";"Céu Claro";"Múltipla";"Reta";"Sim";2;0;2;0;0;0;2;1;"-23.02871304";"-45.54517097";"SPRF-SP";"DEL02-SP";"UOP02-DEL02-SP"
655736;2025-01-17;"sexta-feira";"16:40:00";"RJ";40;99;"DUQUE DE CAXIAS";"Acesso irregular";"Colisão lateral mesmo sentido";"Com Vítimas Feridas";"Pleno dia";"Crescente";"Céu Claro";"Dupla";"Reta";"Não";6;0;0;1;5;0;1;4;"-22.58585204";"-43.27716391";"SPRF-RJ";"DEL01-RJ";"UOP01-DEL01-RJ"
655737;2025-01-17;"sexta-feira";"21:20:00";"RJ";101;406;"ITAGUAI";"Ultrapassagem Indevida";"Colisão lateral mesmo sentido";"Com Vítimas Feridas";"Plena Noite";"Crescente";"Céu Claro";"Dupla";"Reta";"Sim";2;0;1;0;1;0;1;2;"-22.87188798";"-43.80896322";"SPRF-RJ";"DEL03-RJ";"UOP01-DEL03-RJ"
655738;2025-01-17;"sexta-feira";"22:13:00";"PE";232;80,6;"GRAVATA";"Trafegar com motocicleta (ou similar) entre as faixas";"Colisão transversal";"Com Vítimas Feridas";"Plena Noite";"Crescente";"Céu Claro";"Simples";"Reta";"Sim";3;0;0;3;0;0;3;2;"-8.19579864";"-35.56962305";"SPRF-PE";"DEL02-PE";"UOP02-DEL02PE"
655739;2025-01-17;"sexta-feira";"19:52:00";"PI";343;142;"PIRACURUCA";"Manobra de mudança de faixa";"Colisão lateral mesmo sentido";"Sem Vítimas";"Plena Noite";"Crescente";"Céu Claro";"Simples";"Reta";"Sim";2;0;0;0;2;0;0;2;"-3.937132";"-41.717117";"SPRF-PI";"DEL02-PI";"UOP01-DEL02-PI"
655740;2025-01-17;"sexta-feira";"21:50:00";"RS";448;18;"CANOAS";"Ausência de reação do condutor";"Colisão traseira";"Com Vítimas Feridas";"Plena Noite";"Crescente";"Céu Claro";"Dupla";"Reta";"Sim";2;0;2;0;0;0;2;2;"-29.944614";"-51.204464";"SPRF-RS";"DEL01-RS";"UOP01-DEL01-RS"
655741;2025-01-17;"sexta-feira";"18:40:00";"SC";282;216;"LAGES";"Entrada inopinada do pedestre";"Atropelamento de Pedestre";"Com Vítimas Feridas";"Pleno dia";"Decrescente";"Nublado";"Simples";"Aclive;Reta";"Sim";2;0;1;0;1;0;1;2;"-27.79434465";"-50.28265357";"SPRF-SC";"DEL05-SC";"UOP01-DEL05-SC"
655742;2025-01-17;"sexta-feira";"22:10:00";"MG";116;410,7;"GOVERNADOR VALADARES";"Velocidade Incompatível";"Colisão traseira";"Com Vítimas Feridas";"Plena Noite";"Decrescente";"Céu Claro";"Simples";"Reta";"Sim";3;0;3;0;0;0;3;2;"-18.855625";"-41.975623";"SPRF-MG";"DEL06-MG";"UOP01-DEL06-MG"
655743;2025-01-17;"sexta-feira";"22:45:00";"PR";369;480,7;"CORBELIA";"Acessar a via sem observar a presença dos outros veículos";"Colisão transversal";"Com Vítimas Fatais";"Plena Noite";"Decrescente";"Céu Claro";"Simples";"Curva";"Não";4;1;0;0;1;2;0;4;"-24.76033";"-53.2937";"SPRF-PR";"DEL04-PR";"UOP03-DEL04-PR"
655744;2025-01-17;"sexta-feira";"22:00:00";"MG";40;565;"NOVA LIMA";"Ingestão de álcool pelo condutor";"Engavetamento";"Sem Vítimas";"Plena Noite";"Decrescente";"Céu Claro";"Simples";"Reta";"Não";4;0;0;0;4;0;0;3;"-20.16985101";"-43.96554788";"SPRF-MG";"DEL01-MG";"UOP02-DEL01-MG"
655745;2025-01-17;"sexta-feira";"23:00:00";"PE";232;67;"GRAVATA";"Demais falhas mecânicas ou elétricas";"Incêndio";"Sem Vítimas";"Plena Noite";"Crescente";"Céu Claro";"Dupla";"Reta";"Não";1;0;0;0;1;0;0;1;"-8.16733";"-35.46734";"SPRF-PE";"DEL02-PE";"UOP02-DEL02PE"
655746;2025-01-17;"sexta-feira";"18:35:00";"PR";277;509,7;"GUARANIACU";"Ingestão de álcool pelo condutor";"Colisão frontal";"Com Vítimas Fatais";"Anoitecer";"Crescente";"Céu Claro";"Simples";"Reta";"Não";6;2;3;1;0;0;4;2;"-25.12162365";"-52.77960777";"SPRF-PR";"DEL04-PR";"UOP04-DEL04-PR"
655747;2025-01-17;"sexta-feira";"22:30:00";"PR";277;181;"PALMEIRA";"Condutor deixou de manter distância do veículo da frente";"Colisão traseira";"Sem Vítimas";"Plena Noite";"Crescente";"Nublado";"Simples";"Reta";"Não";3;0;0;0;3;0;0;2;"-25.42668717";"-50.06984711";"SPRF-PR";"DEL08-PR";"UOP02-DEL08-PR"
655748;2025-01-17;"sexta-feira";"19:00:00";"RS";285;91,8;"MONTE ALEGRE DOS CAMPOS";"Avarias e/ou desgaste excessivo no pneu";"Saída de leito carroçável";"Com Vítimas Feridas";"Plena Noite";"Crescente";"Céu Claro";"Simples";"Reta";"Não";1;0;1;0;0;0;1;1;"-28.611689";"-50.698742";"SPRF-RS";"DEL05-RS";"UOP03-DEL05-RS"
655749;2025-01-18;"sábado";"00:20:00";"RS";285;197;"LAGOA VERMELHA";"Ingestão de álcool pelo condutor";"Saída de leito carroçável";"Com Vítimas Feridas";"Plena Noite";"Crescente";"Céu Claro";"Simples";"Reta";"Sim";1;0;1;0;0;0;1;1;"-28.218493";"-51.509666";"SPRF-RS";"DEL08-RS";"UOP05-DEL08-RS"
655750;2025-01-17;"sexta-feira";"23:00:00";"MG";356;279,4;"EUGENOPOLIS";"Condutor usando celular";"Saída de leito carroçável";"Com Vítimas Feridas";"Plena Noite";"Decrescente";"Nublado";"Simples";"Curva;Declive";"Não";1;0;1;0;0;0;1;1;"-21.12514202";"-42.254502";"SPRF-MG";"DEL07-MG";"UOP02-DEL07-MG"
655751;2025-01-18;"sábado";"00:10:00";"PR";369;160,1;"CAMBE";"Ingestão de álcool pelo condutor";"Colisão traseira";"Com Vítimas Feridas";"Pleno dia";"Crescente";"Chuva";"Dupla";"Aclive;Curva";"Sim";5;0;1;0;4;0;1;2;"-23.2815743";"-51.25538282";"SPRF-PR";"DEL07-PR";"UOP01-DEL07-PR"
655752;2025-01-17;"sexta-feira";"22:00:00";"MT";364;399;"CUIABA";"Acesso irregular";"Colisão transversal";"Com Vítimas Fatais";"Plena Noite";"Crescente";"Céu Claro";"Dupla";"Reta";"Sim";3;1;0;0;1;1;0;3;"-15.68642489";"-55.91347495";"SPRF-MT";"DEL01-MT";"UOP02-DEL01-MT"
655754;2025-01-18;"sábado";"00:28:00";"PE";101;70,8;"RECIFE";"Pedestre cruzava a pista fora da faixa";"Atropelamento de Pedestre";"Com Vítimas Feridas";"Plena Noite";"Crescente";"Céu Claro";"Dupla";"Reta";"Não";2;0;1;1;0;0;2;2;"-8.06776119";"-34.94265074";"SPRF-PE";"DEL01-PE";"UOP01-DEL01-PE"
655756;2025-01-18;"sábado";"01:05:00";"PR";376;172,8;"MARINGA";"Velocidade Incompatível";"Colisão com objeto";"Sem Vítimas";"Plena Noite";"Decrescente";"Nublado";"Dupla";"Desvio Temporário;Em Obras;Reta";"Sim";2;0;0;0;0;2;0;2;"-23.4172197";"-51.9589231";"SPRF-PR";"DEL09-PR";"UOP01-DEL09-PR"
655757;2025-01-18;"sábado";"00:30:00";"BA";101;44;"ESPLANADA";"Condutor Dormindo";"Colisão frontal";"Com Vítimas Feridas";"Plena Noite";"Crescente";"Céu Claro";"Simples";"Curva";"Não";6;0;5;0;1;0;5;2;"-11.88149901";"-38.009833";"SPRF-SE";"DEL02-SE";"UOP03-DEL02-SE"
655759;2025-01-18;"sábado";"02:15:00";"MG";381;939;"EXTREMA";"Velocidade Incompatível";"Colisão com objeto";"Sem Vítimas";"Plena Noite";"Crescente";"Chuva";"Dupla";"Curva";"Não";2;0;0;0;2;0;0;1;"-22.81752232";"-46.29466936";"SPRF-MG";"DEL16-MG";"UOP03-DEL16-MG"
655760;2025-01-18;"sábado";"01:49:00";"GO";153;505;"APARECIDA DE GOIANIA";"Trafegar com motocicleta (ou similar) entre as faixas";"Colisão lateral mesmo sentido";"Com Vítimas Feridas";"Plena Noite";"Crescente";"Nublado";"Dupla";"Reta";"Sim";2;0;0;1;1;0;1;2;"-16.7537";"-49.2411";"SPRF-GO";"DEL01-GO";"UOP01-DEL01-GO"
655761;2025-01-18;"sábado";"02:00:00";"RS";392;687,7;"ROQUE GONZALES";"Ausência de reação do condutor";"Saída de leito carroçável";"Com Vítimas Feridas";"Plena Noite";"Crescente";"Céu Claro";"Simples";"Reta";"Não";3;0;3;0;0;0;3;1;"-28.10773448";"-54.99793599";"SPRF-RS";"DEL10-RS";"UOP01-DEL10-RS"
655764;2025-01-17;"sexta-feira";"20:51:00";"MA";230;131;"PASTOS BONS";"Ausência de reação do condutor";"Saída de leito carroçável";"Com Vítimas Fatais";"Plena Noite";"Crescente";"Céu Claro";"Simples";"Curva;Declive";"Não";3;1;0;1;0;1;1;2;"-6.58135488";"-43.99116199";"SPRF-MA";"DEL05-MA";"UOP01-DEL05-MA"
655765;2025-01-18;"sábado";"03:30:00";"PR";369;192;"ARAPONGAS";"Ingestão de álcool pelo condutor";"Saída de leito carroçável";"Com Vítimas Feridas";"Plena Noite";"Decrescente";"Chuva";"Dupla";"Reta";"Não";1;0;1;0;0;0;1;1;"-23.451288";"-51.423193";"SPRF-PR";"DEL07-PR";"UOP03-DEL07-PR"
655767;2025-01-18;"sábado";"02:20:00";"RJ";116;130;"MAGE";"Ingestão de álcool pelo condutor";"Colisão lateral mesmo sentido";"Sem Vítimas";"Plena Noite";"Decrescente";"Céu Claro";"Dupla";"Reta";"Não";4;0;0;0;4;0;0;2;"-22.66471224";"-43.11056004";"SPRF-RJ";"DEL04-RJ";"UOP02-DEL04-RJ"
655768;2025-01-18;"sábado";"03:30:00";"PR";163;197;"CASCAVEL";"Ausência de reação do condutor";"Saída de leito carroçável";"Com Vítimas Feridas";"Plena Noite";"Crescente";"Céu Claro";"Dupla";"Interseção de Vias";"Não";1;0;1;0;0;0;1;1;"-25.0266387";"-53.54866549";"SPRF-PR";"DEL05-PR";"UOP05-DEL05-PR"
655770;2025-01-18;"sábado";"04:15:00";"RJ";101;318;"SAO GONCALO";"Demais falhas mecânicas ou elétricas";"Queda de ocupante de veículo";"Com Vítimas Feridas";"Plena Noite";"Crescente";"Céu Claro";"Dupla";"Reta";"Sim";1;0;1;0;0;0;1;1;"-22.84562994";"-43.09841211";"SPRF-RJ";"DEL02-RJ";"UOP02-DEL02-RJ"
655772;2025-01-18;"sábado";"05:05:00";"PE";232;24,5;"MORENO";"Acessar a via sem observar a presença dos outros veículos";"Colisão traseira";"Com Vítimas Feridas";"Amanhecer";"Decrescente";"Céu Claro";"Dupla";"Reta";"Não";3;0;0;2;1;0;2;2;"-8.10482918";"-35.10351264";"SPRF-PE";"DEL01-PE";"UOP01-DEL01-PE"
655773;2025-01-18;"sábado";"05:10:00";"BA";324;621;"SALVADOR";"Ausência de reação do condutor";"Colisão traseira";"Com Vítimas Feridas";"Amanhecer";"Decrescente";"Céu Claro";"Múltipla";"Reta";"Sim";3;0;2;0;1;0;2;2;"-12.932743";"-38.471325";"SPRF-BA";"DEL01-BA";"UOP01-DEL01-BA"
655774;2025-01-18;"sábado";"05:20:00";"GO";60;90;"ANAPOLIS";"Reação tardia ou ineficiente do condutor";"Saída de leito carroçável";"Com Vítimas Feridas";"Plena Noite";"Decrescente";"Nevoeiro/Neblina";"Dupla";"Reta";"Sim";1;0;0;1;0;0;1;1;"-16.3427";"-48.9019";"SPRF-GO";"DEL02-GO";"UOP01-DEL02-GO"
655775;2025-01-18;"sábado";"05:20:00";"SC";101;203;"SAO JOSE";"Velocidade Incompatível";"Capotamento";"Com Vítimas Feridas";"Amanhecer";"Crescente";"Céu Claro";"Dupla";"Reta";"Sim";2;0;1;1;0;0;2;1;"-27.5650044";"-48.61460082";"SPRF-SC";"DEL01-SC";"UOP01-DEL01-SC"
655777;2025-01-18;"sábado";"02:00:00";"PB";230;512;"CAJAZEIRAS";"Animais na Pista";"Atropelamento de Animal";"Com Vítimas Feridas";"Plena Noite";"Crescente";"Nublado";"Simples";"Reta";"Não";1;0;0;1;0;0;1;1;"-6.8878";"-38.605";"SPRF-PB";"DEL03-PB";"UOP03-DEL03-PB"
655779;2025-01-18;"sábado";"05:00:00";"SP";116;156;"SAO JOSE DOS CAMPOS";"Ausência de reação do condutor";"Colisão traseira";"Sem Vítimas";"Amanhecer";"Decrescente";"Céu Claro";"Múltipla";"Reta";"Sim";2;0;0;0;2;0;0;2;"-23.25044084";"-45.93572909";"SPRF-SP";"DEL02-SP";"UOP01-DEL02-SP"
655782;2025-01-18;"sábado";"05:30:00";"PR";369;179;"ARAPONGAS";"Ausência de reação do condutor";"Saída de leito carroçável";"Com Vítimas Fatais";"Amanhecer";"Decrescente";"Nublado";"Dupla";"Desvio Temporário;Reta";"Não";1;1;0;0;0;0;0;1;"-23.360223";"-51.398182";"SPRF-PR";"DEL07-PR";"UOP03-DEL07-PR"
655783;2025-01-18;"sábado";"06:30:00";"SC";282;3,6;"FLORIANOPOLIS";"Manobra de mudança de faixa";"Colisão lateral mesmo sentido";"Com Vítimas Feridas";"Pleno dia";"Decrescente";"Céu Claro";"Múltipla";"Reta";"Sim";2;0;1;0;1;0;1;2;"-27.600384";"-48.599705";"SPRF-SC";"DEL01-SC";"UOP01-DEL01-SC"
655784;2025-01-17;"sexta-feira";"22:40:00";"RJ";101;236,7;"SILVA JARDIM";"Ausência de reação do condutor";"Colisão com objeto";"Com Vítimas Feridas";"Plena Noite";"Crescente";"Céu Claro";"Simples";"Viaduto;Curva;Retorno Regulamentado";"Não";3;0;2;0;1;0;2;1;"-22.61013794";"-42.40427401";"SPRF-RJ";"DEL02-RJ";"UOP03-DEL02-RJ"
655787;2025-01-18;"sábado";"06:00:00";"RS";392;71,5;"PELOTAS";"Ausência de reação do condutor";"Saída de leito carroçável";"Sem Vítimas";"Amanhecer";"Crescente";"Nublado";"Simples";"Reta";"Sim";1;0;0;0;0;1;0;1;"-31.72790198";"-52.38685478";"SPRF-RS";"DEL07-RS";"UOP01-DEL07-RS"
655790;2025-01-17;"sexta-feira";"03:00:00";"AM";0;0;"MANAUS";"Manobra de mudança de faixa";"Colisão lateral mesmo sentido";"Sem Vítimas";"Plena Noite";"Não Informado";"Céu Claro";"Múltipla";"Reta";"Sim";2;0;0;0;2;0;0;2;"-3.133801";"-59.979615";"SPRF-AM";"DEL01-AM";"UOP03-DEL01-AM"
655791;2025-01-18;"sábado";"07:45:00";"SC";101;195,2;"BIGUACU";"Transitar na contramão";"Colisão frontal";"Com Vítimas Feridas";"Pleno dia";"Crescente";"Céu Claro";"Simples";"Reta;Interseção de Vias";"Sim";2;0;1;0;1;0;1;2;"-27.5047092";"-48.65010819";"SPRF-SC";"DEL01-SC";"UOP01-DEL01-SC"
655792;2025-01-18;"sábado";"08:00:00";"SC";280;122,4;"SAO BENTO DO SUL";"Acessar a via sem observar a presença dos outros veículos";"Colisão transversal";"Com Vítimas Feridas";"Pleno dia";"Crescente";"Céu Claro";"Simples";"Declive;Interseção de Vias;Rotatória";"Não";2;0;1;0;1;0;1;2;"-26.24540725";"-49.46037412";"SPRF-SC";"DEL06-SC";"UOP03-DEL06-SC"
655793;2025-01-14;"terça-feira";"22:55:00";"PR";277;586;"CASCAVEL";"Ausência de reação do condutor";"Colisão com objeto";"Com Vítimas Feridas";"Plena Noite";"Decrescente";"Chuva";"Simples";"Curva";"Sim";1;0;1;0;0;0;1;1;"-24.9649472";"-53.4210459";"SPRF-PR";"DEL04-PR";"UOP01-DEL04-PR"
655794;2025-01-18;"sábado";"07:00:00";"ES";101;148;"LINHARES";"Ausência de reação do condutor";"Engavetamento";"Com Vítimas Feridas";"Pleno dia";"Crescente";"Céu Claro";"Dupla";"Reta";"Sim";3;0;1;0;2;0;1;3;"-19.38787399";"-40.06752766";"SPRF-ES";"DEL04-ES";"UOP01-DEL04-ES"
655795;2025-01-18;"sábado";"07:55:00";"RS";470;209;"BENTO GONCALVES";"Acessar a via sem observar a presença dos outros veículos";"Colisão transversal";"Com Vítimas Feridas";"Pleno dia";"Decrescente";"Céu Claro";"Simples";"Curva";"Sim";2;0;1;0;1;0;1;2;"-29.10894598";"-51.54542236";"SPRF-RS";"DEL06-RS";"UOP01-DEL06-RS"
655797;2025-01-18;"sábado";"06:40:00";"MG";50;21;"UBERLANDIA";"Acessar a via sem observar a presença dos outros veículos";"Colisão transversal";"Com Vítimas Feridas";"Pleno dia";"Crescente";"Céu Claro";"Simples";"Declive";"Não";2;0;0;1;1;0;1;2;"-18.9113";"-48.2622";"SPRF-MG";"DEL15-MG";"UOP01-DEL15-MG"
655798;2025-01-18;"sábado";"08:40:00";"SP";381;44;"ATIBAIA";"Velocidade Incompatível";"Capotamento";"Com Vítimas Feridas";"Pleno dia";"Decrescente";"Céu Claro";"Simples";"Declive;Reta";"Sim";2;0;2;0;0;0;2;1;"-23.16458615";"-46.57418959";"SPRF-SP";"DEL03-SP";"UOP01-DEL03-SP"
655800;2025-01-18;"sábado";"04:50:00";"MA";135;156,7;"MATOES DO NORTE";"Condutor Dormindo";"Saída de leito carroçável";"Com Vítimas Feridas";"Plena Noite";"Crescente";"Ignorado";"Simples";"Reta";"Não";2;0;1;0;1;0;1;1;"-3.81361914";"-44.51476862";"SPRF-MA";"DEL03-MA";"UOP01-DEL03-MA"
655801;2025-01-18;"sábado";"08:45:00";"SC";101;126,3;"ITAJAI";"Avarias e/ou desgaste excessivo no pneu";"Capotamento";"Com Vítimas Feridas";"Pleno dia";"Crescente";"Céu Claro";"Dupla";"Curva";"Sim";4;0;0;1;3;0;1;1;"-26.95564404";"-48.67978366";"SPRF-SC";"DEL04-SC";"UOP04-DEL04-SC"
655803;2025-01-18;"sábado";"07:30:00";"PR";116;38;"CAMPINA GRANDE DO SUL";"Ausência de reação do condutor";"Saída de leito carroçável";"Com Vítimas Feridas";"Pleno dia";"Decrescente";"Chuva";"Dupla";"Curva";"Não";5;0;3;0;2;0;3;1;"-25.14802509";"-48.85922071";"SPRF-PR";"DEL01-PR";"UOP02-DEL01-PR"
655805;2025-01-18;"sábado";"09:50:00";"SP";488;2;"APARECIDA";"Reação tardia ou ineficiente do condutor";"Colisão traseira";"Com Vítimas Feridas";"Pleno dia";"Crescente";"Céu Claro";"Dupla";"Reta";"Sim";3;0;1;0;1;1;1;3;"-22.849216";"-45.236801";"SPRF-SP";"DEL08-SP";"UOP01-DEL08-SP"
655806;2025-01-18;"sábado";"03:45:00";"MG";365;651;"UBERLANDIA";"Condutor Dormindo";"Saída de leito carroçável";"Com Vítimas Feridas";"Plena Noite";"Decrescente";"Céu Claro";"Dupla";"Reta;Declive";"Não";3;0;2;0;1;0;2;1;"-18.86755464";"-48.56819793";"SPRF-MG";"DEL15-MG";"UOP01-DEL15-MG"
655807;2025-01-18;"sábado";"09:00:00";"SC";280;92;"CORUPA";"Demais falhas mecânicas ou elétricas";"Incêndio";"Sem Vítimas";"Pleno dia";"Crescente";"Céu Claro";"Simples";"Curva";"Não";4;0;0;0;4;0;0;1;"-26.39448258";"-49.2950379";"SPRF-SC";"DEL06-SC";"UOP03-DEL06-SC"
655808;2025-01-18;"sábado";"10:00:00";"SC";470;54,5;"BLUMENAU";"Falta de elemento de contenção que evite a saída do leito carroçável";"Saída de leito carroçável";"Sem Vítimas";"Pleno dia";"Crescente";"Céu Claro";"Dupla";"Declive;Curva;Interseção de Vias";"Sim";1;0;0;0;0;1;0;1;"-26.87300156";"-49.11417067";"SPRF-SC";"DEL04-SC";"UOP01-DEL04-SC"
655809;2025-01-18;"sábado";"09:50:00";"SP";116;145,1;"SAO JOSE DOS CAMPOS";"Reação tardia ou ineficiente do condutor";"Colisão traseira";"Com Vítimas Feridas";"Pleno dia";"Decrescente";"Sol";"Múltipla";"Reta";"Sim";3;0;1;0;2;0;1;2;"-23.1869844";"-45.8548078";"SPRF-SP";"DEL02-SP";"UOP01-DEL02-SP"
655810;2025-01-18;"sábado";"06:45:00";"RJ";101;479;"ANGRA DOS REIS";"Velocidade Incompatível";"Queda de ocupante de veículo";"Com Vítimas Feridas";"Pleno dia";"Decrescente";"Céu Claro";"Simples";"Curva";"Sim";1;0;0;1;0;0;1;1;"-23.00854164";"-44.27562028";"SPRF-RJ";"DEL03-RJ";"UOP03-DEL03-RJ"
655812;2025-01-18;"sábado";"10:07:00";"PE";316;33;"ARARIPINA";"Reação tardia ou ineficiente do condutor";"Colisão traseira";"Com Vítimas Feridas";"Pleno dia";"Crescente";"Céu Claro";"Simples";"Reta";"Não";3;0;2;0;1;0;2;2;"-7.63100969";"-40.44882886";"SPRF-PE";"DEL05-PE";"UOP02-DEL05-PE"
655813;2025-01-18;"sábado";"10:00:00";"SP";116;112,5;"TAUBATE";"Manobra de mudança de faixa";"Colisão traseira";"Com Vítimas Feridas";"Pleno dia";"Decrescente";"Sol";"Dupla";"Reta";"Não";3;0;2;0;1;0;2;2;"-23.04159343";"-45.57065616";"SPRF-SP";"DEL02-SP";"UOP02-DEL02-SP"
655814;2025-01-18;"sábado";"10:35:00";"SP";101;47;"UBATUBA";"Conversão proibida";"Colisão transversal";"Com Vítimas Feridas";"Pleno dia";"Decrescente";"Céu Claro";"Simples";"Reta";"Sim";5;0;2;0;3;0;2;2;"-23.429897";"-45.082436";"SPRF-SP";"DEL06-SP";"UOP01-DEL06-SP"
655816;2025-01-18;"sábado";"09:40:00";"RJ";101;298;"ITABORAI";"Reação tardia ou ineficiente do condutor";"Colisão traseira";"Com Vítimas Feridas";"Pleno dia";"Crescente";"Céu Claro";"Dupla";"Reta";"Sim";2;0;1;0;1;0;1;2;"-22.7714";"-42.92896";"SPRF-RJ";"DEL02-RJ";"UOP02-DEL02-RJ"
655817;2025-01-18;"sábado";"11:10:00";"SP";116;31,7;"CRUZEIRO";"Manobra de mudança de faixa";"Colisão lateral mesmo sentido";"Com Vítimas Feridas";"Pleno dia";"Crescente";"Céu Claro";"Dupla";"Reta;Aclive";"Não";3;0;0;2;0;1;2;2;"-22.63966194";"-44.93868903";"SPRF-SP";"DEL08-SP";"UOP02-DEL08-SP"
655818;2025-01-18;"sábado";"11:08:00";"DF";70;7;"BRASILIA";"Acessar a via sem observar a presença dos outros veículos";"Colisão transversal";"Com Vítimas Feridas";"Pleno dia";"Decrescente";"Céu Claro";"Dupla";"Aclive;Interseção de Vias;Reta";"Sim";3;0;0;1;2;0;1;2;"-15.787601";"-48.114429";"SPRF-DF";"DEL03-DF";"UOP02-DEL03-DF"
655819;2025-01-18;"sábado";"10:30:00";"RS";386;392;"TRIUNFO";"Velocidade Incompatível";"Tombamento";"Sem Vítimas";"Pleno dia";"Decrescente";"Sol";"Simples";"Reta;Em Obras";"Não";2;0;0;0;2;0;0;1;"-29.704739";"-51.654911";"SPRF-RS";"DEL04-RS";"UOP02-DEL04-RS"
655821;2025-01-18;"sábado";"10:00:00";"RJ";101;302;"SAO GONCALO";"Trafegar com motocicleta (ou similar) entre as faixas";"Colisão lateral mesmo sentido";"Com Vítimas Feridas";"Pleno dia";"Decrescente";"Céu Claro";"Dupla";"Reta";"Sim";2;0;1;0;1;0;1;2;"-22.78069318";"-42.96706396";"SPRF-RJ";"DEL02-RJ";"UOP02-DEL02-RJ"
655822;2025-01-18;"sábado";"09:20:00";"MS";163;289,8;"DOURADINA";"Transitar no Acostamento";"Colisão traseira";"Com Vítimas Feridas";"Pleno dia";"Decrescente";"Céu Claro";"Simples";"Reta";"Sim";2;0;1;0;0;1;1;2;"-22.0750759";"-54.56541842";"SPRF-MS";"DEL04-MS";"UOP01-DEL04-MS"
655823;2025-01-18;"sábado";"11:00:00";"ES";101;156,9;"LINHARES";"Acessar a via sem observar a presença dos outros veículos";"Colisão transversal";"Com Vítimas Feridas";"Pleno dia";"Crescente";"Céu Claro";"Simples";"Rotatória";"Sim";3;0;0;2;1;0;2;2;"-19.44596035";"-40.09435048";"SPRF-ES";"DEL04-ES";"UOP01-DEL04-ES"