"id";"data_inversa";"dia_semana";"horario";"uf";"br";"km";"municipio";"causa_acidente";"tipo_acidente";"classificacao_acidente";"fase_dia";"sentido_via";"condicao_metereologica";"tipo_pista";"tracado_via";"uso_solo";"pessoas";"mortos";"feridos_leves";"feridos_graves";"ilesos";"ignorados";"feridos";"veiculos";"latitude";"longitude";"regional";"delegacia";"uop"
656809;2025-01-23;"quinta-feira";"06:05:00";"RJ";101;327;"NITEROI";"Reação tardia ou ineficiente do condutor";"Colisão lateral mesmo sentido";"Com Vítimas Feridas";"Pleno dia";"Decrescente";"Céu Claro";"Múltipla";"Reta";"Sim";2;0;1;0;1;0;1;2;"-22.87117393";"-43.15595099";"SPRF-RJ";"DEL02-RJ";"UOP01-DEL02-RJ"
656810;2025-01-19;"domingo";"21:20:00";"ES";101;93,5;"JAGUARE";"Ausência de reação do condutor";"Tombamento";"Com Vítimas Feridas";"Plena Noite";"Crescente";"Céu Claro";"Simples";"Reta";"Não";1;0;1;0;0;0;1;1;"-18.92266916";"-39.96785068";"SPRF-ES";"DEL04-ES";"UOP02-DEL04-ES"
656811;2025-01-22;"quarta-feira";"07:00:00";"RO";364;641,7;"CANDEIAS DO JAMARI";"Ausência de reação do condutor";"Saída de leito carroçável";"Com Vítimas Feridas";"Pleno dia";"Crescente";"Céu Claro";"Simples";"Curva";"Não";2;0;0;1;1;0;1;1;"-9.011074";"-63.42149106";"SPRF-RO";"DEL01-RO";"UOP04-DEL01-RO"
656812;2025-01-11;"sábado";"10:10:00";"RJ";101;323;"NITEROI";"Ausência de reação do condutor";"Engavetamento";"Com Vítimas Feridas";"Pleno dia";"Decrescente";"Céu Claro";"Múltipla";"Reta";"Não";6;0;1;0;5;0;1;4;"-22.87684786";"-43.11728689";"SPRF-RJ";"DEL02-RJ";"UOP01-DEL02-RJ"
656813;2025-01-23;"quinta-feira";"08:10:00";"RS";287;399;"SANTIAGO";"Acessar a via sem observar a presença dos outros veículos";"Colisão transversal";"Com Vítimas Feridas";"Pleno dia";"Crescente";"Céu Claro";"Simples";"Reta";"Sim";2;0;0;1;1;0;1;2;"-29.16794191";"-54.86705298";"SPRF-RS";"DEL12-RS";"UOP02-DEL12-RS"
656816;2025-01-23;"quinta-feira";"10:15:00";"RS";470;176,4;"VERANOPOLIS";"Acessar a via sem observar a presença dos outros veículos";"Colisão transversal";"Com Vítimas Feridas";"Pleno dia";"Decrescente";"Sol";"Simples";"Reta";"Sim";2;0;1;0;1;0;1;2;"-28.93155684";"-51.54161811";"SPRF-RS";"DEL06-RS";"UOP02-DEL06-RS"
656817;2025-01-23;"quinta-feira";"10:20:00";"RJ";116;170;"RIO DE JANEIRO";"Demais falhas mecânicas ou elétricas";"Queda de ocupante de veículo";"Com Vítimas Feridas";"Pleno dia";"Crescente";"Céu Claro";"Dupla";"Reta";"Sim";2;0;2;0;0;0;2;1;"-22.81113183";"-43.3336729";"SPRF-RJ";"DEL06-RJ";"UOP01-DEL06-RJ"
656819;2025-01-23;"quinta-feira";"09:15:00";"SP";153;138,5;"PROMISSAO";"Condutor Dormindo";"Saída de leito carroçável";"Com Vítimas Feridas";"Pleno dia";"Crescente";"Céu Claro";"Simples";"Reta";"Não";1;0;1;0;0;0;1;1;"-21.31002302";"-49.79450084";"SPRF-SP";"DEL07-SP";"UOP01-DEL07-SP"
656820;2025-01-23;"quinta-feira";"09:20:00";"PB";101;84;"BAYEUX";"Reação tardia ou ineficiente do condutor";"Colisão lateral mesmo sentido";"Sem Vítimas";"Pleno dia";"Decrescente";"Céu Claro";"Dupla";"Reta";"Sim";2;0;0;0;2;0;0;2;"-7.13957906";"-34.92312806";"SPRF-PB";"DEL01-PB";"UOP01-DEL01-PB"
656822;2025-01-23;"quinta-feira";"10:55:00";"PB";230;16;"JOAO PESSOA";"Ausência de reação do condutor";"Colisão traseira";"Com Vítimas Feridas";"Pleno dia";"Decrescente";"Céu Claro";"Dupla";"Reta";"Sim";2;0;1;0;1;0;1;2;"-7.10888816";"-34.84331131";"SPRF-PB";"DEL01-PB";"UOP01-DEL01-PB"
656824;2025-01-23;"quinta-feira";"10:22:00";"SC";280;60;"GUARAMIRIM";"Transitar na contramão";"Colisão frontal";"Com Vítimas Feridas";"Pleno dia";"Crescente";"Sol";"Dupla";"Reta";"Sim";2;0;1;0;1;0;1;2;"-26.47802633";"-49.03894425";"SPRF-SC";"DEL03-SC";"UOP03-DEL03-SC"
656825;2025-01-23;"quinta-feira";"09:47:00";"MA";230;406;"BALSAS";"Ultrapassagem Indevida";"Colisão lateral sentido oposto";"Com Vítimas Feridas";"Pleno dia";"Decrescente";"Céu Claro";"Simples";"Reta";"Sim";2;0;1;0;1;0;1;2;"-7.51971965";"-46.05845601";"SPRF-MA";"DEL05-MA";"UOP01-DEL05-MA"
656827;2025-01-23;"quinta-feira";"10:30:00";"GO";60;90;"ANAPOLIS";"Manobra de mudança de faixa";"Colisão traseira";"Com Vítimas Feridas";"Pleno dia";"Crescente";"Céu Claro";"Dupla";"Retorno Regulamentado;Reta";"Sim";4;0;2;0;0;2;2;3;"-16.3427";"-48.9019";"SPRF-GO";"DEL02-GO";"UOP01-DEL02-GO"
656829;2025-01-23;"quinta-feira";"11:20:00";"RN";110;45,3;"MOSSORO";"Condutor deixou de manter distância do veículo da frente";"Colisão traseira";"Com Vítimas Feridas";"Pleno dia";"Decrescente";"Céu Claro";"Simples";"Reta";"Não";2;0;1;0;1;0;1;2;"-5.19257993";"-37.31114905";"SPRF-RN";"DEL04-RN";"UOP01-DEL04-RN"
656830;2025-01-23;"quinta-feira";"11:18:00";"CE";222;319;"TIANGUA";"Ausência de reação do condutor";"Colisão lateral mesmo sentido";"Com Vítimas Feridas";"Pleno dia";"Crescente";"Sol";"Simples";"Reta";"Não";3;0;0;1;2;0;1;2;"-3.76400832";"-41.0308357";"SPRF-CE";"DEL04-CE";"UOP02-DEL04-CE"
656832;2025-01-23;"quinta-feira";"12:20:00";"SC";282;16;"PALHOCA";"Conversão proibida";"Colisão lateral mesmo sentido";"Com Vítimas Feridas";"Pleno dia";"Crescente";"Céu Claro";"Simples";"Reta";"Sim";2;0;1;0;1;0;1;2;"-27.658611";"-48.681847";"SPRF-SC";"DEL01-SC";"UOP02-DEL01-SC"
656833;2025-01-23;"quinta-feira";"11:38:00";"PE";104;75,8;"CARUARU";"Reação tardia ou ineficiente do condutor";"Engavetamento";"Com Vítimas Feridas";"Pleno dia";"Decrescente";"Sol";"Simples";"Reta";"Não";6;0;1;0;5;0;1;3;"-8.367286";"-35.985153";"SPRF-PE";"DEL02-PE";"UOP01-DEL02-PE"
656834;2025-01-23;"quinta-feira";"12:30:00";"SC";282;5,2;"SAO JOSE";"Reação tardia ou ineficiente do condutor";"Engavetamento";"Com Vítimas Feridas";"Pleno dia";"Decrescente";"Céu Claro";"Múltipla";"Reta";"Sim";7;0;6;0;1;0;6;4;"-27.588425";"-48.612919";"SPRF-SC";"DEL01-SC";"UOP01-DEL01-SC"
656835;2025-01-23;"quinta-feira";"12:00:00";"RS";101;50,5;"TERRA DE AREIA";"Ausência de reação do condutor";"Saída de leito carroçável";"Com Vítimas Feridas";"Pleno dia";"Decrescente";"Céu Claro";"Dupla";"Reta";"Sim";1;0;0;1;0;0;1;1;"-29.61301328";"-50.09009242";"SPRF-RS";"DEL03-RS";"UOP02-DEL03-RS"
656836;2025-01-23;"quinta-feira";"12:40:00";"SP";153;59,7;"SAO JOSE DO RIO PRETO";"Demais falhas mecânicas ou elétricas";"Tombamento";"Com Vítimas Feridas";"Pleno dia";"Crescente";"Céu Claro";"Dupla";"Reta";"Não";1;0;1;0;0;0;1;1;"-20.78733103";"-49.35399276";"SPRF-SP";"DEL09-SP";"UOP01-DEL09-SP"
656838;2025-01-23;"quinta-feira";"12:00:00";"MG";40;614,4;"CONGONHAS";"Reação tardia ou ineficiente do condutor";"Queda de ocupante de veículo";"Com Vítimas Feridas";"Pleno dia";"Crescente";"Céu Claro";"Simples";"Reta";"Não";1;0;1;0;0;0;1;1;"-20.52977973";"-43.82351464";"SPRF-MG";"DEL05-MG";"UOP02-DEL05-MG"
656839;2025-01-23;"quinta-feira";"10:00:00";"RJ";116;198;"QUEIMADOS";"Reação tardia ou ineficiente do condutor";"Colisão traseira";"Com Vítimas Feridas";"Pleno dia";"Crescente";"Sol";"Dupla";"Reta";"Não";2;0;1;0;1;0;1;2;"-22.72952183";"-43.57481597";"SPRF-RJ";"DEL06-RJ";"UOP02-DEL06-RJ"
656842;2025-01-23;"quinta-feira";"12:50:00";"RS";470;218;"BENTO GONCALVES";"Acessar a via sem observar a presença dos outros veículos";"Colisão transversal";"Com Vítimas Feridas";"Pleno dia";"Crescente";"Céu Claro";"Dupla";"Reta";"Sim";2;0;1;0;1;0;1;2;"-29.17292214";"-51.52424936";"SPRF-RS";"DEL06-RS";"UOP01-DEL06-RS"
656847;2025-01-23;"quinta-feira";"12:15:00";"PR";476;100;"BOCAIUVA DO SUL";"Acessar a via sem observar a presença dos outros veículos";"Colisão transversal";"Com Vítimas Feridas";"Pleno dia";"Crescente";"Céu Claro";"Simples";"Reta";"Não";4;0;3;0;1;0;3;2;"-25.249336";"-49.139526";"SPRF-PR";"DEL01-PR";"UOP01-DEL01-PR"
656848;2025-01-23;"quinta-feira";"12:30:00";"MS";163;615;"SAO GABRIEL DO OESTE";"Acessar a via sem observar a presença dos outros veículos";"Colisão transversal";"Com Vítimas Feridas";"Pleno dia";"Crescente";"Céu Claro";"Simples";"Reta;Interseção de Vias";"Sim";2;0;0;1;1;0;1;2;"-19.39156822";"-54.57002521";"SPRF-MS";"DEL06-MS";"UOP02-DEL06-MS"
656851;2025-01-23;"quinta-feira";"12:45:00";"MG";381;158,5;"GOVERNADOR VALADARES";"Velocidade Incompatível";"Tombamento";"Com Vítimas Feridas";"Pleno dia";"Decrescente";"Céu Claro";"Simples";"Reta";"Não";1;0;0;1;0;0;1;1;"-18.91795246";"-42.01337465";"SPRF-MG";"DEL06-MG";"UOP01-DEL06-MG"
656852;2025-01-23;"quinta-feira";"13:00:00";"MS";163;11;"MUNDO NOVO";"Reação tardia ou ineficiente do condutor";"Colisão com objeto";"Com Vítimas Feridas";"Pleno dia";"Crescente";"Chuva";"Simples";"Curva";"Não";1;0;1;0;0;0;1;1;"-23.96872579";"-54.32871421";"SPRF-MS";"DEL09-MS";"UOP02-DEL09-MS"
656858;2025-01-23;"quinta-feira";"12:15:00";"PR";158;535;"PATO BRANCO";"Acessar a via sem observar a presença dos outros veículos";"Colisão transversal";"Com Vítimas Feridas";"Pleno dia";"Decrescente";"Sol";"Simples";"Reta";"Sim";2;0;0;1;1;0;1;2;"-26.23547098";"-52.69066504";"SPRF-PR";"DEL02-PR";"UOP01-DEL02-PR"
656861;2025-01-23;"quinta-feira";"12:30:00";"GO";452;22;"RIO VERDE";"Reação tardia ou ineficiente do condutor";"Saída de leito carroçável";"Com Vítimas Feridas";"Pleno dia";"Crescente";"Sol";"Dupla";"Retorno Regulamentado;Curva";"Não";2;0;1;0;1;0;1;1;"-17.87601952";"-50.71654288";"SPRF-GO";"DEL04-GO";"UOP01-DEL04-GO"
656862;2025-01-23;"quinta-feira";"11:10:00";"MA";226;231;"TUNTUM";"Manobra de mudança de faixa";"Colisão frontal";"Com Vítimas Fatais";"Pleno dia";"Crescente";"Céu Claro";"Simples";"Reta";"Não";2;1;0;0;0;1;0;2;"-5.3482063";"-44.7181329";"SPRF-MA";"DEL06-MA";"UOP01-DEL06-MA"
656864;2025-01-11;"sábado";"15:15:00";"PR";277;109;"CURITIBA";"Velocidade Incompatível";"Saída de leito carroçável";"Com Vítimas Feridas";"Pleno dia";"Decrescente";"Sol";"Dupla";"Reta";"Não";1;0;0;1;0;0;1;1;"-25.4275486";"-49.3868387";"SPRF-PR";"DEL03-PR";"UOP03-DEL03-PR"
656865;2025-01-23;"quinta-feira";"09:05:00";"PR";487;170,8;"CAMPO MOURAO";"Condutor Dormindo";"Saída de leito carroçável";"Com Vítimas Feridas";"Pleno dia";"Crescente";"Céu Claro";"Simples";"Reta";"Não";1;0;0;1;0;0;1;1;"-24.014101";"-52.46035";"SPRF-PR";"DEL09-PR";"UOP03-DEL09-PR"
656866;2025-01-23;"quinta-feira";"07:20:00";"MT";158;637;"NOVA XAVANTINA";"Mal súbito do condutor";"Saída de leito carroçável";"Com Vítimas Feridas";"Pleno dia";"Crescente";"Céu Claro";"Simples";"Curva";"Não";1;0;1;0;0;0;1;1;"-14.53457492";"-52.363506";"SPRF-MT";"DEL07-MT";"UOP02-DEL07-MT"
656867;2025-01-23;"quinta-feira";"15:35:00";"GO";414;440;"ANAPOLIS";"Acesso irregular";"Colisão traseira";"Com Vítimas Feridas";"Pleno dia";"Crescente";"Céu Claro";"Simples";"Reta;Aclive";"Não";3;0;0;1;2;0;1;2;"-16.28128823";"-48.94258908";"SPRF-GO";"DEL02-GO";"UOP01-DEL02-GO"
656870;2025-01-23;"quinta-feira";"14:18:00";"MG";262;37,9;"MANHUACU";"Acessar a via sem observar a presença dos outros veículos";"Colisão transversal";"Com Vítimas Feridas";"Pleno dia";"Crescente";"Céu Claro";"Simples";"Reta";"Não";2;0;1;0;1;0;1;2;"-20.25748975";"-42.03048732";"SPRF-MG";"DEL06-MG";"UOP03-DEL06-MG"
656872;2025-01-23;"quinta-feira";"14:30:00";"MG";381;292;"ANTONIO DIAS";"Pista esburacada";"Colisão lateral mesmo sentido";"Com Vítimas Feridas";"Pleno dia";"Decrescente";"Céu Claro";"Simples";"Reta";"Não";3;0;2;0;1;0;2;2;"-19.62231934";"-42.8398724";"SPRF-MG";"DEL03-MG";"UOP02-DEL03-MG"
656873;2025-01-23;"quinta-feira";"15:15:00";"RS";116;552,5;"CAPAO DO LEAO";"Condutor Dormindo";"Colisão frontal";"Com Vítimas Feridas";"Pleno dia";"Crescente";"Céu Claro";"Simples";"Reta";"Não";5;0;2;2;1;0;4;2;"-31.87340513";"-52.62139493";"SPRF-RS";"DEL07-RS";"UOP03-DEL07-RS"
656874;2025-01-23;"quinta-feira";"16:10:00";"ES";101;301,9;"VIANA";"Demais falhas mecânicas ou elétricas";"Tombamento";"Com Vítimas Feridas";"Pleno dia";"Crescente";"Céu Claro";"Dupla";"Curva";"Sim";2;0;2;0;0;0;2;1;"-20.36278187";"-40.4401343";"SPRF-ES";"DEL01-ES";"UOP01-DEL01-ES"
656875;2025-01-23;"quinta-feira";"12:00:00";"RS";290;179;"BUTIA";"Acessar a via sem observar a presença dos outros veículos";"Colisão transversal";"Com Vítimas Feridas";"Pleno dia";"Decrescente";"Céu Claro";"Simples";"Interseção de Vias";"Não";3;0;1;0;1;1;1;2;"-30.136271";"-52.002666";"SPRF-RS";"DEL02-RS";"UOP03-DEL02-RS"
656876;2025-01-23;"quinta-feira";"16:00:00";"BA";116;3,5;"VITORIA DA CONQUISTA";"Reação tardia ou ineficiente do condutor";"Saída de leito carroçável";"Com Vítimas Feridas";"Pleno dia";"Crescente";"Céu Claro";"Simples";"Reta";"Não";1;0;0;1;0;0;1;1;"-14.851";"-40.8485";"SPRF-BA";"DEL08-BA";"UOP01-DEL08-BA"
656880;2025-01-23;"quinta-feira";"17:00:00";"RS";290;101;"PORTO ALEGRE";"Demais falhas mecânicas ou elétricas";"Colisão lateral mesmo sentido";"Com Vítimas Feridas";"Pleno dia";"Decrescente";"Céu Claro";"Dupla";"Curva";"Não";3;0;1;1;1;0;2;2;"-29.985779";"-51.246201";"SPRF-RS";"DEL01-RS";"UOP01-DEL01-RS"
656881;2025-01-23;"quinta-feira";"17:00:00";"MG";267;70,6;"BICAS";"Transitar na contramão";"Colisão frontal";"Com Vítimas Fatais";"Pleno dia";"Crescente";"Ignorado";"Simples";"Reta";"Não";5;1;1;3;0;0;4;2;"-21.74480506";"-43.13260598";"SPRF-MG";"DEL05-MG";"UOP01-DEL05-MG"
656882;2025-01-23;"quinta-feira";"16:48:00";"RN";101;155;"GOIANINHA";"Avarias e/ou desgaste excessivo no pneu";"Tombamento";"Com Vítimas Feridas";"Pleno dia";"Decrescente";"Céu Claro";"Dupla";"Reta";"Não";2;0;2;0;0;0;2;1;"-6.33270015";"-35.17448225";"SPRF-RN";"DEL01-RN";"UOP01-DEL01-RN"
656883;2025-01-23;"quinta-feira";"17:00:00";"SC";282;500,2;"XANXERE";"Velocidade Incompatível";"Saída de leito carroçável";"Com Vítimas Feridas";"Pleno dia";"Crescente";"Céu Claro";"Dupla";"Reta";"Não";2;0;1;0;1;0;1;1;"-26.881372";"-52.37252";"SPRF-SC";"DEL07-SC";"UOP01-DEL07-SC"
656884;2025-01-23;"quinta-feira";"17:00:00";"MG";40;710,8;"BARBACENA";"Demais falhas mecânicas ou elétricas";"Tombamento";"Com Vítimas Feridas";"Pleno dia";"Decrescente";"Céu Claro";"Dupla";"Reta";"Não";1;0;1;0;0;0;1;1;"-21.247917";"-43.680034";"SPRF-MG";"DEL05-MG";"UOP02-DEL05-MG"
656887;2025-01-08;"quarta-feira";"15:00:00";"PR";487;168;"CAMPO MOURAO";"Ausência de reação do condutor";"Colisão traseira";"Com Vítimas Feridas";"Pleno dia";"Decrescente";"Céu Claro";"Simples";"Reta";"Não";2;0;0;1;0;1;1;2;"-23.98842216";"-52.51759529";"SPRF-PR";"DEL09-PR";"UOP03-DEL09-PR"
656889;2025-01-23;"quinta-feira";"17:25:00";"BA";242;864;"BARREIRAS";"Chuva";"Colisão lateral sentido oposto";"Com Vítimas Fatais";"Anoitecer";"Decrescente";"Chuva";"Simples";"Reta";"Não";2;1;0;0;1;0;0;2;"-12.09044874";"-45.41546196";"SPRF-BA";"DEL10-BA";"UOP01-DEL10-BA"
656891;2025-01-23;"quinta-feira";"16:45:00";"RJ";101;510;"ANGRA DOS REIS";"Acessar a via sem observar a presença dos outros veículos";"Colisão lateral mesmo sentido";"Com Vítimas Feridas";"Pleno dia";"Decrescente";"Garoa/Chuvisco";"Dupla";"Reta";"Sim";2;0;1;0;1;0;1;2;"-22.95213203";"-44.4361139";"SPRF-RJ";"DEL03-RJ";"UOP03-DEL03-RJ"
656892;2025-01-23;"quinta-feira";"12:00:00";"AM";174;997;"PRESIDENTE FIGUEIREDO";"Afundamento ou ondulação no pavimento";"Capotamento";"Com Vítimas Feridas";"Pleno dia";"Decrescente";"Garoa/Chuvisco";"Simples";"Declive";"Não";1;0;1;0;0;0;1;1;"-1.994507";"-60.02663";"SPRF-AM";"DEL01-AM";"UOP02-DEL01-AM"
656893;2025-01-23;"quinta-feira";"18:15:00";"PR";376;600;"CURITIBA";"Reação tardia ou ineficiente do condutor";"Queda de ocupante de veículo";"Com Vítimas Feridas";"Pleno dia";"Crescente";"Nublado";"Dupla";"Reta";"Sim";1;0;1;0;0;0;1;1;"-25.53195602";"-49.32205901";"SPRF-PR";"DEL01-PR";"UOP06-DEL01-PR"
656894;2025-01-23;"quinta-feira";"17:40:00";"SP";116;223;"GUARULHOS";"Acesso irregular";"Colisão transversal";"Com Vítimas Feridas";"Pleno dia";"Decrescente";"Céu Claro";"Múltipla";"Reta;Em Obras";"Sim";4;0;1;0;3;0;1;2;"-23.47559815";"-46.5246609";"SPRF-SP";"DEL01-SP";"UOP01-DEL01-SP"
656900;2025-01-23;"quinta-feira";"17:50:00";"PR";277;83;"CURITIBA";"Trafegar com motocicleta (ou similar) entre as faixas";"Colisão traseira";"Com Vítimas Feridas";"Pleno dia";"Decrescente";"Céu Claro";"Dupla";"Reta";"Sim";4;0;2;0;2;0;2;3;"-25.449598";"-49.228942";"SPRF-PR";"DEL01-PR";"UOP03-DEL01-PR"
656902;2025-01-08;"quarta-feira";"06:40:00";"MS";376;171,1;"NOVA ANDRADINA";"Ausência de reação do condutor";"Tombamento";"Com Vítimas Feridas";"Pleno dia";"Decrescente";"Sol";"Dupla";"Reta";"Sim";1;0;1;0;0;0;1;1;"-22.28604579";"-53.37991649";"SPRF-MS";"DEL04-MS";"UOP04-DEL04-MS"
656903;2025-01-23;"quinta-feira";"17:00:00";"SC";101;112;"ITAJAI";"Manobra de mudança de faixa";"Colisão lateral mesmo sentido";"Com Vítimas Feridas";"Pleno dia";"Crescente";"Céu Claro";"Dupla";"Reta;Declive";"Sim";3;0;2;0;1;0;2;2;"-26.84589005";"-48.72131295";"SPRF-SC";"DEL04-SC";"UOP04-DEL04-SC"
656904;2025-01-23;"quinta-feira";"18:35:00";"BA";324;619;"SALVADOR";"Manobra de mudança de faixa";"Colisão lateral mesmo sentido";"Com Vítimas Feridas";"Plena Noite";"Crescente";"Céu Claro";"Múltipla";"Reta";"Sim";3;0;3;0;0;0;3;2;"-12.89820999";"-38.45012202";"SPRF-BA";"DEL01-BA";"UOP01-DEL01-BA"
656905;2025-01-23;"quinta-feira";"18:20:00";"SP";116;435;"REGISTRO";"Ausência de reação do condutor";"Saída de leito carroçável";"Sem Vítimas";"Anoitecer";"Crescente";"Céu Claro";"Dupla";"Reta";"Não";1;0;0;0;1;0;0;1;"-24.42978592";"-47.78559107";"SPRF-SP";"DEL05-SP";"UOP01-DEL05-SP"
656906;2025-01-23;"quinta-feira";"17:39:00";"PB";230;149;"CAMPINA GRANDE";"Acessar a via sem observar a presença dos outros veículos";"Colisão transversal";"Com Vítimas Feridas";"Pleno dia";"Decrescente";"Céu Claro";"Simples";"Reta";"Não";2;0;2;0;0;0;2;2;"-7.243";"-35.8709";"SPRF-PB";"DEL02-PB";"UOP01-DEL02-PB"
656907;2025-01-23;"quinta-feira";"18:50:00";"SC";101;212,6;"PALHOCA";"Trafegar com motocicleta (ou similar) entre as faixas";"Colisão lateral mesmo sentido";"Com Vítimas Feridas";"Anoitecer";"Crescente";"Nublado";"Múltipla";"Reta";"Sim";3;0;1;0;2;0;1;3;"-27.62996929";"-48.65903871";"SPRF-SC";"DEL01-SC";"UOP02-DEL01-SC"
656909;2025-01-23;"quinta-feira";"18:45:00";"DF";60;4;"BRASILIA";"Manobra de mudança de faixa";"Colisão lateral mesmo sentido";"Com Vítimas Feridas";"Anoitecer";"Crescente";"Nublado";"Dupla";"Reta";"Sim";3;0;1;0;0;2;1;3;"-15.892721";"-48.095741";"SPRF-DF";"DEL03-DF";"UOP01-DEL03-DF"
656911;2025-01-23;"quinta-feira";"18:00:00";"PR";277;129;"CAMPO LARGO";"Problema com o freio";"Saída de leito carroçável";"Com Vítimas Feridas";"Anoitecer";"Decrescente";"Céu Claro";"Dupla";"Reta";"Sim";2;0;2;0;0;0;2;1;"-25.444947";"-49.565302";"SPRF-PR";"DEL03-PR";"UOP03-DEL03-PR"
656912;2025-01-23;"quinta-feira";"18:57:00";"CE";222;2,8;"FORTALEZA";"Condutor desrespeitou a iluminação vermelha do semáforo";"Colisão transversal";"Com Vítimas Feridas";"Plena Noite";"Crescente";"Céu Claro";"Múltipla";"Interseção de Vias;Reta";"Sim";2;0;1;0;1;0;1;2;"-3.73911117";"-38.58687498";"SPRF-CE";"DEL01-CE";"UOP01-DEL01-CE"
656913;2025-01-23;"quinta-feira";"13:45:00";"PR";277;10;"PARANAGUA";"Reação tardia ou ineficiente do condutor";"Queda de ocupante de veículo";"Sem Vítimas";"Pleno dia";"Decrescente";"Céu Claro";"Dupla";"Reta;Interseção de Vias";"Não";1;0;0;0;1;0;0;1;"-25.568198";"-48.615292";"SPRF-PR";"DEL01-PR";"UOP05-DEL01-PR"
656914;2025-01-15;"quarta-feira";"17:40:00";"BA";407;126;"SENHOR DO BONFIM";"Desrespeitar a preferência no cruzamento";"Colisão transversal";"Com Vítimas Feridas";"Anoitecer";"Decrescente";"Chuva";"Simples";"Interseção de Vias;Reta";"Sim";2;0;0;1;0;1;1;2;"-10.4558193";"-40.18119143";"SPRF-BA";"DEL04-BA";"UOP01-DEL04-BA"
656918;2025-01-23;"quinta-feira";"20:20:00";"GO";414;437;"ANAPOLIS";"Acessar a via sem observar a presença dos outros veículos";"Colisão lateral mesmo sentido";"Com Vítimas Feridas";"Plena Noite";"Crescente";"Céu Claro";"Simples";"Reta;Declive";"Não";2;0;0;1;0;1;1;2;"-16.26365299";"-48.93824303";"SPRF-GO";"DEL02-GO";"UOP01-DEL02-GO"
656920;2025-01-23;"quinta-feira";"17:20:00";"RJ";116;225;"PIRAI";"Pista Escorregadia";"Queda de ocupante de veículo";"Com Vítimas Feridas";"Anoitecer";"Crescente";"Chuva";"Dupla";"Reta";"Não";1;0;0;1;0;0;1;1;"-22.679905";"-43.814217";"SPRF-RJ";"DEL06-RJ";"UOP02-DEL06-RJ"
656921;2025-01-23;"quinta-feira";"18:31:00";"SC";280;27;"ARAQUARI";"Manobra de mudança de faixa";"Colisão lateral mesmo sentido";"Com Vítimas Feridas";"Anoitecer";"Decrescente";"Céu Claro";"Simples";"Reta";"Sim";2;0;0;1;1;0;1;2;"-26.39685622";"-48.74021969";"SPRF-SC";"DEL03-SC";"UOP03-DEL03-SC"
656922;2025-01-23;"quinta-feira";"20:30:00";"MG";381;485,6;"BETIM";"Ausência de reação do condutor";"Colisão lateral mesmo sentido";"Com Vítimas Feridas";"Plena Noite";"Crescente";"Nublado";"Dupla";"Aclive;Reta";"Sim";2;0;0;1;1;0;1;2;"-19.95606275";"-44.10431092";"SPRF-MG";"DEL01-MG";"UOP03-DEL01-MG"
656923;2025-01-23;"quinta-feira";"19:40:00";"GO";50;278;"CATALAO";"Acessar a via sem observar a presença dos outros veículos";"Colisão transversal";"Com Vítimas Feridas";"Plena Noite";"Crescente";"Céu Claro";"Simples";"Interseção de Vias";"Sim";2;0;1;0;1;0;1;2;"-18.1696";"-47.92";"SPRF-GO";"DEL06-GO";"UOP01-DEL06-GO"
656925;2025-01-23;"quinta-feira";"21:15:00";"PR";376;548;"PALMEIRA";"Ausência de reação do condutor";"Saída de leito carroçável";"Sem Vítimas";"Plena Noite";"Decrescente";"Céu Claro";"Dupla";"Reta";"Não";1;0;0;0;1;0;0;1;"-25.408";"-49.781";"SPRF-PR";"DEL03-PR";"UOP03-DEL03-PR"
656926;2025-01-23;"quinta-feira";"19:30:00";"BA";415;59;"ITABUNA";"Condutor Dormindo";"Saída de leito carroçável";"Com Vítimas Feridas";"Plena Noite";"Decrescente";"Céu Claro";"Simples";"Reta";"Não";1;0;1;0;0;0;1;1;"-14.8556728";"-39.394165";"SPRF-BA";"DEL05-BA";"UOP01-DEL05-BA"
656927;2025-01-23;"quinta-feira";"21:30:00";"TO";153;693;"CARIRI DO TOCANTINS";"Reação tardia ou ineficiente do condutor";"Saída de leito carroçável";"Com Vítimas Feridas";"Plena Noite";"Decrescente";"Céu Claro";"Simples";"Reta";"Não";1;0;1;0;0;0;1;1;"-11.89559706";"-49.16831388";"SPRF-TO";"DEL01-TO";"UOP02-DEL01-TO"
656929;2025-01-23;"quinta-feira";"21:40:00";"SC";470;64,5;"INDAIAL";"Reação tardia ou ineficiente do condutor";"Queda de ocupante de veículo";"Com Vítimas Feridas";"Plena Noite";"Crescente";"Céu Claro";"Simples";"Declive;Reta;Em Obras";"Não";1;0;1;0;0;0;1;1;"-26.872396";"-49.19228";"SPRF-SC";"DEL04-SC";"UOP01-DEL04-SC"
656930;2025-01-23;"quinta-feira";"20:00:00";"MG";381;811;"CAREACU";"Velocidade Incompatível";"Saída de leito carroçável";"Sem Vítimas";"Plena Noite";"Decrescente";"Chuva";"Dupla";"Curva";"Não";2;0;0;0;2;0;0;1;"-22.05313393";"-45.6960471";"SPRF-MG";"DEL16-MG";"UOP02-DEL16-MG"