"id";"data_inversa";"dia_semana";"horario";"uf";"br";"km";"municipio";"causa_acidente";"tipo_acidente";"classificacao_acidente";"fase_dia";"sentido_via";"condicao_metereologica";"tipo_pista";"tracado_via";"uso_solo";"pessoas";"mortos";"feridos_leves";"feridos_graves";"ilesos";"ignorados";"feridos";"veiculos";"latitude";"longitude";"regional";"delegacia";"uop"
657039;2025-01-24;"sexta-feira";"12:15:00";"SC";470;84;"RODEIO";"Acessar a via sem observar a presença dos outros veículos";"Colisão transversal";"Com Vítimas Feridas";"Pleno dia";"Decrescente";"Céu Claro";"Simples";"Reta";"Não";2;0;0;1;1;0;1;2;"-26.96137";"-49.342415";"SPRF-SC";"DEL04-SC";"UOP01-DEL04-SC"
657043;2025-01-24;"sexta-feira";"13:00:00";"SP";116;140;"SAO JOSE DOS CAMPOS";"Ausência de reação do condutor";"Saída de leito carroçável";"Com Vítimas Feridas";"Pleno dia";"Decrescente";"Céu Claro";"Simples";"Reta";"Sim";3;0;2;0;1;0;2;1;"-23.16577714";"-45.81246193";"SPRF-SP";"DEL02-SP";"UOP01-DEL02-SP"
657045;2025-01-24;"sexta-feira";"16:30:00";"PB";101;88;"JOAO PESSOA";"Pedestre andava na pista";"Atropelamento de Pedestre";"Com Vítimas Feridas";"Pleno dia";"Decrescente";"Céu Claro";"Dupla";"Aclive;Reta";"Sim";2;0;0;1;0;1;1;2;"-7.16470016";"-34.89993643";"SPRF-PB";"DEL01-PB";"UOP01-DEL01-PB"
657047;2025-01-24;"sexta-feira";"16:45:00";"DF";40;1,3;"BRASILIA";"Condutor deixou de manter distância do veículo da frente";"Colisão traseira";"Com Vítimas Feridas";"Pleno dia";"Crescente";"Céu Claro";"Dupla";"Reta";"Sim";2;0;1;0;0;1;1;2;"-15.985532";"-47.987747";"SPRF-DF";"DEL01-DF";"UOP01-DEL01-DF"
657048;2025-01-24;"sexta-feira";"15:20:00";"PA";316;61;"CASTANHAL";"Transitar na contramão";"Colisão frontal";"Com Vítimas Feridas";"Pleno dia";"Crescente";"Céu Claro";"Dupla";"Reta";"Sim";3;0;1;2;0;0;3;2;"-1.29686015";"-47.94639002";"SPRF-PA";"DEL01-PA";"UOP01-DEL01-PA"
657049;2025-01-24;"sexta-feira";"17:08:00";"ES";101;242;"SERRA";"Ausência de reação do condutor";"Tombamento";"Com Vítimas Feridas";"Pleno dia";"Crescente";"Céu Claro";"Múltipla";"Curva";"Não";1;0;1;0;0;0;1;1;"-20.0321348";"-40.39675773";"SPRF-ES";"DEL02-ES";"UOP01-DEL02-ES"
657050;2025-01-24;"sexta-feira";"16:50:00";"DF";70;8;"BRASILIA";"Manobra de mudança de faixa";"Colisão lateral mesmo sentido";"Com Vítimas Feridas";"Pleno dia";"Crescente";"Céu Claro";"Dupla";"Declive;Reta";"Sim";3;0;1;0;0;2;1;3;"-15.784966";"-48.122108";"SPRF-DF";"DEL03-DF";"UOP02-DEL03-DF"
657052;2025-01-24;"sexta-feira";"17:00:00";"ES";101;6,9;"SERRA";"Ingestão de álcool pelo condutor";"Colisão traseira";"Sem Vítimas";"Pleno dia";"Decrescente";"Céu Claro";"Simples";"Reta";"Não";5;0;0;0;5;0;0;2;"-20.129093";"-40.308125";"SPRF-ES";"DEL02-ES";"UOP01-DEL02-ES"
657053;2025-01-24;"sexta-feira";"16:15:00";"PR";376;8,3;"MARINGA";"Reação tardia ou ineficiente do condutor";"Colisão com objeto";"Sem Vítimas";"Pleno dia";"Crescente";"Sol";"Dupla";"Aclive;Curva";"Não";1;0;0;0;0;1;0;1;"-23.372639";"-51.922594";"SPRF-PR";"DEL09-PR";"UOP01-DEL09-PR"
657054;2025-01-24;"sexta-feira";"16:30:00";"BA";324;610,8;"SIMOES FILHO";"Trafegar com motocicleta (ou similar) entre as faixas";"Colisão traseira";"Com Vítimas Feridas";"Pleno dia";"Decrescente";"Sol";"Dupla";"Reta";"Não";2;0;1;0;1;0;1;2;"-12.846065";"-38.416986";"SPRF-BA";"DEL01-BA";"UOP01-DEL01-BA"
657056;2025-01-24;"sexta-feira";"17:30:00";"RS";290;91;"PORTO ALEGRE";"Manobra de mudança de faixa";"Colisão transversal";"Com Vítimas Feridas";"Pleno dia";"Crescente";"Céu Claro";"Dupla";"Reta";"Sim";2;0;1;0;1;0;1;2;"-29.969055";"-51.167439";"SPRF-RS";"DEL01-RS";"UOP01-DEL01-RS"
657058;2025-01-24;"sexta-feira";"17:00:00";"PA";10;211;"IPIXUNA DO PARA";"Ausência de reação do condutor";"Saída de leito carroçável";"Com Vítimas Fatais";"Pleno dia";"Decrescente";"Céu Claro";"Simples";"Reta";"Não";1;1;0;0;0;0;0;1;"-2.58325407";"-47.48955144";"SPRF-PA";"DEL02-PA";"UOP01-DEL02-PA"
657059;2025-01-24;"sexta-feira";"16:05:00";"MS";163;41;"ELDORADO";"Acessar a via sem observar a presença dos outros veículos";"Colisão transversal";"Com Vítimas Feridas";"Pleno dia";"Crescente";"Céu Claro";"Simples";"Reta;Interseção de Vias";"Sim";2;0;1;0;1;0;1;2;"-23.78038392";"-54.2770967";"SPRF-MS";"DEL09-MS";"UOP02-DEL09-MS"
657060;2025-01-24;"sexta-feira";"17:25:00";"PR";116;97;"SAO JOSE DOS PINHAIS";"Ausência de reação do condutor";"Colisão lateral mesmo sentido";"Com Vítimas Feridas";"Pleno dia";"Crescente";"Nublado";"Múltipla";"Reta";"Sim";1;0;1;0;0;0;1;1;"-25.51232495";"-49.12871007";"SPRF-PR";"DEL01-PR";"UOP07-DEL01-PR"
657061;2025-01-24;"sexta-feira";"17:10:00";"PR";376;668;"GUARATUBA";"Demais falhas mecânicas ou elétricas";"Incêndio";"Sem Vítimas";"Pleno dia";"Decrescente";"Garoa/Chuvisco";"Dupla";"Curva";"Não";4;0;0;0;4;0;0;1;"-25.864159";"-48.937538";"SPRF-PR";"DEL01-PR";"UOP04-DEL01-PR"
657062;2025-01-24;"sexta-feira";"17:30:00";"AL";101;104;"PILAR";"Velocidade Incompatível";"Queda de ocupante de veículo";"Com Vítimas Feridas";"Anoitecer";"Decrescente";"Céu Claro";"Dupla";"Interseção de Vias";"Sim";1;0;0;1;0;0;1;1;"-9.58714551";"-35.98027797";"SPRF-AL";"DEL02-AL";"UOP01-DEL02-AL"
657063;2025-01-24;"sexta-feira";"18:00:00";"SC";101;141;"BALNEARIO CAMBORIU";"Demais falhas mecânicas ou elétricas";"Incêndio";"Sem Vítimas";"Anoitecer";"Crescente";"Chuva";"Simples";"Curva;Declive";"Não";1;0;0;0;1;0;0;1;"-27.04761729";"-48.59995855";"SPRF-SC";"DEL04-SC";"UOP03-DEL04-SC"
657064;2025-01-24;"sexta-feira";"15:12:00";"SC";101;47,5;"JOINVILLE";"Trafegar com motocicleta (ou similar) entre as faixas";"Colisão lateral mesmo sentido";"Com Vítimas Feridas";"Pleno dia";"Decrescente";"Céu Claro";"Dupla";"Reta";"Não";2;0;1;0;0;1;1;2;"-26.34234997";"-48.85840089";"SPRF-SC";"DEL03-SC";"UOP01-DEL03-SC"
657065;2025-01-24;"sexta-feira";"06:50:00";"PA";230;680;"BRASIL NOVO";"Transitar na contramão";"Colisão lateral sentido oposto";"Com Vítimas Feridas";"Pleno dia";"Decrescente";"Céu Claro";"Simples";"Reta";"Sim";3;0;1;1;1;0;2;2;"-3.32825543";"-52.57856548";"SPRF-PA";"DEL04-PA";"UOP01-DEL04-PA"
657066;2025-01-24;"sexta-feira";"16:20:00";"SP";116;413;"JUQUIA";"Avarias e/ou desgaste excessivo no pneu";"Queda de ocupante de veículo";"Com Vítimas Feridas";"Pleno dia";"Crescente";"Céu Claro";"Dupla";"Reta";"Sim";2;0;2;0;0;0;2;1;"-24.33005991";"-47.62299901";"SPRF-SP";"DEL05-SP";"UOP01-DEL05-SP"
657067;2025-01-24;"sexta-feira";"17:00:00";"MS";267;245,5;"NOVA ALVORADA DO SUL";"Ausência de reação do condutor";"Queda de ocupante de veículo";"Com Vítimas Feridas";"Pleno dia";"Decrescente";"Céu Claro";"Simples";"Reta";"Não";1;0;1;0;0;0;1;1;"-21.54597666";"-54.15324211";"SPRF-MS";"DEL02-MS";"UOP01-DEL02-MS"
657068;2025-01-24;"sexta-feira";"17:30:00";"SP";116;161;"JACAREI";"Manobra de mudança de faixa";"Colisão lateral mesmo sentido";"Com Vítimas Feridas";"Pleno dia";"Decrescente";"Garoa/Chuvisco";"Dupla";"Reta";"Não";3;0;2;0;1;0;2;2;"-23.27617003";"-45.97592098";"SPRF-SP";"DEL02-SP";"UOP01-DEL02-SP"
657070;2025-01-24;"sexta-feira";"18:30:00";"MG";40;606,2;"CONGONHAS";"Acessar a via sem observar a presença dos outros veículos";"Colisão transversal";"Com Vítimas Feridas";"Anoitecer";"Crescente";"Céu Claro";"Simples";"Reta";"Sim";3;0;0;1;1;1;1;3;"-20.4728039";"-43.8439985";"SPRF-MG";"DEL05-MG";"UOP02-DEL05-MG"
657071;2025-01-24;"sexta-feira";"18:15:00";"SP";153;63,9;"SAO JOSE DO RIO PRETO";"Manobra de mudança de faixa";"Colisão lateral mesmo sentido";"Com Vítimas Feridas";"Anoitecer";"Crescente";"Céu Claro";"Dupla";"Curva";"Não";3;0;1;0;2;0;1;2;"-20.82149698";"-49.35764818";"SPRF-SP";"DEL09-SP";"UOP01-DEL09-SP"
657074;2025-01-24;"sexta-feira";"15:20:00";"SC";101;219,9;"PALHOCA";"Avarias e/ou desgaste excessivo no pneu";"Tombamento";"Com Vítimas Feridas";"Pleno dia";"Crescente";"Nublado";"Dupla";"Reta";"Sim";2;0;2;0;0;0;2;1;"-27.6943365";"-48.66292655";"SPRF-SC";"DEL01-SC";"UOP02-DEL01-SC"
657075;2025-01-24;"sexta-feira";"18:25:00";"AP";210;5;"MACAPA";"Acessar a via sem observar a presença dos outros veículos";"Colisão transversal";"Com Vítimas Feridas";"Anoitecer";"Decrescente";"Chuva";"Dupla";"Reta";"Sim";2;0;0;1;1;0;1;2;"0.09055062";"-51.10349413";"SPRF-AP";"DEL01-AP";"UOP01-DEL01-AP"
657076;2025-01-24;"sexta-feira";"17:50:00";"SC";101;371,1;"ICARA";"Reação tardia ou ineficiente do condutor";"Saída de leito carroçável";"Com Vítimas Feridas";"Pleno dia";"Crescente";"Chuva";"Dupla";"Reta";"Sim";2;0;1;0;1;0;1;1;"-28.70403682";"-49.2008731";"SPRF-SC";"DEL02-SC";"UOP01-DEL02-SC"
657077;2025-01-24;"sexta-feira";"17:57:00";"SC";280;6;"SAO FRANCISCO DO SUL";"Acessar a via sem observar a presença dos outros veículos";"Colisão transversal";"Com Vítimas Feridas";"Anoitecer";"Crescente";"Nublado";"Simples";"Reta";"Não";2;0;1;0;1;0;1;2;"-26.26569095";"-48.63361804";"SPRF-SC";"DEL03-SC";"UOP03-DEL03-SC"
657080;2025-01-24;"sexta-feira";"18:20:00";"MG";381;726,8;"CARMO DA CACHOEIRA";"Demais falhas mecânicas ou elétricas";"Colisão com objeto";"Sem Vítimas";"Anoitecer";"Crescente";"Nublado";"Dupla";"Curva;Declive";"Não";1;0;0;0;1;0;0;1;"-21.50846497";"-45.21540331";"SPRF-MG";"DEL04-MG";"UOP02-DEL04-MG"
657082;2025-01-24;"sexta-feira";"19:00:00";"RN";406;166,9;"SAO GONCALO DO AMARANTE";"Manobra de mudança de faixa";"Colisão lateral mesmo sentido";"Sem Vítimas";"Plena Noite";"Crescente";"Céu Claro";"Dupla";"Reta";"Sim";2;0;0;0;2;0;0;2;"-5.7466896";"-35.33149685";"SPRF-RN";"DEL02-RN";"UOP01-DEL02-RN"
657084;2025-01-24;"sexta-feira";"19:00:00";"RJ";116;173;"SAO JOAO DE MERITI";"Demais falhas mecânicas ou elétricas";"Incêndio";"Sem Vítimas";"Plena Noite";"Decrescente";"Céu Claro";"Múltipla";"Reta";"Sim";1;0;0;0;1;0;0;1;"-22.79810324";"-43.35726614";"SPRF-RJ";"DEL06-RJ";"UOP01-DEL06-RJ"
657085;2025-01-24;"sexta-feira";"17:30:00";"SC";470;223,4;"SAO CRISTOVAO DO SUL";"Ausência de reação do condutor";"Saída de leito carroçável";"Com Vítimas Feridas";"Pleno dia";"Crescente";"Garoa/Chuvisco";"Simples";"Curva";"Não";2;0;2;0;0;0;2;1;"-27.319908";"-50.336388";"SPRF-SC";"DEL05-SC";"UOP03-DEL05-SC"
657086;2025-01-24;"sexta-feira";"17:00:00";"ES";262;121;"CONCEICAO DO CASTELO";"Demais falhas mecânicas ou elétricas";"Incêndio";"Sem Vítimas";"Pleno dia";"Crescente";"Nublado";"Simples";"Curva";"Não";1;0;0;0;0;1;0;1;"-20.29365543";"-41.23018943";"SPRF-ES";"DEL01-ES";"UOP02-DEL01-ES"
657087;2025-01-24;"sexta-feira";"17:50:00";"PI";316;2;"TERESINA";"Ausência de reação do condutor";"Colisão traseira";"Com Vítimas Feridas";"Pleno dia";"Crescente";"Céu Claro";"Múltipla";"Reta";"Sim";2;0;0;1;0;1;1;2;"-5.12836725";"-42.79307842";"SPRF-PI";"DEL01-PI";"UOP02-DEL01-PI"
657090;2025-01-24;"sexta-feira";"19:00:00";"DF";251;6,5;"BRASILIA";"Ausência de reação do condutor";"Colisão lateral sentido oposto";"Com Vítimas Feridas";"Plena Noite";"Crescente";"Céu Claro";"Dupla";"Reta";"Não";2;0;1;0;1;0;1;2;"-15.999959";"-47.557232";"SPRF-DF";"DEL01-DF";"UOP01-DEL01-DF"
657091;2025-01-24;"sexta-feira";"20:00:00";"ES";101;52,2;"SAO MATEUS";"Avarias e/ou desgaste excessivo no pneu";"Tombamento";"Com Vítimas Feridas";"Plena Noite";"Crescente";"Céu Claro";"Simples";"Reta";"Não";2;0;2;0;0;0;2;1;"-18.60327989";"-39.88710063";"SPRF-ES";"DEL04-ES";"UOP02-DEL04-ES"
657094;2025-01-24;"sexta-feira";"19:00:00";"DF";70;9;"BRASILIA";"Acessar a via sem observar a presença dos outros veículos";"Colisão traseira";"Com Vítimas Feridas";"Plena Noite";"Decrescente";"Céu Claro";"Dupla";"Reta";"Sim";2;0;1;0;1;0;1;2;"-15.784966";"-48.122108";"SPRF-DF";"DEL03-DF";"UOP02-DEL03-DF"
657095;2025-01-24;"sexta-feira";"17:30:00";"RJ";101;48,8;"CAMPOS DOS GOYTACAZES";"Ausência de reação do condutor";"Colisão transversal";"Com Vítimas Feridas";"Anoitecer";"Crescente";"Céu Claro";"Simples";"Interseção de Vias;Reta";"Sim";3;0;2;1;0;0;3;2;"-21.61625895";"-41.31535762";"SPRF-RJ";"DEL08-RJ";"UOP01-DEL08-RJ"
657096;2025-01-24;"sexta-feira";"18:30:00";"SC";101;414,9;"ARARANGUA";"Ausência de reação do condutor";"Colisão com objeto";"Com Vítimas Feridas";"Pleno dia";"Decrescente";"Garoa/Chuvisco";"Múltipla";"Curva;Interseção de Vias";"Não";1;0;1;0;0;0;1;1;"-28.96629349";"-49.52290177";"SPRF-SC";"DEL02-SC";"UOP02-DEL02-SC"
657097;2025-01-24;"sexta-feira";"21:00:00";"ES";101;266,3;"SERRA";"Frear bruscamente";"Colisão traseira";"Com Vítimas Feridas";"Plena Noite";"Decrescente";"Céu Claro";"Dupla";"Reta";"Não";2;0;1;0;0;1;1;2;"-20.190199";"-40.26828891";"SPRF-ES";"DEL02-ES";"UOP01-DEL02-ES"
657099;2025-01-24;"sexta-feira";"18:50:00";"MG";116;546,6;"SANTA BARBARA DO LESTE";"Condutor deixou de manter distância do veículo da frente";"Engavetamento";"Com Vítimas Feridas";"Anoitecer";"Crescente";"Céu Claro";"Simples";"Reta";"Não";5;0;2;0;3;0;2;3;"-19.93628201";"-42.13101771";"SPRF-MG";"DEL06-MG";"UOP02-DEL06-MG"
657103;2025-01-24;"sexta-feira";"20:20:00";"RJ";116;258;"PIRAI";"Demais falhas mecânicas ou elétricas";"Incêndio";"Sem Vítimas";"Plena Noite";"Decrescente";"Céu Claro";"Dupla";"Reta";"Não";5;0;0;0;5;0;0;1;"-22.58138777";"-44.02160689";"SPRF-RJ";"DEL07-RJ";"UOP02-DEL07-RJ"
657104;2025-01-24;"sexta-feira";"18:30:00";"MG";381;503;"BETIM";"Manobra de mudança de faixa";"Colisão lateral mesmo sentido";"Com Vítimas Feridas";"Pleno dia";"Decrescente";"Céu Claro";"Dupla";"Reta";"Não";3;0;1;0;1;1;1;3;"-20.03855134";"-44.25495493";"SPRF-MG";"DEL01-MG";"UOP03-DEL01-MG"
657107;2025-01-24;"sexta-feira";"18:18:00";"RO";364;425;"JARU";"Acessar a via sem observar a presença dos outros veículos";"Colisão lateral mesmo sentido";"Com Vítimas Feridas";"Anoitecer";"Crescente";"Céu Claro";"Dupla";"Reta";"Sim";1;0;1;0;0;0;1;1;"-10.43752488";"-62.47169791";"SPRF-RO";"DEL03-RO";"UOP02-DEL03-RO"
657108;2025-01-24;"sexta-feira";"21:20:00";"SP";116;110,8;"TAUBATE";"Reação tardia ou ineficiente do condutor";"Colisão com objeto";"Com Vítimas Feridas";"Plena Noite";"Decrescente";"Nublado";"Dupla";"Reta";"Não";2;0;1;0;0;1;1;2;"-23.03412614";"-45.5526999";"SPRF-SP";"DEL02-SP";"UOP02-DEL02-SP"
657109;2025-01-24;"sexta-feira";"21:40:00";"SP";116;283;"EMBU DAS ARTES";"Reação tardia ou ineficiente do condutor";"Colisão lateral mesmo sentido";"Com Vítimas Feridas";"Plena Noite";"Decrescente";"Céu Claro";"Dupla";"Reta";"Não";3;0;3;0;0;0;3;2;"-23.69297005";"-46.86352786";"SPRF-SP";"DEL04-SP";"UOP01-DEL04-SP"
657110;2025-01-24;"sexta-feira";"20:00:00";"MG";262;420,3;"IGARATINGA";"Acessar a via sem observar a presença dos outros veículos";"Colisão transversal";"Com Vítimas Feridas";"Plena Noite";"Decrescente";"Céu Claro";"Dupla";"Reta";"Não";4;0;0;2;2;0;2;2;"-19.88933622";"-44.71181914";"SPRF-MG";"DEL08-MG";"UOP03-DEL08-MG"
657111;2025-01-24;"sexta-feira";"22:10:00";"SP";116;282,4;"ITAPECERICA DA SERRA";"Ausência de reação do condutor";"Colisão traseira";"Com Vítimas Feridas";"Plena Noite";"Crescente";"Céu Claro";"Dupla";"Reta";"Sim";5;0;1;0;4;0;1;2;"-23.68570216";"-46.85970975";"SPRF-SP";"DEL04-SP";"UOP01-DEL04-SP"
657113;2025-01-24;"sexta-feira";"19:48:00";"RO";429;129;"SAO MIGUEL DO GUAPORE";"Animais na Pista";"Atropelamento de Animal";"Com Vítimas Feridas";"Plena Noite";"Crescente";"Céu Claro";"Simples";"Reta";"Não";1;0;0;1;0;0;1;1;"-11.52455289";"-62.53926318";"SPRF-RO";"DEL02-RO";"UOP03-DEL02-RO"
657114;2025-01-24;"sexta-feira";"22:30:00";"MG";40;626;"CONSELHEIRO LAFAIETE";"Condutor deixou de manter distância do veículo da frente";"Colisão traseira";"Com Vítimas Feridas";"Plena Noite";"Crescente";"Nublado";"Simples";"Reta";"Sim";3;0;2;0;1;0;2;2;"-20.62801922";"-43.80896769";"SPRF-MG";"DEL05-MG";"UOP02-DEL05-MG"
657115;2025-01-24;"sexta-feira";"22:50:00";"TO";153;559,4;"FATIMA";"Transitar na contramão";"Colisão frontal";"Com Vítimas Fatais";"Pleno dia";"Crescente";"Nublado";"Simples";"Reta";"Não";4;1;0;0;3;0;0;2;"-10.736458";"-48.903616";"SPRF-TO";"DEL01-TO";"UOP01-DEL01-TO"
657116;2025-01-24;"sexta-feira";"22:35:00";"PE";101;69;"RECIFE";"Condutor deixou de manter distância do veículo da frente";"Colisão traseira";"Com Vítimas Feridas";"Plena Noite";"Decrescente";"Nublado";"Dupla";"Reta";"Sim";2;0;1;0;1;0;1;2;"-8.05951606";"-34.94581024";"SPRF-PE";"DEL01-PE";"UOP01-DEL01-PE"
657119;2025-01-24;"sexta-feira";"22:30:00";"MG";262;38;"MANHUACU";"Animais na Pista";"Atropelamento de Animal";"Com Vítimas Feridas";"Plena Noite";"Crescente";"Céu Claro";"Simples";"Reta";"Sim";1;0;0;1;0;0;1;1;"-20.26305859";"-42.03684948";"SPRF-MG";"DEL06-MG";"UOP03-DEL06-MG"
657120;2025-01-24;"sexta-feira";"21:16:00";"GO";153;133;"ESTRELA DO NORTE";"Ausência de reação do condutor";"Colisão traseira";"Com Vítimas Feridas";"Plena Noite";"Decrescente";"Céu Claro";"Simples";"Reta";"Não";2;0;0;1;1;0;1;2;"-13.934465";"-49.075451";"SPRF-GO";"DEL07-GO";"UOP01-DEL07-GO"
657123;2025-01-24;"sexta-feira";"23:40:00";"PR";376;200;"MANDAGUARI";"Condutor Dormindo";"Colisão com objeto";"Com Vítimas Feridas";"Plena Noite";"Decrescente";"Céu Claro";"Múltipla";"Reta";"Sim";1;0;1;0;0;0;1;1;"-23.50559834";"-51.73918962";"SPRF-PR";"DEL09-PR";"UOP01-DEL09-PR"
657126;2025-01-24;"sexta-feira";"23:05:00";"SC";101;129,7;"BALNEARIO CAMBORIU";"Pedestre andava na pista";"Atropelamento de Pedestre";"Com Vítimas Fatais";"Plena Noite";"Decrescente";"Chuva";"Dupla";"Reta";"Sim";4;1;0;0;1;2;0;2;"-26.9814883";"-48.67627859";"SPRF-SC";"DEL04-SC";"UOP03-DEL04-SC"
657127;2025-01-24;"sexta-feira";"20:15:00";"MG";381;248,2;"SANTANA DO PARAISO";"Retorno proibido";"Colisão transversal";"Com Vítimas Feridas";"Plena Noite";"Decrescente";"Céu Claro";"Simples";"Reta";"Não";3;0;1;0;2;0;1;2;"-19.438922";"-42.511165";"SPRF-MG";"DEL06-MG";"UOP01-DEL06-MG"
657128;2025-01-24;"sexta-feira";"21:55:00";"PR";153;4,2;"IMBITUVA";"Velocidade Incompatível";"Saída de leito carroçável";"Com Vítimas Fatais";"Plena Noite";"Decrescente";"Nublado";"Simples";"Reta;Interseção de Vias";"Não";3;1;0;1;0;1;1;2;"-25.216094";"-50.592456";"SPRF-PR";"DEL03-PR";"UOP01-DEL03-PR"
657129;2025-01-24;"sexta-feira";"23:20:00";"RJ";495;2;"TERESOPOLIS";"Conversão proibida";"Colisão transversal";"Com Vítimas Feridas";"Plena Noite";"Crescente";"Nublado";"Simples";"Reta";"Sim";2;0;1;0;1;0;1;2;"-22.397038";"-42.984928";"SPRF-RJ";"DEL04-RJ";"UOP01-DEL04-RJ"
657130;2025-01-24;"sexta-feira";"23:40:00";"PR";277;245,1;"IRATI";"Acesso irregular";"Saída de leito carroçável";"Com Vítimas Feridas";"Plena Noite";"Crescente";"Céu Claro";"Simples";"Interseção de Vias;Reta";"Sim";2;0;1;0;0;1;1;1;"-25.46419687";"-50.56581801";"SPRF-PR";"DEL08-PR";"UOP02-DEL08-PR"
657134;2025-01-25;"sábado";"00:10:00";"PR";376;5;"APUCARANA";"Acessar a via sem observar a presença dos outros veículos";"Colisão frontal";"Com Vítimas Feridas";"Amanhecer";"Decrescente";"Nublado";"Simples";"Interseção de Vias;Reta";"Sim";4;0;2;0;2;0;2;2;"-23.54930384";"-51.44995093";"SPRF-PR";"DEL07-PR";"UOP03-DEL07-PR"
657135;2025-01-24;"sexta-feira";"23:15:00";"PR";373;264,9;"PRUDENTOPOLIS";"Pedestre andava na pista";"Atropelamento de Pedestre";"Com Vítimas Feridas";"Plena Noite";"Crescente";"Nublado";"Simples";"Reta";"Sim";2;0;1;0;1;0;1;2;"-25.20255572";"-50.98273035";"SPRF-PR";"DEL08-PR";"UOP01-DEL08-PR"
657136;2025-01-25;"sábado";"01:00:00";"ES";101;29;"CONCEICAO DA BARRA";"Transitar no Acostamento";"Queda de ocupante de veículo";"Com Vítimas Feridas";"Plena Noite";"Decrescente";"Nublado";"Simples";"Declive";"Não";2;0;2;0;0;0;2;1;"-18.39992188";"-39.93877968";"SPRF-ES";"DEL04-ES";"UOP02-DEL04-ES"
657137;2025-01-25;"sábado";"01:05:00";"ES";101;282,5;"CARIACICA";"Avarias e/ou desgaste excessivo no pneu";"Queda de ocupante de veículo";"Com Vítimas Feridas";"Plena Noite";"Crescente";"Céu Claro";"Dupla";"Ponte;Reta";"Não";2;0;1;0;1;0;1;1;"-20.22694";"-40.36458";"SPRF-ES";"DEL01-ES";"UOP01-DEL01-ES"
657138;2025-01-25;"sábado";"01:30:00";"RS";386;337,1;"FORQUETINHA";"Reação tardia ou ineficiente do condutor";"Saída de leito carroçável";"Sem Vítimas";"Plena Noite";"Decrescente";"Céu Claro";"Simples";"Reta";"Não";1;0;0;0;0;1;0;1;"-29.396667";"-52.041908";"SPRF-RS";"DEL04-RS";"UOP01-DEL04-RS"
657139;2025-01-25;"sábado";"01:30:00";"RS";285;451;"IJUI";"Transitar na contramão";"Colisão frontal";"Com Vítimas Feridas";"Plena Noite";"Decrescente";"Chuva";"Simples";"Interseção de Vias;Curva";"Não";4;0;2;0;2;0;2;2;"-28.37370195";"-53.85213733";"SPRF-RS";"DEL10-RS";"UOP01-DEL10-RS"
657141;2025-01-25;"sábado";"01:15:00";"RJ";40;84;"PETROPOLIS";"Demais falhas mecânicas ou elétricas";"Tombamento";"Com Vítimas Feridas";"Plena Noite";"Crescente";"Nublado";"Simples";"Túnel;Declive;Curva";"Não";1;0;1;0;0;0;1;1;"-22.52145512";"-43.23707996";"SPRF-RJ";"DEL01-RJ";"UOP01-DEL01-RJ"
657143;2025-01-25;"sábado";"00:44:00";"MT";163;861;"SINOP";"Ausência de reação do condutor";"Queda de ocupante de veículo";"Com Vítimas Feridas";"Plena Noite";"Crescente";"Céu Claro";"Simples";"Reta";"Não";2;0;2;0;0;0;2;1;"-11.75986198";"-55.46882608";"SPRF-MT";"DEL06-MT";"UOP02-DEL06-MT"
657144;2025-01-25;"sábado";"01:20:00";"RJ";393;176;"PARAIBA DO SUL";"Frear bruscamente";"Colisão traseira";"Com Vítimas Feridas";"Plena Noite";"Crescente";"Céu Claro";"Simples";"Reta";"Sim";5;0;1;0;4;0;1;2;"-22.12586166";"-43.21215519";"SPRF-RJ";"DEL05-RJ";"UOP03-DEL05-RJ"
657145;2025-01-24;"sexta-feira";"22:05:00";"RJ";0;0;"NITEROI";"Frear bruscamente";"Colisão traseira";"Sem Vítimas";"Plena Noite";"Não Informado";"Céu Claro";"Dupla";"Reta";"Sim";7;0;0;0;7;0;0;5;"-22.85996981";"-43.10239261";"SPRF-RJ";"N/A";"N/A"
657147;2025-01-25;"sábado";"02:45:00";"MG";40;611,2;"CONGONHAS";"Condutor Dormindo";"Saída de leito carroçável";"Com Vítimas Feridas";"Plena Noite";"Crescente";"Céu Claro";"Simples";"Reta";"Sim";1;0;1;0;0;0;1;1;"-20.51670166";"-43.8378866";"SPRF-MG";"DEL05-MG";"UOP02-DEL05-MG"
657149;2025-01-25;"sábado";"03:40:00";"MG";381;766,9;"CAMPANHA";"Condutor Dormindo";"Saída de leito carroçável";"Com Vítimas Feridas";"Plena Noite";"Decrescente";"Céu Claro";"Dupla";"Curva";"Não";2;0;1;0;1;0;1;1;"-21.76294597";"-45.41241603";"SPRF-MG";"DEL16-MG";"UOP02-DEL16-MG"
657151;2025-01-25;"sábado";"03:40:00";"PR";373;176,8;"PONTA GROSSA";"Ingestão de álcool pelo condutor";"Colisão com objeto";"Sem Vítimas";"Plena Noite";"Crescente";"Céu Claro";"Dupla";"Reta";"Sim";2;0;0;0;2;0;0;1;"-25.058";"-50.225";"SPRF-PR";"DEL03-PR";"UOP01-DEL03-PR"