"id";"data_inversa";"dia_semana";"horario";"uf";"br";"km";"municipio";"causa_acidente";"tipo_acidente";"classificacao_acidente";"fase_dia";"sentido_via";"condicao_metereologica";"tipo_pista";"tracado_via";"uso_solo";"pessoas";"mortos";"feridos_leves";"feridos_graves";"ilesos";"ignorados";"feridos";"veiculos";"latitude";"longitude";"regional";"delegacia";"uop"
657152;2025-01-25;"sábado";"05:05:00";"PB";101;89;"JOAO PESSOA";"Objeto estático sobre o leito carroçável";"Colisão com objeto";"Com Vítimas Feridas";"Pleno dia";"Decrescente";"Céu Claro";"Dupla";"Reta";"Sim";2;0;2;0;0;0;2;1;"-7.1710694";"-34.89765372";"SPRF-PB";"DEL01-PB";"UOP02-DEL01-PB"
657154;2025-01-25;"sábado";"05:00:00";"BA";116;10,2;"VITORIA DA CONQUISTA";"Chuva";"Tombamento";"Com Vítimas Feridas";"Pleno dia";"Crescente";"Garoa/Chuvisco";"Simples";"Reta";"Sim";2;0;2;0;0;0;2;1;"-14.854292";"-40.88072777";"SPRF-PE";"DEL05-PE";"UOP03-DEL05-PE"
657155;2025-01-25;"sábado";"04:00:00";"PB";230;126,1;"RIACHAO DO BACAMARTE";"Ingestão de álcool pelo condutor";"Colisão com objeto";"Com Vítimas Feridas";"Plena Noite";"Crescente";"Céu Claro";"Dupla";"Reta;Declive";"Não";4;0;0;3;0;1;3;1;"-7.25988268";"-35.69559574";"SPRF-PB";"DEL02-PB";"UOP01-DEL02-PB"
657156;2025-01-25;"sábado";"05:22:00";"PB";101;70;"SANTA RITA";"Ausência de reação do condutor";"Colisão com objeto";"Com Vítimas Feridas";"Amanhecer";"Decrescente";"Céu Claro";"Dupla";"Reta";"Não";2;0;1;1;0;0;2;1;"-7.06454776";"-35.01147489";"SPRF-PB";"DEL01-PB";"UOP04-DEL01-PB"
657157;2025-01-25;"sábado";"04:15:00";"SC";470;164,2;"POUSO REDONDO";"Ausência de reação do condutor";"Colisão frontal";"Com Vítimas Feridas";"Plena Noite";"Crescente";"Chuva";"Simples";"Reta";"Não";3;0;2;0;1;0;2;2;"-27.27741286";"-49.83905911";"SPRF-SC";"DEL04-SC";"UOP02-DEL04-SC"
657159;2025-01-25;"sábado";"02:30:00";"RN";226;68;"SERRA CAIADA";"Reação tardia ou ineficiente do condutor";"Colisão traseira";"Com Vítimas Fatais";"Plena Noite";"Crescente";"Nublado";"Simples";"Declive;Reta";"Não";2;1;0;0;0;1;0;2;"-6.10373269";"-35.70531524";"SPRF-RN";"DEL01-RN";"UOP02-DEL01-RN"
657160;2025-01-25;"sábado";"02:25:00";"PR";277;596;"CASCAVEL";"Deixar de acionar o farol da motocicleta (ou similar)";"Colisão lateral mesmo sentido";"Com Vítimas Feridas";"Plena Noite";"Crescente";"Céu Claro";"Simples";"Reta";"Sim";3;0;3;0;0;0;3;2;"-24.9885767";"-53.5082674";"SPRF-PR";"DEL04-PR";"UOP01-DEL04-PR"
657162;2025-01-21;"terça-feira";"18:35:00";"RS";290;95;"PORTO ALEGRE";"Acumulo de óleo sobre o pavimento";"Queda de ocupante de veículo";"Com Vítimas Feridas";"Pleno dia";"Decrescente";"Céu Claro";"Múltipla";"Reta";"Não";1;0;1;0;0;0;1;1;"-29.982832";"-51.201572";"SPRF-RS";"DEL01-RS";"UOP01-DEL01-RS"
657163;2025-01-24;"sexta-feira";"21:00:00";"PR";277;197;"PALMEIRA";"Ingestão de álcool pelo condutor";"Colisão com objeto";"Com Vítimas Feridas";"Plena Noite";"Decrescente";"Nublado";"Simples";"Reta;Ponte";"Não";1;0;1;0;0;0;1;1;"-25.44144283";"-50.17659008";"SPRF-PR";"DEL08-PR";"UOP02-DEL08-PR"
657164;2025-01-25;"sábado";"05:34:00";"SC";280;28;"ARAQUARI";"Ingestão de álcool pelo condutor";"Saída de leito carroçável";"Com Vítimas Feridas";"Amanhecer";"Decrescente";"Sol";"Simples";"Reta";"Não";1;0;1;0;0;0;1;1;"-26.40450077";"-48.74561031";"SPRF-SC";"DEL03-SC";"UOP03-DEL03-SC"
657166;2025-01-25;"sábado";"04:30:00";"PB";104;152;"QUEIMADAS";"Condutor Dormindo";"Saída de leito carroçável";"Com Vítimas Feridas";"Amanhecer";"Decrescente";"Nublado";"Simples";"Reta";"Não";1;0;1;0;0;0;1;1;"-7.47287281";"-35.93140315";"SPRF-PB";"DEL02-PB";"UOP03-DEL02-PB"
657167;2025-01-25;"sábado";"05:50:00";"PR";369;149;"LONDRINA";"Ingestão de álcool pelo condutor";"Saída de leito carroçável";"Com Vítimas Feridas";"Amanhecer";"Decrescente";"Céu Claro";"Dupla";"Reta";"Sim";2;0;1;1;0;0;2;1;"-23.29299999";"-51.15732729";"SPRF-PR";"DEL07-PR";"UOP01-DEL07-PR"
657169;2025-01-25;"sábado";"06:20:00";"PB";230;16,6;"JOAO PESSOA";"Demais falhas mecânicas ou elétricas";"Tombamento";"Com Vítimas Feridas";"Pleno dia";"Decrescente";"Céu Claro";"Dupla";"Reta";"Sim";2;0;2;0;0;0;2;1;"-7.093";"-34.8482";"SPRF-PB";"DEL01-PB";"UOP01-DEL01-PB"
657170;2025-01-25;"sábado";"05:30:00";"MG";40;739;"SANTOS DUMONT";"Ingestão de álcool pelo condutor";"Saída de leito carroçável";"Com Vítimas Feridas";"Pleno dia";"Crescente";"Céu Claro";"Simples";"Reta";"Não";1;0;0;1;0;0;1;1;"-21.394039";"-43.56680295";"SPRF-MG";"DEL05-MG";"UOP01-DEL05-MG"
657171;2025-01-25;"sábado";"06:40:00";"RS";470;218;"BENTO GONCALVES";"Reação tardia ou ineficiente do condutor";"Saída de leito carroçável";"Com Vítimas Feridas";"Amanhecer";"Crescente";"Garoa/Chuvisco";"Simples";"Curva";"Não";4;0;0;1;3;0;1;4;"-29.18583845";"-51.5209651";"SPRF-RS";"DEL06-RS";"UOP01-DEL06-RS"
657172;2025-01-24;"sexta-feira";"23:40:00";"PE";232;84,5;"GRAVATA";"Condutor deixou de manter distância do veículo da frente";"Colisão traseira";"Com Vítimas Feridas";"Plena Noite";"Crescente";"Chuva";"Dupla";"Reta;Declive";"Não";4;0;2;0;2;0;2;2;"-8.2059894";"-35.60359683";"SPRF-PE";"DEL02-PE";"UOP02-DEL02PE"
657173;2025-01-24;"sexta-feira";"16:20:00";"SP";381;84,9;"SAO PAULO";"Chuva";"Queda de ocupante de veículo";"Com Vítimas Feridas";"Pleno dia";"Crescente";"Chuva";"Dupla";"Reta";"Sim";2;0;2;0;0;0;2;1;"-23.43937";"-46.56807";"SPRF-SP";"DEL03-SP";"UOP01-DEL03-SP"
657174;2025-01-25;"sábado";"06:55:00";"MG";381;482,9;"BETIM";"Demais falhas mecânicas ou elétricas";"Tombamento";"Com Vítimas Feridas";"Pleno dia";"Crescente";"Céu Claro";"Dupla";"Curva;Declive";"Sim";2;0;1;1;0;0;2;1;"-19.95749671";"-44.07822132";"SPRF-MG";"DEL01-MG";"UOP03-DEL01-MG"
657175;2025-01-24;"sexta-feira";"21:02:00";"PE";101;19;"GOIANA";"Acessar a via sem observar a presença dos outros veículos";"Colisão transversal";"Com Vítimas Feridas";"Plena Noite";"Decrescente";"Céu Claro";"Dupla";"Retorno Regulamentado;Reta";"Não";2;0;1;0;1;0;1;2;"-7.6608884";"-34.93694723";"SPRF-PE";"DEL01-PE";"UOP02-DEL01-PE"
657176;2025-01-25;"sábado";"07:20:00";"PE";101;78;"RECIFE";"Pedestre - Ingestão de álcool/ substâncias psicoativas";"Atropelamento de Pedestre";"Com Vítimas Feridas";"Pleno dia";"Crescente";"Nublado";"Dupla";"Reta";"Sim";2;0;2;0;0;0;2;2;"-8.13496499";"-34.94738614";"SPRF-PE";"DEL01-PE";"UOP01-DEL01-PE"
657177;2025-01-25;"sábado";"06:35:00";"MS";60;370,9;"CAMPO GRANDE";"Ausência de reação do condutor";"Tombamento";"Com Vítimas Feridas";"Pleno dia";"Crescente";"Céu Claro";"Simples";"Reta";"Não";1;0;0;1;0;0;1;1;"-20.55262671";"-54.66947898";"SPRF-MS";"DEL01-MS";"UOP04-DEL01-MS"
657179;2025-01-24;"sexta-feira";"22:00:00";"MG";40;552;"NOVA LIMA";"Velocidade Incompatível";"Saída de leito carroçável";"Sem Vítimas";"Plena Noite";"Decrescente";"Céu Claro";"Dupla";"Declive;Reta";"Não";2;0;0;0;2;0;0;2;"-20.06084086";"-43.97716423";"SPRF-MG";"DEL01-MG";"UOP02-DEL01-MG"
657180;2025-01-25;"sábado";"01:30:00";"MG";153;98;"PRATA";"Ausência de reação do condutor";"Colisão com objeto";"Com Vítimas Feridas";"Plena Noite";"Crescente";"Nublado";"Simples";"Ponte;Declive;Reta";"Não";1;0;1;0;0;0;1;1;"-19.2122511";"-48.93761158";"SPRF-MG";"DEL15-MG";"UOP03-DEL15-MG"
657182;2025-01-25;"sábado";"08:02:00";"RS";448;22;"PORTO ALEGRE";"Acessar a via sem observar a presença dos outros veículos";"Colisão com objeto";"Com Vítimas Feridas";"Pleno dia";"Decrescente";"Chuva";"Múltipla";"Curva";"Não";2;0;1;0;0;1;1;2;"-29.972212";"-51.199139";"SPRF-RS";"DEL01-RS";"UOP01-DEL01-RS"
657184;2025-01-25;"sábado";"05:50:00";"MS";163;793;"COXIM";"Ausência de reação do condutor";"Saída de leito carroçável";"Com Vítimas Feridas";"Pleno dia";"Crescente";"Céu Claro";"Múltipla";"Reta;Aclive";"Não";1;0;1;0;0;0;1;1;"-17.979322";"-54.67845816";"SPRF-MS";"DEL06-MS";"UOP01-DEL06-MS"
657185;2025-01-25;"sábado";"08:30:00";"SC";101;167;"TIJUCAS";"Velocidade Incompatível";"Colisão traseira";"Com Vítimas Feridas";"Pleno dia";"Decrescente";"Céu Claro";"Dupla";"Reta";"Sim";2;0;0;1;1;0;1;2;"-27.27029501";"-48.63176618";"SPRF-SC";"DEL04-SC";"UOP03-DEL04-SC"
657187;2025-01-25;"sábado";"07:20:00";"MG";381;542,9;"ITATIAIUCU";"Ausência de reação do condutor";"Queda de ocupante de veículo";"Com Vítimas Feridas";"Pleno dia";"Crescente";"Céu Claro";"Dupla";"Reta";"Não";1;0;1;0;0;0;1;1;"-20.26492509";"-44.42256682";"SPRF-MG";"DEL04-MG";"UOP03-DEL04-MG"
657188;2025-01-25;"sábado";"08:10:00";"MG";459;99,2;"POUSO ALEGRE";"Velocidade Incompatível";"Colisão com objeto";"Com Vítimas Feridas";"Pleno dia";"Crescente";"Céu Claro";"Simples";"Curva;Declive";"Não";2;0;2;0;0;0;2;1;"-22.201645";"-45.963926";"SPRF-MG";"DEL09-MG";"UOP01-DEL09-MG"
657189;2025-01-25;"sábado";"06:30:00";"RJ";101;486;"ANGRA DOS REIS";"Acessar a via sem observar a presença dos outros veículos";"Colisão lateral sentido oposto";"Com Vítimas Feridas";"Pleno dia";"Decrescente";"Céu Claro";"Simples";"Reta";"Sim";2;0;1;0;1;0;1;2;"-22.97708786";"-44.29634653";"SPRF-RJ";"DEL03-RJ";"UOP03-DEL03-RJ"
657192;2025-01-25;"sábado";"09:05:00";"SC";280;28,6;"ARAQUARI";"Condutor deixou de manter distância do veículo da frente";"Colisão traseira";"Com Vítimas Feridas";"Pleno dia";"Crescente";"Céu Claro";"Simples";"Reta";"Sim";3;0;0;1;2;0;1;2;"-26.40450077";"-48.74561031";"SPRF-SC";"DEL03-SC";"UOP03-DEL03-SC"
657194;2025-01-25;"sábado";"07:30:00";"MT";163;837;"SINOP";"Reação tardia ou ineficiente do condutor";"Colisão traseira";"Com Vítimas Feridas";"Pleno dia";"Decrescente";"Céu Claro";"Simples";"Reta";"Não";2;0;1;0;1;0;1;2;"-11.968963";"-55.51695578";"SPRF-MT";"DEL06-MT";"UOP02-DEL06-MT"
657196;2025-01-25;"sábado";"08:30:00";"RS";392;316;"SAO SEPE";"Ausência de reação do condutor";"Colisão com objeto";"Com Vítimas Feridas";"Pleno dia";"Decrescente";"Sol";"Simples";"Curva";"Não";2;0;1;0;1;0;1;1;"-30.02053093";"-53.68300157";"SPRF-RS";"DEL09-RS";"UOP01-DEL09-RS"
657197;2025-01-25;"sábado";"07:35:00";"RJ";493;3;"ITABORAI";"Ausência de reação do condutor";"Tombamento";"Com Vítimas Feridas";"Pleno dia";"Decrescente";"Céu Claro";"Dupla";"Reta";"Sim";1;0;1;0;0;0;1;1;"-22.7525329";"-42.94160092";"SPRF-RJ";"DEL02-RJ";"UOP02-DEL02-RJ"
657200;2025-01-25;"sábado";"09:15:00";"BA";101;715;"EUNAPOLIS";"Acessar a via sem observar a presença dos outros veículos";"Colisão transversal";"Com Vítimas Feridas";"Pleno dia";"Crescente";"Nublado";"Múltipla";"Interseção de Vias";"Sim";3;0;2;0;1;0;2;2;"-16.362362";"-39.580627";"SPRF-BA";"DEL09-BA";"UOP01-DEL09-BA"
657202;2025-01-25;"sábado";"05:00:00";"GO";153;239,6;"SAO LUIZ DO NORTE";"Ausência de reação do condutor";"Atropelamento de Pedestre";"Com Vítimas Fatais";"Plena Noite";"Decrescente";"Céu Claro";"Simples";"Reta;Aclive";"Não";2;1;0;0;0;1;0;2;"-14.846957";"-49.314368";"SPRF-GO";"DEL07-GO";"UOP02-DEL07-GO"
657203;2025-01-25;"sábado";"09:00:00";"RS";116;347;"TAPES";"Reação tardia ou ineficiente do condutor";"Saída de leito carroçável";"Com Vítimas Feridas";"Pleno dia";"Crescente";"Nublado";"Dupla";"Reta";"Não";3;0;1;1;1;0;2;1;"-30.51691315";"-51.49665766";"SPRF-RS";"DEL02-RS";"UOP02-DEL02-RS"
657204;2025-01-25;"sábado";"10:10:00";"SP";116;112,5;"TAUBATE";"Reação tardia ou ineficiente do condutor";"Engavetamento";"Com Vítimas Feridas";"Pleno dia";"Decrescente";"Céu Claro";"Dupla";"Reta";"Sim";10;0;1;0;9;0;1;3;"-23.04159343";"-45.57065616";"SPRF-SP";"DEL02-SP";"UOP02-DEL02-SP"
657205;2025-01-25;"sábado";"09:45:00";"AL";101;188;"JUNQUEIRO";"Conversão proibida";"Colisão frontal";"Com Vítimas Feridas";"Pleno dia";"Crescente";"Céu Claro";"Simples";"Reta";"Sim";4;0;0;1;3;0;1;2;"-9.90809784";"-36.46933335";"SPRF-AL";"DEL02-AL";"UOP02-DEL02-AL"
657206;2025-01-25;"sábado";"09:40:00";"MG";116;277;"TEOFILO OTONI";"Entrada inopinada do pedestre";"Atropelamento de Pedestre";"Com Vítimas Feridas";"Pleno dia";"Decrescente";"Céu Claro";"Simples";"Interseção de Vias;Reta";"Sim";2;0;1;1;0;0;2;2;"-17.859945";"-41.515144";"SPRF-MG";"DEL11-MG";"UOP01-DEL11-MG"
657207;2025-01-25;"sábado";"09:45:00";"SC";280;130,5;"RIO NEGRINHO";"Acessar a via sem observar a presença dos outros veículos";"Colisão transversal";"Com Vítimas Feridas";"Pleno dia";"Decrescente";"Céu Claro";"Simples";"Declive;Reta";"Sim";2;0;1;0;1;0;1;2;"-26.2530246";"-49.52924913";"SPRF-SC";"DEL06-SC";"UOP03-DEL06-SC"
657208;2025-01-25;"sábado";"10:00:00";"GO";20;4;"FORMOSA";"Retorno proibido";"Colisão lateral mesmo sentido";"Com Vítimas Feridas";"Pleno dia";"Crescente";"Céu Claro";"Simples";"Reta";"Sim";3;0;1;1;0;1;2;3;"-15.561395";"-47.313698";"SPRF-DF";"DEL02-DF";"UOP02-DEL02-DF"
657209;2025-01-25;"sábado";"08:00:00";"GO";153;586,6;"PROFESSOR JAMIL";"Pista esburacada";"Queda de ocupante de veículo";"Com Vítimas Feridas";"Pleno dia";"Crescente";"Nublado";"Dupla";"Declive;Reta";"Não";1;0;1;0;0;0;1;1;"-17.4342";"-49.23";"SPRF-GO";"DEL03-GO";"UOP01-DEL03-GO"
657210;2025-01-25;"sábado";"09:30:00";"MG";262;871,2;"CAMPO FLORIDO";"Ausência de reação do condutor";"Saída de leito carroçável";"Com Vítimas Feridas";"Pleno dia";"Decrescente";"Céu Claro";"Dupla";"Reta";"Não";2;0;2;0;0;0;2;1;"-19.78431116";"-48.53013039";"SPRF-MG";"DEL13-MG";"UOP01-DEL13-MG"
657212;2025-01-25;"sábado";"10:30:00";"PE";101;68;"RECIFE";"Condutor deixou de manter distância do veículo da frente";"Colisão traseira";"Com Vítimas Feridas";"Pleno dia";"Crescente";"Céu Claro";"Dupla";"Aclive;Viaduto";"Sim";3;0;2;0;0;1;2;2;"-8.052572";"-34.946142";"SPRF-PE";"DEL01-PE";"UOP01-DEL01-PE"
657214;2025-01-25;"sábado";"10:52:00";"ES";101;321;"GUARAPARI";"Avarias e/ou desgaste excessivo no pneu";"Tombamento";"Com Vítimas Feridas";"Pleno dia";"Decrescente";"Céu Claro";"Dupla";"Reta";"Sim";2;0;2;0;0;0;2;1;"-20.520908";"-40.478306";"SPRF-ES";"DEL03-ES";"UOP01-DEL03-ES"
657215;2025-01-25;"sábado";"10:00:00";"RJ";101;391,3;"RIO DE JANEIRO";"Avarias e/ou desgaste excessivo no pneu";"Queda de ocupante de veículo";"Com Vítimas Feridas";"Pleno dia";"Decrescente";"Sol";"Dupla";"Reta";"Não";2;0;2;0;0;0;2;1;"-22.894827";"-43.68492";"SPRF-RJ";"DEL03-RJ";"UOP01-DEL03-RJ"
657216;2025-01-25;"sábado";"10:45:00";"SC";101;63;"ARAQUARI";"Manobra de mudança de faixa";"Colisão lateral mesmo sentido";"Com Vítimas Feridas";"Pleno dia";"Crescente";"Céu Claro";"Dupla";"Declive;Reta";"Não";3;0;2;0;1;0;2;2;"-26.45898367";"-48.7584088";"SPRF-SC";"DEL03-SC";"UOP02-DEL03-SC"
657217;2025-01-25;"sábado";"11:00:00";"SP";101;46;"UBATUBA";"Acessar a via sem observar a presença dos outros veículos";"Colisão transversal";"Com Vítimas Feridas";"Pleno dia";"Decrescente";"Céu Claro";"Simples";"Reta;Rotatória;Retorno Regulamentado";"Sim";3;0;1;0;2;0;1;2;"-23.42403383";"-45.07492113";"SPRF-SP";"DEL06-SP";"UOP01-DEL06-SP"
657218;2025-01-25;"sábado";"10:25:00";"PE";232;196,7;"SANHARO";"Ausência de sinalização";"Colisão frontal";"Com Vítimas Feridas";"Pleno dia";"Decrescente";"Céu Claro";"Simples";"Reta;Em Obras";"Não";3;0;2;1;0;0;3;2;"-8.368707";"-36.575354";"SPRF-PE";"DEL03-PE";"UOP02-DEL03-PE"
657219;2025-01-25;"sábado";"11:05:00";"PR";277;696;"SAO MIGUEL DO IGUACU";"Acessar a via sem observar a presença dos outros veículos";"Colisão traseira";"Com Vítimas Feridas";"Pleno dia";"Decrescente";"Nublado";"Dupla";"Reta";"Não";6;0;4;1;1;0;5;2;"-25.38683788";"-54.29509407";"SPRF-PR";"DEL05-PR";"UOP01-DEL05-PR"
657221;2025-01-25;"sábado";"10:32:00";"RS";386;177;"CARAZINHO";"Desrespeitar a preferência no cruzamento";"Colisão transversal";"Com Vítimas Feridas";"Pleno dia";"Crescente";"Céu Claro";"Simples";"Reta";"Sim";4;0;2;0;2;0;2;2;"-28.28203652";"-52.76490927";"SPRF-RS";"DEL08-RS";"UOP01-DEL08-RS"
657222;2025-01-25;"sábado";"11:00:00";"RJ";40;119;"DUQUE DE CAXIAS";"Pista Escorregadia";"Queda de ocupante de veículo";"Com Vítimas Feridas";"Pleno dia";"Decrescente";"Céu Claro";"Dupla";"Retorno Regulamentado;Curva;Viaduto";"Sim";2;0;1;0;1;0;1;1;"-22.75470802";"-43.28737838";"SPRF-RJ";"DEL01-RJ";"UOP02-DEL01-RJ"
657224;2025-01-25;"sábado";"12:00:00";"MG";40;510;"RIBEIRAO DAS NEVES";"Condutor deixou de manter distância do veículo da frente";"Engavetamento";"Com Vítimas Feridas";"Pleno dia";"Decrescente";"Sol";"Dupla";"Aclive;Reta";"Sim";4;0;1;0;3;0;1;3;"-19.77463885";"-44.12321882";"SPRF-MG";"DEL01-MG";"UOP02-DEL01-MG"
657225;2025-01-25;"sábado";"12:00:00";"MG";50;43,2;"ARAGUARI";"Demais falhas mecânicas ou elétricas";"Saída de leito carroçável";"Sem Vítimas";"Pleno dia";"Crescente";"Sol";"Dupla";"Declive;Reta";"Não";1;0;0;0;1;0;0;1;"-18.71214868";"-48.19607234";"SPRF-MG";"DEL15-MG";"UOP02-DEL15-MG"
657226;2025-01-25;"sábado";"11:40:00";"PB";230;156,1;"CAMPINA GRANDE";"Conversão proibida";"Colisão transversal";"Com Vítimas Feridas";"Pleno dia";"Decrescente";"Nublado";"Simples";"Reta";"Sim";2;0;1;0;0;1;1;2;"-7.27296";"-35.90945";"SPRF-PB";"DEL02-PB";"UOP01-DEL02-PB"
657229;2025-01-25;"sábado";"12:10:00";"ES";262;113;"VENDA NOVA DO IMIGRANTE";"Ingestão de álcool pelo condutor";"Colisão transversal";"Com Vítimas Feridas";"Pleno dia";"Decrescente";"Céu Claro";"Simples";"Reta";"Não";5;0;1;0;4;0;1;2;"-20.32987893";"-41.20496392";"SPRF-ES";"DEL01-ES";"UOP02-DEL01-ES"
657230;2025-01-25;"sábado";"12:15:00";"PR";153;335;"IRATI";"Transitar na contramão";"Colisão frontal";"Com Vítimas Feridas";"Pleno dia";"Crescente";"Nublado";"Simples";"Reta";"Sim";2;0;2;0;0;0;2;2;"-25.48894141";"-50.64508883";"SPRF-PR";"DEL08-PR";"UOP02-DEL08-PR"
657233;2025-01-25;"sábado";"12:09:00";"PI";343;2;"TERESINA";"Ausência de reação do condutor";"Colisão lateral mesmo sentido";"Com Vítimas Feridas";"Pleno dia";"Crescente";"Céu Claro";"Dupla";"Reta";"Não";3;0;1;0;2;0;1;3;"-5.089569";"-42.802288";"SPRF-PI";"DEL01-PI";"UOP01-DEL01-PI"
657234;2025-01-25;"sábado";"12:55:00";"SC";280;30;"ARAQUARI";"Trafegar com motocicleta (ou similar) entre as faixas";"Colisão transversal";"Com Vítimas Feridas";"Pleno dia";"Crescente";"Céu Claro";"Simples";"Reta";"Sim";2;0;0;1;1;0;1;2;"-26.4141523";"-48.76209493";"SPRF-SC";"DEL03-SC";"UOP03-DEL03-SC"
657236;2025-01-25;"sábado";"13:05:00";"SC";282;4,3;"FLORIANOPOLIS";"Reação tardia ou ineficiente do condutor";"Colisão lateral mesmo sentido";"Com Vítimas Feridas";"Pleno dia";"Decrescente";"Céu Claro";"Simples";"Reta";"Sim";2;0;1;0;1;0;1;2;"-27.592646";"-48.604034";"SPRF-SC";"DEL01-SC";"UOP01-DEL01-SC"
657237;2025-01-25;"sábado";"14:00:00";"SC";101;164;"TIJUCAS";"Manobra de mudança de faixa";"Colisão lateral mesmo sentido";"Com Vítimas Feridas";"Pleno dia";"Decrescente";"Nublado";"Dupla";"Reta";"Sim";2;0;1;0;1;0;1;2;"-27.243868";"-48.6309";"SPRF-SC";"DEL04-SC";"UOP03-DEL04-SC"
657238;2025-01-15;"quarta-feira";"16:20:00";"PR";163;343;"GUAIRA";"Acessar a via sem observar a presença dos outros veículos";"Colisão transversal";"Com Vítimas Feridas";"Pleno dia";"Crescente";"Céu Claro";"Simples";"Retorno Regulamentado;Reta";"Não";2;0;0;1;1;0;1;2;"-24.21375699";"-54.19958751";"SPRF-PR";"DEL06-PR";"UOP01-DEL06-PR"
657240;2025-01-25;"sábado";"13:50:00";"PR";376;4,4;"MANDAGUARI";"Ausência de reação do condutor";"Colisão traseira";"Com Vítimas Feridas";"Pleno dia";"Crescente";"Céu Claro";"Simples";"Interseção de Vias;Reta";"Sim";2;0;1;0;1;0;1;2;"-23.51922405";"-51.68062091";"SPRF-PR";"DEL09-PR";"UOP01-DEL09-PR"
657241;2025-01-25;"sábado";"14:00:00";"BA";101;285;"LAJE";"Manobra de mudança de faixa";"Colisão lateral mesmo sentido";"Com Vítimas Feridas";"Pleno dia";"Decrescente";"Sol";"Simples";"Reta";"Não";2;0;1;0;1;0;1;2;"-13.268436";"-39.325351";"SPRF-BA";"DEL01-BA";"UOP02-DEL01-BA"
657242;2025-01-25;"sábado";"13:55:00";"PR";277;320;"GUARAPUAVA";"Acumulo de água sobre o pavimento";"Capotamento";"Com Vítimas Feridas";"Pleno dia";"Crescente";"Chuva";"Múltipla";"Reta";"Não";4;0;4;0;0;0;4;1;"-25.371561";"-51.261247";"SPRF-PR";"DEL08-PR";"UOP01-DEL08-PR"
657244;2025-01-25;"sábado";"12:00:00";"MG";262;772;"UBERABA";"Semáforo com defeito";"Incêndio";"Sem Vítimas";"Pleno dia";"Crescente";"Céu Claro";"Simples";"Reta";"Não";4;0;0;0;4;0;0;1;"-19.70754792";"-47.70151607";"SPRF-MG";"DEL13-MG";"UOP01-DEL13-MG"
657245;2025-01-25;"sábado";"01:45:00";"RS";470;211,9;"BENTO GONCALVES";"Ausência de reação do condutor";"Saída de leito carroçável";"Sem Vítimas";"Plena Noite";"Decrescente";"Nublado";"Simples";"Curva";"Não";1;0;0;0;0;1;0;1;"-29.13901256";"-51.54265881";"SPRF-RS";"DEL06-RS";"UOP01-DEL06-RS"
657246;2025-01-25;"sábado";"14:30:00";"SC";280;4,2;"SAO FRANCISCO DO SUL";"Condutor deixou de manter distância do veículo da frente";"Colisão traseira";"Com Vítimas Feridas";"Pleno dia";"Decrescente";"Garoa/Chuvisco";"Simples";"Reta;Em Obras";"Sim";3;0;1;1;1;0;2;2;"-26.255347";"-48.620998";"SPRF-SC";"DEL03-SC";"UOP03-DEL03-SC"
657248;2025-01-25;"sábado";"11:45:00";"RO";364;424,2;"JARU";"Acessar a via sem observar a presença dos outros veículos";"Colisão transversal";"Com Vítimas Feridas";"Pleno dia";"Decrescente";"Sol";"Simples";"Reta;Em Obras";"Sim";2;0;1;1;0;0;2;2;"-10.44457274";"-62.46568412";"SPRF-RO";"DEL03-RO";"UOP02-DEL03-RO"
657249;2025-01-25;"sábado";"14:30:00";"SP";381;62;"MAIRIPORA";"Manobra de mudança de faixa";"Colisão traseira";"Com Vítimas Feridas";"Pleno dia";"Decrescente";"Sol";"Dupla";"Aclive;Reta";"Não";2;0;1;0;1;0;1;2;"-23.29437896";"-46.57254696";"SPRF-SP";"DEL03-SP";"UOP01-DEL03-SP"
657252;2025-01-25;"sábado";"12:30:00";"MG";40;748;"SANTOS DUMONT";"Reação tardia ou ineficiente do condutor";"Tombamento";"Com Vítimas Feridas";"Pleno dia";"Crescente";"Céu Claro";"Simples";"Curva";"Não";1;0;1;0;0;0;1;1;"-21.43796619";"-43.55638245";"SPRF-MG";"DEL05-MG";"UOP01-DEL05-MG"
657253;2025-01-25;"sábado";"10:40:00";"RJ";40;118;"DUQUE DE CAXIAS";"Reação tardia ou ineficiente do condutor";"Colisão lateral mesmo sentido";"Sem Vítimas";"Pleno dia";"Crescente";"Céu Claro";"Múltipla";"Reta";"Sim";2;0;0;0;2;0;0;2;"-22.75470802";"-43.28737838";"SPRF-RJ";"DEL01-RJ";"UOP02-DEL01-RJ"
657255;2025-01-25;"sábado";"11:00:00";"RN";101;94;"NATAL";"Mal súbito do condutor";"Colisão lateral mesmo sentido";"Com Vítimas Feridas";"Pleno dia";"Decrescente";"Céu Claro";"Dupla";"Reta";"Não";2;0;1;0;1;0;1;2;"-5.83176615";"-35.21191342";"SPRF-RN";"DEL01-RN";"UOP01-DEL01-RN"
657256;2025-01-25;"sábado";"15:18:00";"RS";116;262;"CANOAS";"Reação tardia ou ineficiente do condutor";"Colisão com objeto";"Com Vítimas Feridas";"Pleno dia";"Decrescente";"Nublado";"Múltipla";"Reta";"Não";1;0;1;0;0;0;1;1;"-29.896475";"-51.17593";"SPRF-RS";"DEL01-RS";"UOP01-DEL01-RS"
657257;2025-01-25;"sábado";"15:30:00";"DF";60;0,9;"BRASILIA";"Ingestão de álcool pelo condutor";"Colisão lateral mesmo sentido";"Com Vítimas Fatais";"Pleno dia";"Crescente";"Nublado";"Dupla";"Reta";"Sim";3;1;0;0;1;1;0;3;"-15.882499";"-48.060212";"SPRF-DF";"DEL03-DF";"UOP01-DEL03-DF"