"id";"data_inversa";"dia_semana";"horario";"uf";"br";"km";"municipio";"causa_acidente";"tipo_acidente";"classificacao_acidente";"fase_dia";"sentido_via";"condicao_metereologica";"tipo_pista";"tracado_via";"uso_solo";"pessoas";"mortos";"feridos_leves";"feridos_graves";"ilesos";"ignorados";"feridos";"veiculos";"latitude";"longitude";"regional";"delegacia";"uop"
657567;2025-01-26;"domingo";"20:50:00";"GO";40;19;"LUZIANIA";"Acesso irregular";"Colisão transversal";"Com Vítimas Feridas";"Pleno dia";"Decrescente";"Céu Claro";"Dupla";"Reta";"Sim";7;0;4;1;2;0;5;2;"-16.201556";"-47.921314";"SPRF-DF";"DEL01-DF";"UOP01-DEL01-DF"
657568;2025-01-26;"domingo";"21:20:00";"ES";101;392,3;"RIO NOVO DO SUL";"Iluminação deficiente";"Colisão transversal";"Com Vítimas Feridas";"Plena Noite";"Crescente";"Céu Claro";"Simples";"Interseção de Vias";"Não";2;0;1;0;1;0;1;2;"-20.86651733";"-40.90775156";"SPRF-ES";"DEL03-ES";"UOP02-DEL03-ES"
657569;2025-01-26;"domingo";"19:55:00";"MG";381;686;"LAVRAS";"Velocidade Incompatível";"Colisão com objeto";"Sem Vítimas";"Plena Noite";"Decrescente";"Chuva";"Dupla";"Curva";"Não";4;0;0;0;4;0;0;2;"-21.20030689";"-45.11944438";"SPRF-MG";"DEL04-MG";"UOP02-DEL04-MG"
657570;2025-01-26;"domingo";"20:25:00";"SC";101;427,1;"SOMBRIO";"Ausência de reação do condutor";"Tombamento";"Com Vítimas Feridas";"Plena Noite";"Decrescente";"Nublado";"Múltipla";"Reta";"Não";1;0;1;0;0;0;1;1;"-29.04731597";"-49.61751938";"SPRF-SC";"DEL02-SC";"UOP02-DEL02-SC"
657571;2025-01-26;"domingo";"21:10:00";"MA";316;266,9;"SANTA INES";"Pista Escorregadia";"Queda de ocupante de veículo";"Com Vítimas Feridas";"Plena Noite";"Crescente";"Chuva";"Simples";"Reta";"Não";1;0;1;0;0;0;1;1;"-3.681815";"-45.347157";"SPRF-MA";"DEL02-MA";"UOP01-DEL02-MA"
657573;2025-01-26;"domingo";"21:15:00";"RN";304;41,3;"MOSSORO";"Pedestre cruzava a pista fora da faixa";"Atropelamento de Pedestre";"Com Vítimas Feridas";"Plena Noite";"Decrescente";"Céu Claro";"Dupla";"Reta";"Sim";2;0;0;1;1;0;1;2;"-5.20483515";"-37.37615746";"SPRF-RN";"DEL04-RN";"UOP01-DEL04-RN"
657575;2025-01-26;"domingo";"21:30:00";"RS";158;262,8;"JULIO DE CASTILHOS";"Demais falhas mecânicas ou elétricas";"Incêndio";"Com Vítimas Feridas";"Plena Noite";"Decrescente";"Céu Claro";"Simples";"Reta";"Não";2;0;2;0;0;0;2;1;"-29.22145708";"-53.66974727";"SPRF-RS";"DEL10-RS";"UOP02-DEL10-RS"
657577;2025-01-26;"domingo";"20:20:00";"SP";116;166,9;"JACAREI";"Ingestão de álcool pelo condutor";"Saída de leito carroçável";"Sem Vítimas";"Plena Noite";"Decrescente";"Céu Claro";"Dupla";"Retorno Regulamentado";"Sim";2;0;0;0;1;1;0;2;"-23.30197995";"-46.02344513";"SPRF-SP";"DEL02-SP";"UOP01-DEL02-SP"
657578;2025-01-26;"domingo";"21:00:00";"RJ";116;245;"PIRAI";"Chuva";"Colisão traseira";"Com Vítimas Feridas";"Plena Noite";"Decrescente";"Chuva";"Dupla";"Reta";"Não";3;0;2;0;1;0;2;2;"-22.59555599";"-43.93978119";"SPRF-RJ";"DEL07-RJ";"UOP01-DEL07-RJ"
657579;2025-01-26;"domingo";"20:15:00";"RJ";40;123;"DUQUE DE CAXIAS";"Ingestão de álcool pelo condutor";"Colisão traseira";"Sem Vítimas";"Plena Noite";"Crescente";"Céu Claro";"Dupla";"Interseção de Vias;Reta";"Sim";3;0;0;0;3;0;0;3;"-22.79907687";"-43.29015739";"SPRF-RJ";"DEL01-RJ";"UOP02-DEL01-RJ"
657581;2025-01-26;"domingo";"21:30:00";"BA";242;830;"BARREIRAS";"Ausência de reação do condutor";"Colisão traseira";"Com Vítimas Feridas";"Plena Noite";"Decrescente";"Céu Claro";"Simples";"Curva";"Não";3;0;1;1;1;0;2;2;"-12.13294831";"-45.11393419";"SPRF-BA";"DEL10-BA";"UOP01-DEL10-BA"
657582;2025-01-26;"domingo";"21:30:00";"RS";116;310;"GUAIBA";"Reação tardia ou ineficiente do condutor";"Saída de leito carroçável";"Sem Vítimas";"Plena Noite";"Decrescente";"Céu Claro";"Dupla";"Reta";"Não";1;0;0;0;0;1;0;1;"-30.20082914";"-51.40020449";"SPRF-RS";"DEL02-RS";"UOP01-DEL02-RS"
657583;2025-01-26;"domingo";"21:00:00";"RO";429;55;"ALVORADA DOESTE";"Ausência de reação do condutor";"Saída de leito carroçável";"Com Vítimas Fatais";"Plena Noite";"Decrescente";"Céu Claro";"Simples";"Reta";"Não";2;1;0;0;1;0;0;1;"-11.367865";"-62.306883";"SPRF-RO";"DEL02-RO";"UOP03-DEL02-RO"
657584;2025-01-26;"domingo";"22:00:00";"SC";101;74;"ARAQUARI";"Reação tardia ou ineficiente do condutor";"Tombamento";"Com Vítimas Feridas";"Plena Noite";"Crescente";"Céu Claro";"Dupla";"Reta";"Não";1;0;1;0;0;0;1;1;"-26.54711111";"-48.71301413";"SPRF-SC";"DEL03-SC";"UOP02-DEL03-SC"
657586;2025-01-26;"domingo";"22:50:00";"PR";277;561,9;"CASCAVEL";"Demais falhas mecânicas ou elétricas";"Tombamento";"Com Vítimas Feridas";"Plena Noite";"Crescente";"Céu Claro";"Simples";"Reta";"Não";2;0;2;0;0;0;2;1;"-25.05866119";"-53.22275924";"SPRF-PR";"DEL04-PR";"UOP04-DEL04-PR"
657588;2025-01-26;"domingo";"21:40:00";"MT";174;485;"COMODORO";"Condutor deixou de manter distância do veículo da frente";"Colisão traseira";"Com Vítimas Feridas";"Plena Noite";"Crescente";"Céu Claro";"Simples";"Reta";"Sim";3;0;1;1;1;0;2;2;"-13.66506826";"-59.79266103";"SPRF-MT";"DEL04-MT";"UOP02-DEL04-MT"
657590;2025-01-26;"domingo";"23:00:00";"PE";104;66,1;"CARUARU";"Ingestão de álcool pelo condutor";"Colisão frontal";"Com Vítimas Feridas";"Plena Noite";"Decrescente";"Ignorado";"Dupla";"Curva";"Sim";4;0;1;0;3;0;1;2;"-8.28493402";"-35.98374367";"SPRF-PE";"DEL02-PE";"UOP01-DEL02-PE"
657591;2025-01-26;"domingo";"23:00:00";"MG";40;277;"TRES MARIAS";"Velocidade Incompatível";"Saída de leito carroçável";"Com Vítimas Feridas";"Plena Noite";"Decrescente";"Céu Claro";"Simples";"Declive;Reta";"Sim";2;0;2;0;0;0;2;1;"-18.21264695";"-45.22480595";"SPRF-MG";"DEL14-MG";"UOP02-DEL14-MG"
657593;2025-01-26;"domingo";"23:00:00";"RS";290;68,8;"GRAVATAI";"Reação tardia ou ineficiente do condutor";"Saída de leito carroçável";"Com Vítimas Feridas";"Plena Noite";"Crescente";"Céu Claro";"Dupla";"Reta";"Não";2;0;2;0;0;0;2;1;"-29.943384";"-50.936207";"SPRF-RS";"DEL03-RS";"UOP01-DEL03-RS"
657595;2025-01-26;"domingo";"20:00:00";"RS";468;84,5;"CAMPO NOVO";"Velocidade Incompatível";"Saída de leito carroçável";"Com Vítimas Fatais";"Anoitecer";"Decrescente";"Céu Claro";"Simples";"Reta";"Sim";1;1;0;0;0;0;0;1;"-27.59201797";"-53.87237438";"SPRF-RS";"DEL08-RS";"UOP02-DEL08-RS"
657596;2025-01-26;"domingo";"22:45:00";"SC";116;135;"SANTA CECILIA";"Ausência de reação do condutor";"Tombamento";"Com Vítimas Feridas";"Plena Noite";"Crescente";"Garoa/Chuvisco";"Simples";"Curva";"Não";2;0;2;0;0;0;2;1;"-26.92904296";"-50.4345818";"SPRF-SC";"DEL06-SC";"UOP02-DEL06-SC"
657597;2025-01-26;"domingo";"23:15:00";"PR";376;241;"APUCARANA";"Ausência de reação do condutor";"Capotamento";"Com Vítimas Feridas";"Plena Noite";"Crescente";"Céu Claro";"Dupla";"Declive;Curva";"Não";1;0;0;1;0;0;1;1;"-23.58168461";"-51.42681594";"SPRF-PR";"DEL07-PR";"UOP03-DEL07-PR"
657598;2025-01-26;"domingo";"22:25:00";"SP";153;216,1;"MARILIA";"Ingestão de álcool pelo condutor";"Saída de leito carroçável";"Sem Vítimas";"Plena Noite";"Decrescente";"Nublado";"Simples";"Curva";"Não";1;0;0;0;1;0;0;1;"-21.96180388";"-49.92179359";"SPRF-SP";"DEL07-SP";"UOP02-DEL07-SP"
657599;2025-01-27;"segunda-feira";"00:03:00";"RJ";116;178;"BELFORD ROXO";"Condutor usando celular";"Colisão traseira";"Com Vítimas Feridas";"Plena Noite";"Crescente";"Céu Claro";"Múltipla";"Reta";"Sim";2;0;1;0;1;0;1;2;"-22.77496393";"-43.40081465";"SPRF-RJ";"DEL06-RJ";"UOP01-DEL06-RJ"
657600;2025-01-26;"domingo";"15:15:00";"SC";470;74,8;"INDAIAL";"Acessar a via sem observar a presença dos outros veículos";"Colisão transversal";"Com Vítimas Feridas";"Pleno dia";"Crescente";"Nublado";"Simples";"Reta";"Não";3;0;1;0;1;1;1;3;"-26.92378896";"-49.28361839";"SPRF-SC";"DEL04-SC";"UOP01-DEL04-SC"
657601;2025-01-26;"domingo";"19:30:00";"SC";470;91,9;"APIUNA";"Chuva";"Colisão com objeto";"Com Vítimas Feridas";"Plena Noite";"Decrescente";"Chuva";"Simples";"Reta;Ponte";"Não";2;0;2;0;0;0;2;1;"-26.98532894";"-49.37289303";"SPRF-SC";"DEL04-SC";"UOP01-DEL04-SC"
657602;2025-01-26;"domingo";"20:00:00";"MG";267;155,1;"LIMA DUARTE";"Ausência de reação do condutor";"Colisão frontal";"Com Vítimas Fatais";"Plena Noite";"Decrescente";"Nublado";"Simples";"Reta";"Não";7;1;3;2;1;0;5;2;"-21.83547518";"-43.76759901";"SPRF-MG";"DEL05-MG";"UOP01-DEL05-MG"
657603;2025-01-27;"segunda-feira";"00:30:00";"ES";101;359,1;"ANCHIETA";"Condutor Dormindo";"Colisão lateral sentido oposto";"Com Vítimas Feridas";"Plena Noite";"Crescente";"Céu Claro";"Dupla";"Reta;Declive";"Não";10;0;0;2;8;0;2;2;"-20.69768274";"-40.71161014";"SPRF-ES";"DEL03-ES";"UOP01-DEL03-ES"
657604;2025-01-26;"domingo";"21:10:00";"RJ";356;166;"SAO JOAO DA BARRA";"Transitar no Acostamento";"Colisão traseira";"Com Vítimas Feridas";"Pleno dia";"Decrescente";"Nublado";"Simples";"Reta";"Não";6;0;3;0;3;0;3;2;"-21.71832905";"-41.10952362";"SPRF-RJ";"DEL08-RJ";"UOP02-DEL08-RJ"
657606;2025-01-27;"segunda-feira";"00:35:00";"RS";290;95;"PORTO ALEGRE";"Entrada inopinada do pedestre";"Atropelamento de Pedestre";"Com Vítimas Fatais";"Plena Noite";"Decrescente";"Nublado";"Múltipla";"Reta";"Sim";2;1;0;0;1;0;0;2;"-29.982832";"-51.201572";"SPRF-RS";"DEL01-RS";"UOP01-DEL01-RS"
657607;2025-01-27;"segunda-feira";"01:30:00";"SC";101;214;"PALHOCA";"Reação tardia ou ineficiente do condutor";"Colisão com objeto";"Sem Vítimas";"Plena Noite";"Decrescente";"Céu Claro";"Múltipla";"Reta";"Sim";2;0;0;0;1;1;0;1;"-27.65139207";"-48.67550611";"SPRF-SC";"DEL01-SC";"UOP02-DEL01-SC"
657608;2025-01-27;"segunda-feira";"00:20:00";"MS";262;2;"TRES LAGOAS";"Condutor Dormindo";"Saída de leito carroçável";"Com Vítimas Feridas";"Plena Noite";"Decrescente";"Chuva";"Simples";"Rotatória";"Não";1;0;0;1;0;0;1;1;"-20.78949837";"-51.64329529";"SPRF-MS";"DEL07-MS";"UOP01-DEL07-MS"
657609;2025-01-27;"segunda-feira";"01:00:00";"PR";272;433;"GOIOERE";"Reação tardia ou ineficiente do condutor";"Colisão lateral mesmo sentido";"Com Vítimas Feridas";"Plena Noite";"Decrescente";"Céu Claro";"Simples";"Reta";"Não";2;0;2;0;0;0;2;2;"-24.19011334";"-52.99214065";"SPRF-PR";"DEL09-PR";"UOP03-DEL09-PR"
657612;2025-01-26;"domingo";"12:15:00";"MA";316;619,5;"TIMON";"Conversão proibida";"Colisão traseira";"Com Vítimas Feridas";"Pleno dia";"Decrescente";"Céu Claro";"Simples";"Reta";"Sim";3;0;1;0;2;0;1;2;"-5.119788";"-42.824196";"SPRF-MA";"DEL03-MA";"UOP02-DEL03-MA"
657614;2025-01-27;"segunda-feira";"03:30:00";"SP";116;147;"SAO JOSE DOS CAMPOS";"Ausência de reação do condutor";"Colisão com objeto";"Sem Vítimas";"Plena Noite";"Crescente";"Chuva";"Dupla";"Curva";"Não";1;0;0;0;0;1;0;1;"-23.19542994";"-45.87176303";"SPRF-SP";"DEL02-SP";"UOP01-DEL02-SP"
657615;2025-01-27;"segunda-feira";"02:30:00";"PR";277;725;"FOZ DO IGUACU";"Ausência de reação do condutor";"Colisão com objeto";"Com Vítimas Feridas";"Plena Noite";"Crescente";"Céu Claro";"Dupla";"Curva;Aclive";"Sim";2;0;1;0;0;1;1;2;"-25.50823541";"-54.54619865";"SPRF-PR";"DEL05-PR";"UOP03-DEL05-PR"
657616;2025-01-27;"segunda-feira";"02:30:00";"AL";101;41;"FLEXEIRAS";"Condutor Dormindo";"Saída de leito carroçável";"Com Vítimas Feridas";"Plena Noite";"Decrescente";"Céu Claro";"Dupla";"Curva";"Não";3;0;3;0;0;0;3;1;"-9.17104293";"-35.77460326";"SPRF-AL";"DEL01-AL";"UOP02-DEL01-AL"
657617;2025-01-27;"segunda-feira";"05:40:00";"ES";101;267,9;"SERRA";"Condutor deixou de manter distância do veículo da frente";"Colisão traseira";"Com Vítimas Feridas";"Amanhecer";"Crescente";"Céu Claro";"Dupla";"Reta";"Sim";2;0;1;0;0;1;1;2;"-20.19930999";"-40.26884609";"SPRF-ES";"DEL02-ES";"UOP01-DEL02-ES"
657618;2025-01-27;"segunda-feira";"04:25:00";"MG";50;180;"UBERABA";"Transitar na contramão";"Colisão com objeto";"Sem Vítimas";"Amanhecer";"Decrescente";"Garoa/Chuvisco";"Simples";"Viaduto;Reta";"Sim";1;0;0;0;0;1;0;1;"-19.77848216";"-47.92194709";"SPRF-MG";"DEL13-MG";"UOP01-DEL13-MG"
657621;2025-01-27;"segunda-feira";"06:15:00";"PB";230;19,9;"JOAO PESSOA";"Condutor deixou de manter distância do veículo da frente";"Engavetamento";"Com Vítimas Feridas";"Amanhecer";"Decrescente";"Nublado";"Dupla";"Reta";"Sim";5;0;1;0;4;0;1;4;"-7.1337";"-34.8544";"SPRF-PB";"DEL01-PB";"UOP01-DEL01-PB"
657622;2025-01-26;"domingo";"19:20:00";"BA";101;909;"IBIRAPUA";"Demais falhas mecânicas ou elétricas";"Incêndio";"Sem Vítimas";"Plena Noite";"Crescente";"Céu Claro";"Simples";"Reta";"Não";1;0;0;0;1;0;0;1;"-17.805867";"-39.782755";"SPRF-BA";"DEL09-BA";"UOP02-DEL09-BA"
657624;2025-01-27;"segunda-feira";"05:00:00";"PR";277;675;"MEDIANEIRA";"Reação tardia ou ineficiente do condutor";"Saída de leito carroçável";"Com Vítimas Feridas";"Amanhecer";"Decrescente";"Céu Claro";"Dupla";"Reta";"Sim";1;0;1;0;0;0;1;1;"-25.29891949";"-54.12338731";"SPRF-PR";"DEL05-PR";"UOP01-DEL05-PR"
657626;2025-01-26;"domingo";"18:32:00";"GO";80;137;"VILA PROPICIO";"Frear bruscamente";"Saída de leito carroçável";"Com Vítimas Feridas";"Plena Noite";"Crescente";"Céu Claro";"Simples";"Curva";"Não";5;0;2;0;3;0;2;2;"-15.208875";"-48.697312";"SPRF-GO";"DEL07-GO";"UOP02-DEL07-GO"
657628;2025-01-27;"segunda-feira";"06:30:00";"MS";262;406;"TERENOS";"Reação tardia ou ineficiente do condutor";"Saída de leito carroçável";"Com Vítimas Fatais";"Amanhecer";"Crescente";"Céu Claro";"Simples";"Reta";"Não";5;1;3;1;0;0;4;1;"-20.43409079";"-55.08493423";"SPRF-MS";"DEL01-MS";"UOP03-DEL01-MS"
657629;2025-01-27;"segunda-feira";"06:40:00";"PB";101;82;"BAYEUX";"Trafegar com motocicleta (ou similar) entre as faixas";"Tombamento";"Com Vítimas Feridas";"Pleno dia";"Crescente";"Nublado";"Dupla";"Reta";"Sim";1;0;0;1;0;0;1;1;"-7.12911";"-34.93714";"SPRF-PB";"DEL01-PB";"UOP01-DEL01-PB"
657630;2025-01-27;"segunda-feira";"07:00:00";"PE";232;409;"SERRA TALHADA";"Acesso irregular";"Colisão transversal";"Com Vítimas Feridas";"Pleno dia";"Decrescente";"Céu Claro";"Simples";"Reta";"Sim";5;0;0;1;4;0;1;2;"-7.981944";"-38.289467";"SPRF-PE";"DEL04-PE";"UOP01-DEL04-PE"
657631;2025-01-27;"segunda-feira";"05:40:00";"MT";163;522;"DIAMANTINO";"Condutor Dormindo";"Saída de leito carroçável";"Com Vítimas Feridas";"Pleno dia";"Crescente";"Sol";"Dupla";"Reta";"Não";1;0;1;0;0;0;1;1;"-14.50402729";"-56.19741276";"SPRF-MT";"DEL01-MT";"UOP01-DEL01-MT"
657632;2025-01-27;"segunda-feira";"06:30:00";"MG";40;523,7;"CONTAGEM";"Acessar a via sem observar a presença dos outros veículos";"Atropelamento de Pedestre";"Com Vítimas Feridas";"Pleno dia";"Crescente";"Céu Claro";"Dupla";"Reta";"Sim";3;0;2;0;1;0;2;2;"-19.86874894";"-44.05962197";"SPRF-MG";"DEL01-MG";"UOP02-DEL01-MG"
657634;2025-01-27;"segunda-feira";"06:30:00";"BA";101;17;"RIO REAL";"Ausência de reação do condutor";"Saída de leito carroçável";"Com Vítimas Feridas";"Pleno dia";"Decrescente";"Céu Claro";"Dupla";"Reta";"Não";4;0;3;0;1;0;3;1;"-11.68406398";"-37.90122415";"SPRF-SE";"DEL02-SE";"UOP03-DEL02-SE"
657635;2025-01-27;"segunda-feira";"06:50:00";"ES";101;268;"SERRA";"Condutor deixou de manter distância do veículo da frente";"Colisão traseira";"Com Vítimas Feridas";"Pleno dia";"Decrescente";"Céu Claro";"Dupla";"Reta";"Sim";2;0;1;0;1;0;1;2;"-20.20842";"-40.269405";"SPRF-ES";"DEL02-ES";"UOP01-DEL02-ES"
657636;2025-01-27;"segunda-feira";"06:45:00";"PR";369;157;"LONDRINA";"Acessar a via sem observar a presença dos outros veículos";"Colisão lateral mesmo sentido";"Com Vítimas Feridas";"Pleno dia";"Crescente";"Céu Claro";"Dupla";"Reta";"Não";2;0;1;0;1;0;1;2;"-23.2855525";"-51.2307145";"SPRF-PR";"DEL07-PR";"UOP01-DEL07-PR"
657639;2025-01-27;"segunda-feira";"06:30:00";"PR";369;86;"CORNELIO PROCOPIO";"Demais falhas mecânicas ou elétricas";"Capotamento";"Com Vítimas Feridas";"Pleno dia";"Crescente";"Nublado";"Simples";"Curva";"Sim";3;0;2;0;1;0;2;1;"-23.17331706";"-50.61831594";"SPRF-PR";"DEL07-PR";"UOP05-DEL07-PR"
657640;2025-01-26;"domingo";"21:40:00";"MS";163;500,7;"CAMPO GRANDE";"Ausência de reação do condutor";"Colisão traseira";"Com Vítimas Feridas";"Plena Noite";"Decrescente";"Céu Claro";"Simples";"Aclive;Reta";"Não";2;0;1;0;1;0;1;2;"-20.32607304";"-54.51856683";"SPRF-MS";"DEL01-MS";"UOP02-DEL01-MS"
657641;2025-01-27;"segunda-feira";"08:00:00";"GO";414;440;"ANAPOLIS";"Acessar a via sem observar a presença dos outros veículos";"Colisão traseira";"Com Vítimas Feridas";"Pleno dia";"Crescente";"Céu Claro";"Simples";"Rotatória";"Sim";2;0;0;1;0;1;1;2;"-16.28704724";"-48.94387364";"SPRF-GO";"DEL02-GO";"UOP01-DEL02-GO"
657642;2025-01-27;"segunda-feira";"08:20:00";"PB";230;26;"JOAO PESSOA";"Manobra de mudança de faixa";"Colisão lateral mesmo sentido";"Com Vítimas Feridas";"Pleno dia";"Decrescente";"Nublado";"Múltipla";"Reta";"Sim";3;0;1;1;1;0;2;2;"-7.16941323";"-34.87839226";"SPRF-PB";"DEL01-PB";"UOP01-DEL01-PB"
657647;2025-01-26;"domingo";"22:00:00";"MS";163;567,8;"BANDEIRANTES";"Ingestão de álcool pelo condutor";"Saída de leito carroçável";"Sem Vítimas";"Plena Noite";"Crescente";"Chuva";"Simples";"Reta";"Não";1;0;0;0;1;0;0;1;"-19.75811396";"-54.35853617";"SPRF-MS";"DEL01-MS";"UOP02-DEL01-MS"
657648;2025-01-27;"segunda-feira";"07:40:00";"BA";116;827;"VITORIA DA CONQUISTA";"Acesso irregular";"Colisão transversal";"Com Vítimas Feridas";"Pleno dia";"Decrescente";"Céu Claro";"Dupla";"Reta";"Sim";2;0;2;0;0;0;2;2;"-14.88108716";"-40.85609436";"SPRF-BA";"DEL08-BA";"UOP01-DEL08-BA"
657649;2025-01-26;"domingo";"14:45:00";"MT";70;514;"VARZEA GRANDE";"Ingestão de álcool pelo condutor";"Queda de ocupante de veículo";"Com Vítimas Feridas";"Pleno dia";"Decrescente";"Sol";"Simples";"Interseção de Vias";"Sim";2;0;1;0;1;0;1;1;"-15.70620348";"-56.13234043";"SPRF-MT";"DEL01-MT";"UOP02-DEL01-MT"
657650;2025-01-27;"segunda-feira";"08:30:00";"PB";230;15,6;"JOAO PESSOA";"Demais falhas mecânicas ou elétricas";"Colisão lateral mesmo sentido";"Com Vítimas Feridas";"Pleno dia";"Crescente";"Chuva";"Dupla";"Reta;Aclive";"Sim";2;0;1;0;1;0;1;2;"-7.093";"-34.8482";"SPRF-PB";"DEL01-PB";"UOP01-DEL01-PB"
657651;2025-01-27;"segunda-feira";"09:10:00";"RS";158;178,8;"PEJUCARA";"Acessar a via sem observar a presença dos outros veículos";"Colisão transversal";"Com Vítimas Feridas";"Pleno dia";"Crescente";"Céu Claro";"Simples";"Interseção de Vias";"Não";6;0;4;2;0;0;6;2;"-28.51048335";"-53.55337143";"SPRF-RS";"DEL10-RS";"UOP02-DEL10-RS"
657652;2025-01-27;"segunda-feira";"08:01:00";"MA";135;7;"SAO LUIS";"Condutor deixou de manter distância do veículo da frente";"Colisão traseira";"Sem Vítimas";"Pleno dia";"Crescente";"Sol";"Dupla";"Reta";"Sim";2;0;0;0;2;0;0;2;"-2.63608835";"-44.26848552";"SPRF-MA";"DEL01-MA";"UOP01-DEL01-MA"
657653;2025-01-27;"segunda-feira";"08:45:00";"SC";101;148,2;"ITAPEMA";"Mal súbito do condutor";"Colisão com objeto";"Com Vítimas Feridas";"Pleno dia";"Crescente";"Nublado";"Múltipla";"Reta";"Sim";2;0;1;0;0;1;1;2;"-27.10123686";"-48.61807962";"SPRF-SC";"DEL04-SC";"UOP03-DEL04-SC"
657655;2025-01-27;"segunda-feira";"07:40:00";"RS";116;529;"CAPAO DO LEAO";"Transitar na contramão";"Colisão frontal";"Com Vítimas Feridas";"Pleno dia";"Crescente";"Céu Claro";"Simples";"Reta";"Sim";2;0;2;0;0;0;2;2;"-31.75446042";"-52.42803583";"SPRF-RS";"DEL07-RS";"UOP01-DEL07-RS"
657657;2025-01-26;"domingo";"21:30:00";"BA";242;432;"SEABRA";"Ultrapassagem Indevida";"Colisão frontal";"Com Vítimas Feridas";"Plena Noite";"Crescente";"Céu Claro";"Simples";"Reta";"Não";5;0;5;0;0;0;5;2;"-12.39205239";"-41.91496307";"SPRF-BA";"DEL06-BA";"UOP01-DEL06-BA"
657658;2025-01-27;"segunda-feira";"09:40:00";"PE";232;54,1;"POMBOS";"Acessar a via sem observar a presença dos outros veículos";"Colisão transversal";"Com Vítimas Fatais";"Pleno dia";"Decrescente";"Chuva";"Dupla";"Reta";"Não";2;1;0;1;0;0;1;2;"-8.13038599";"-35.3593576";"SPRF-PE";"DEL02-PE";"UOP02-DEL02PE"
657661;2025-01-27;"segunda-feira";"08:20:00";"PE";428;188,1;"PETROLINA";"Ingestão de álcool pelo condutor";"Colisão traseira";"Com Vítimas Feridas";"Pleno dia";"Crescente";"Céu Claro";"Dupla";"Reta";"Sim";5;0;1;0;2;2;1;3;"-9.37575434";"-40.49191475";"SPRF-PE";"DEL06-PE";"UOP01-DEL06-PE"
657662;2025-01-27;"segunda-feira";"10:15:00";"PB";230;28;"JOAO PESSOA";"Condutor deixou de manter distância do veículo da frente";"Colisão traseira";"Com Vítimas Feridas";"Pleno dia";"Crescente";"Nublado";"Dupla";"Reta";"Não";2;0;0;1;1;0;1;2;"-7.1651";"-34.8941";"SPRF-PB";"DEL01-PB";"UOP01-DEL01-PB"
657663;2025-01-15;"quarta-feira";"21:00:00";"PI";222;69;"BRASILEIRA";"Pista Escorregadia";"Tombamento";"Com Vítimas Feridas";"Plena Noite";"Crescente";"Chuva";"Simples";"Reta;Em Obras";"Não";1;0;1;0;0;0;1;1;"-4.24760919";"-41.72095502";"SPRF-PI";"DEL02-PI";"UOP01-DEL02-PI"
657664;2025-01-27;"segunda-feira";"05:15:00";"RS";392;117,8;"CANGUCU";"Ausência de reação do condutor";"Colisão com objeto";"Sem Vítimas";"Plena Noite";"Crescente";"Céu Claro";"Simples";"Ponte";"Não";1;0;0;0;0;1;0;1;"-31.41369338";"-52.67628308";"SPRF-RS";"DEL07-RS";"UOP01-DEL07-RS"
657665;2025-01-27;"segunda-feira";"09:10:00";"SP";116;151;"SAO JOSE DOS CAMPOS";"Reação tardia ou ineficiente do condutor";"Colisão traseira";"Com Vítimas Feridas";"Pleno dia";"Crescente";"Sol";"Dupla";"Reta";"Sim";4;0;3;0;1;0;3;2;"-23.21980694";"-45.89991605";"SPRF-SP";"DEL02-SP";"UOP01-DEL02-SP"
657667;2025-01-27;"segunda-feira";"10:30:00";"RO";364;352,5;"JI-PARANA";"Animais na Pista";"Atropelamento de Animal";"Sem Vítimas";"Pleno dia";"Crescente";"Céu Claro";"Simples";"Reta";"Não";2;0;0;0;2;0;0;1;"-10.83322284";"-62.01156957";"SPRF-RO";"DEL02-RO";"UOP01-DEL02-RO"
657669;2025-01-27;"segunda-feira";"10:45:00";"DF";20;29,1;"BRASILIA";"Ingestão de álcool pelo condutor";"Saída de leito carroçável";"Com Vítimas Fatais";"Pleno dia";"Decrescente";"Chuva";"Dupla";"Curva";"Não";2;1;1;0;0;0;1;2;"-15.598102";"-47.612637";"SPRF-DF";"DEL02-DF";"UOP01-DEL02-DF"
657670;2025-01-27;"segunda-feira";"11:55:00";"SC";101;215;"PALHOCA";"Objeto estático sobre o leito carroçável";"Colisão com objeto";"Com Vítimas Feridas";"Pleno dia";"Decrescente";"Céu Claro";"Múltipla";"Reta";"Sim";2;0;1;0;1;0;1;2;"-27.65184843";"-48.67604941";"SPRF-SC";"DEL01-SC";"UOP02-DEL01-SC"
657672;2025-01-27;"segunda-feira";"12:30:00";"ES";101;270,3;"SERRA";"Ausência de reação do condutor";"Colisão traseira";"Com Vítimas Feridas";"Pleno dia";"Decrescente";"Sol";"Dupla";"Reta";"Sim";2;0;1;0;1;0;1;2;"-20.22662056";"-40.27075088";"SPRF-ES";"DEL02-ES";"UOP01-DEL02-ES"
657675;2025-01-27;"segunda-feira";"11:10:00";"SC";116;10,2;"MAFRA";"Ausência de reação do condutor";"Tombamento";"Com Vítimas Feridas";"Pleno dia";"Crescente";"Céu Claro";"Simples";"Reta";"Não";2;0;1;0;1;0;1;1;"-26.16829411";"-49.85476074";"SPRF-SC";"DEL06-SC";"UOP01-DEL06-SC"