"id";"data_inversa";"dia_semana";"horario";"uf";"br";"km";"municipio";"causa_acidente";"tipo_acidente";"classificacao_acidente";"fase_dia";"sentido_via";"condicao_metereologica";"tipo_pista";"tracado_via";"uso_solo";"pessoas";"mortos";"feridos_leves";"feridos_graves";"ilesos";"ignorados";"feridos";"veiculos";"latitude";"longitude";"regional";"delegacia";"uop"
658159;2025-01-30;"quinta-feira";"06:30:00";"RS";471;459,2;"RIO GRANDE";"Conversão proibida";"Colisão traseira";"Com Vítimas Feridas";"Pleno dia";"Decrescente";"Sol";"Simples";"Reta";"Sim";2;0;1;0;1;0;1;2;"-32.074825";"-52.26466";"SPRF-RS";"DEL07-RS";"UOP02-DEL07-RS"
658162;2025-01-30;"quinta-feira";"03:50:00";"MG";365;777;"ITUIUTABA";"Condutor Dormindo";"Saída de leito carroçável";"Sem Vítimas";"Plena Noite";"Decrescente";"Nublado";"Simples";"Reta";"Não";1;0;0;0;1;0;0;1;"-18.95824589";"-49.68812099";"SPRF-MG";"DEL15-MG";"UOP03-DEL15-MG"
658163;2025-01-30;"quinta-feira";"04:46:00";"MT";364;417,3;"VARZEA GRANDE";"Animais na Pista";"Atropelamento de Animal";"Com Vítimas Feridas";"Amanhecer";"Decrescente";"Céu Claro";"Simples";"Curva";"Sim";1;0;1;0;0;0;1;1;"-15.61372696";"-56.07392396";"SPRF-MT";"DEL01-MT";"UOP02-DEL01-MT"
658164;2025-01-30;"quinta-feira";"06:35:00";"SP";101;51;"UBATUBA";"Conversão proibida";"Colisão transversal";"Com Vítimas Feridas";"Pleno dia";"Crescente";"Nublado";"Simples";"Reta";"Sim";2;0;1;0;1;0;1;2;"-23.45627795";"-45.07111896";"SPRF-SP";"DEL06-SP";"UOP01-DEL06-SP"
658166;2025-01-30;"quinta-feira";"07:20:00";"BA";324;617;"SALVADOR";"Ausência de reação do condutor";"Colisão traseira";"Com Vítimas Feridas";"Pleno dia";"Decrescente";"Céu Claro";"Múltipla";"Reta";"Não";2;0;1;0;1;0;1;2;"-12.8860325";"-38.43806469";"SPRF-BA";"DEL01-BA";"UOP01-DEL01-BA"
658170;2025-01-30;"quinta-feira";"08:00:00";"PR";277;3,5;"PARANAGUA";"Manobra de mudança de faixa";"Colisão lateral mesmo sentido";"Com Vítimas Feridas";"Pleno dia";"Crescente";"Nublado";"Dupla";"Reta";"Sim";2;0;1;0;0;1;1;2;"-25.5205";"-48.5095";"SPRF-PR";"DEL01-PR";"UOP05-DEL01-PR"
658172;2025-01-30;"quinta-feira";"07:35:00";"ES";101;287,9;"CARIACICA";"Transitar no Acostamento";"Colisão transversal";"Com Vítimas Feridas";"Pleno dia";"Decrescente";"Sol";"Dupla";"Reta";"Sim";2;0;1;0;1;0;1;2;"-20.26493528";"-40.38471702";"SPRF-ES";"DEL01-ES";"UOP01-DEL01-ES"
658173;2025-01-30;"quinta-feira";"08:20:00";"ES";101;279,5;"SERRA";"Condutor deixou de manter distância do veículo da frente";"Colisão traseira";"Com Vítimas Feridas";"Pleno dia";"Decrescente";"Céu Claro";"Dupla";"Reta";"Sim";2;0;0;1;0;1;1;2;"-20.2184297";"-40.3447046";"SPRF-ES";"DEL02-ES";"UOP01-DEL02-ES"
658174;2025-01-30;"quinta-feira";"07:20:00";"MG";381;495,2;"BETIM";"Velocidade Incompatível";"Tombamento";"Com Vítimas Feridas";"Pleno dia";"Crescente";"Nublado";"Múltipla";"Curva;Aclive";"Sim";1;0;0;1;0;0;1;1;"-19.9745055";"-44.1869102";"SPRF-MG";"DEL01-MG";"UOP03-DEL01-MG"
658175;2025-01-30;"quinta-feira";"06:15:00";"MS";163;756;"COXIM";"Demais falhas mecânicas ou elétricas";"Saída de leito carroçável";"Sem Vítimas";"Amanhecer";"Crescente";"Céu Claro";"Simples";"Reta";"Não";4;0;0;0;4;0;0;2;"-18.29324801";"-54.66652747";"SPRF-MS";"DEL06-MS";"UOP01-DEL06-MS"
658176;2025-01-30;"quinta-feira";"07:45:00";"PR";369;161,3;"CAMBE";"Manobra de mudança de faixa";"Colisão lateral mesmo sentido";"Com Vítimas Feridas";"Pleno dia";"Crescente";"Céu Claro";"Dupla";"Reta;Declive";"Não";2;0;1;0;1;0;1;2;"-23.289507";"-51.26325";"SPRF-PR";"DEL07-PR";"UOP01-DEL07-PR"
658177;2025-01-30;"quinta-feira";"08:10:00";"SP";116;45;"CANAS";"Ausência de reação do condutor";"Colisão traseira";"Com Vítimas Feridas";"Pleno dia";"Decrescente";"Nublado";"Dupla";"Reta";"Não";2;0;1;0;1;0;1;2;"-22.70843505";"-45.04559397";"SPRF-SP";"DEL08-SP";"UOP02-DEL08-SP"
658180;2025-01-29;"quarta-feira";"11:20:00";"RJ";116;199;"QUEIMADOS";"Avarias e/ou desgaste excessivo no pneu";"Queda de ocupante de veículo";"Com Vítimas Feridas";"Pleno dia";"Crescente";"Céu Claro";"Dupla";"Reta";"Não";2;0;2;0;0;0;2;1;"-22.72898648";"-43.58452101";"SPRF-RJ";"DEL06-RJ";"UOP02-DEL06-RJ"
658182;2025-01-25;"sábado";"19:10:00";"PR";376;446;"TIBAGI";"Velocidade Incompatível";"Saída de leito carroçável";"Com Vítimas Feridas";"Anoitecer";"Decrescente";"Chuva";"Dupla";"Curva";"Não";2;0;2;0;0;0;2;1;"-24.84980258";"-50.46293767";"SPRF-PR";"DEL03-PR";"UOP02-DEL03-PR"
658184;2025-01-30;"quinta-feira";"04:40:00";"MT";163;1057;"GUARANTA DO NORTE";"Condutor deixou de manter distância do veículo da frente";"Colisão traseira";"Com Vítimas Feridas";"Amanhecer";"Decrescente";"Céu Claro";"Simples";"Reta;Aclive";"Não";2;0;0;1;0;1;1;2;"-10.03376687";"-54.90992546";"SPRF-MT";"DEL06-MT";"UOP03-DEL06-MT"
658185;2025-01-30;"quinta-feira";"06:30:00";"MG";116;218,4;"CATUJI";"Ingestão de álcool pelo condutor";"Colisão frontal";"Com Vítimas Feridas";"Amanhecer";"Crescente";"Céu Claro";"Simples";"Curva;Declive";"Não";4;0;3;1;0;0;4;2;"-17.39235906";"-41.52546224";"SPRF-MG";"DEL11-MG";"UOP01-DEL11-MG"
658186;2025-01-30;"quinta-feira";"09:00:00";"PR";369;154,4;"LONDRINA";"Ultrapassagem Indevida";"Colisão lateral mesmo sentido";"Com Vítimas Feridas";"Pleno dia";"Crescente";"Céu Claro";"Dupla";"Reta;Em Obras";"Sim";2;0;1;0;1;0;1;2;"-23.297223";"-51.201434";"SPRF-PR";"DEL07-PR";"UOP01-DEL07-PR"
658187;2025-01-30;"quinta-feira";"08:30:00";"PR";277;80;"CURITIBA";"Reação tardia ou ineficiente do condutor";"Colisão traseira";"Com Vítimas Feridas";"Pleno dia";"Crescente";"Céu Claro";"Dupla";"Reta";"Sim";2;0;1;0;1;0;1;2;"-25.568939";"-49.181978";"SPRF-PR";"DEL01-PR";"UOP03-DEL01-PR"
658188;2025-01-30;"quinta-feira";"09:10:00";"GO";60;48;"ALEXANIA";"Acumulo de água sobre o pavimento";"Saída de leito carroçável";"Com Vítimas Feridas";"Pleno dia";"Decrescente";"Chuva";"Dupla";"Reta;Declive";"Não";1;0;1;0;0;0;1;1;"-16.1529";"-48.6109";"SPRF-GO";"DEL02-GO";"UOP01-DEL02-GO"
658189;2025-01-30;"quinta-feira";"08:15:00";"MG";50;44;"ARAGUARI";"Condutor Dormindo";"Colisão com objeto";"Com Vítimas Feridas";"Pleno dia";"Crescente";"Céu Claro";"Dupla";"Reta";"Não";1;0;1;0;0;0;1;1;"-18.70561658";"-48.19108255";"SPRF-MG";"DEL15-MG";"UOP02-DEL15-MG"
658192;2025-01-30;"quinta-feira";"09:30:00";"PR";153;47;"SANTO ANTONIO DA PLATINA";"Ausência de reação do condutor";"Colisão traseira";"Sem Vítimas";"Pleno dia";"Crescente";"Céu Claro";"Simples";"Reta";"Não";4;0;0;0;4;0;0;2;"-23.33739902";"-50.06723975";"SPRF-PR";"DEL07-PR";"UOP04-DEL07-PR"
658193;2025-01-30;"quinta-feira";"10:30:00";"GO";60;34;"ALEXANIA";"Acumulo de água sobre o pavimento";"Saída de leito carroçável";"Com Vítimas Feridas";"Pleno dia";"Decrescente";"Nublado";"Dupla";"Reta";"Não";4;0;3;0;1;0;3;1;"-16.0963";"-48.5202";"SPRF-DF";"DEL03-DF";"UOP01-DEL03-DF"
658196;2025-01-30;"quinta-feira";"11:05:00";"ES";101;295;"CARIACICA";"Ausência de reação do condutor";"Colisão traseira";"Sem Vítimas";"Pleno dia";"Crescente";"Céu Claro";"Simples";"Reta";"Sim";2;0;0;0;2;0;0;2;"-20.33223667";"-40.40004683";"SPRF-ES";"DEL01-ES";"UOP01-DEL01-ES"
658197;2025-01-30;"quinta-feira";"10:52:00";"PR";116;44;"CAMPINA GRANDE DO SUL";"Reação tardia ou ineficiente do condutor";"Saída de leito carroçável";"Com Vítimas Fatais";"Pleno dia";"Crescente";"Garoa/Chuvisco";"Dupla";"Curva;Declive";"Não";4;1;2;0;0;1;2;2;"-25.1882321";"-48.88492529";"SPRF-PR";"DEL01-PR";"UOP02-DEL01-PR"
658198;2025-01-30;"quinta-feira";"10:50:00";"CE";222;2;"FORTALEZA";"Condutor desrespeitou a iluminação vermelha do semáforo";"Colisão transversal";"Com Vítimas Feridas";"Pleno dia";"Crescente";"Céu Claro";"Múltipla";"Interseção de Vias;Reta";"Não";2;0;1;0;1;0;1;2;"-3.73911117";"-38.58687498";"SPRF-CE";"DEL01-CE";"UOP01-DEL01-CE"
658199;2025-01-30;"quinta-feira";"11:00:00";"PR";277;669,1;"MEDIANEIRA";"Transitar na contramão";"Colisão lateral sentido oposto";"Com Vítimas Feridas";"Pleno dia";"Decrescente";"Céu Claro";"Dupla";"Reta";"Sim";3;0;1;0;2;0;1;3;"-25.27562214";"-54.0709859";"SPRF-PR";"DEL05-PR";"UOP02-DEL05-PR"
658201;2025-01-30;"quinta-feira";"05:30:00";"GO";364;18;"PARANAIGUARA";"Ausência de reação do condutor";"Colisão traseira";"Com Vítimas Feridas";"Amanhecer";"Decrescente";"Chuva";"Simples";"Reta";"Não";2;0;1;0;1;0;1;2;"-18.943693";"-50.635265";"SPRF-GO";"DEL05-GO";"UOP02-DEL05-GO"
658204;2025-01-30;"quinta-feira";"11:20:00";"PI";316;309;"PICOS";"Acessar a via sem observar a presença dos outros veículos";"Colisão transversal";"Com Vítimas Feridas";"Pleno dia";"Decrescente";"Nublado";"Simples";"Reta";"Sim";2;0;1;0;1;0;1;2;"-7.07778744";"-41.48370094";"SPRF-PI";"DEL04-PI";"UOP01-DEL04-PI"
658206;2025-01-30;"quinta-feira";"11:15:00";"MG";381;477,8;"CONTAGEM";"Reação tardia ou ineficiente do condutor";"Colisão traseira";"Com Vítimas Feridas";"Pleno dia";"Decrescente";"Céu Claro";"Múltipla";"Declive;Reta";"Sim";5;0;2;0;3;0;2;2;"-19.95958";"-44.033795";"SPRF-MG";"DEL01-MG";"UOP03-DEL01-MG"
658207;2025-01-30;"quinta-feira";"11:40:00";"RN";406;132,6;"TAIPU";"Acessar a via sem observar a presença dos outros veículos";"Colisão transversal";"Com Vítimas Feridas";"Pleno dia";"Crescente";"Céu Claro";"Simples";"Declive";"Não";2;0;1;1;0;0;2;2;"-5.64046818";"-35.58573746";"SPRF-RN";"DEL02-RN";"UOP01-DEL02-RN"
658208;2025-01-30;"quinta-feira";"11:55:00";"RN";101;85;"NATAL";"Reação tardia ou ineficiente do condutor";"Colisão lateral mesmo sentido";"Sem Vítimas";"Pleno dia";"Decrescente";"Céu Claro";"Múltipla";"Reta";"Sim";2;0;0;0;2;0;0;2;"-5.777664";"-35.24937";"SPRF-RN";"DEL02-RN";"UOP01-DEL02-RN"
658211;2025-01-30;"quinta-feira";"12:00:00";"SP";153;114,8;"JOSE BONIFACIO";"Mal súbito do condutor";"Saída de leito carroçável";"Com Vítimas Feridas";"Pleno dia";"Decrescente";"Céu Claro";"Simples";"Reta";"Não";1;0;1;0;0;0;1;1;"-21.12117412";"-49.69084075";"SPRF-SP";"DEL09-SP";"UOP01-DEL09-SP"
658212;2025-01-30;"quinta-feira";"09:40:00";"RO";364;339,2;"JI-PARANA";"Acesso irregular";"Colisão transversal";"Com Vítimas Feridas";"Pleno dia";"Crescente";"Céu Claro";"Dupla";"Reta;Interseção de Vias";"Sim";2;0;2;0;0;0;2;2;"-10.907816";"-61.93017402";"SPRF-RO";"DEL02-RO";"UOP01-DEL02-RO"
658213;2025-01-30;"quinta-feira";"11:55:00";"TO";10;456;"PALMAS";"Ausência de reação do condutor";"Colisão com objeto";"Com Vítimas Feridas";"Pleno dia";"Crescente";"Nublado";"Múltipla";"Reta";"Sim";1;0;1;0;0;0;1;1;"-10.20863984";"-48.15545194";"SPRF-TO";"DEL01-TO";"UOP03-DEL01-TO"
658214;2025-01-26;"domingo";"19:15:00";"DF";251;13;"BRASILIA";"Condutor deixou de manter distância do veículo da frente";"Colisão lateral mesmo sentido";"Com Vítimas Feridas";"Plena Noite";"Crescente";"Céu Claro";"Simples";"Reta";"Sim";2;0;1;0;0;1;1;2;"-15.954415";"-47.596806";"SPRF-DF";"DEL01-DF";"UOP01-DEL01-DF"
658215;2025-01-30;"quinta-feira";"12:50:00";"MG";40;630,2;"CONSELHEIRO LAFAIETE";"Conversão proibida";"Colisão traseira";"Com Vítimas Fatais";"Pleno dia";"Decrescente";"Céu Claro";"Simples";"Interseção de Vias;Reta";"Não";2;1;0;0;1;0;0;2;"-20.66359594";"-43.80313933";"SPRF-MG";"DEL05-MG";"UOP02-DEL05-MG"
658216;2025-01-30;"quinta-feira";"12:45:00";"MG";381;389;"BARAO DE COCAIS";"Ausência de reação do condutor";"Colisão traseira";"Com Vítimas Feridas";"Pleno dia";"Decrescente";"Céu Claro";"Dupla";"Curva;Declive";"Não";4;0;2;0;2;0;2;3;"-19.8026";"-43.410767";"SPRF-MG";"DEL01-MG";"UOP01-DEL01-MG"
658218;2025-01-30;"quinta-feira";"13:20:00";"SP";116;167,1;"JACAREI";"Demais falhas na via";"Colisão com objeto";"Com Vítimas Feridas";"Pleno dia";"Decrescente";"Nublado";"Dupla";"Reta";"Sim";1;0;1;0;0;0;1;1;"-23.30254924";"-46.02640493";"SPRF-SP";"DEL02-SP";"UOP01-DEL02-SP"
658219;2025-01-30;"quinta-feira";"10:00:00";"BA";418;8,4;"CARAVELAS";"Acessar a via sem observar a presença dos outros veículos";"Colisão transversal";"Com Vítimas Feridas";"Pleno dia";"Crescente";"Céu Claro";"Simples";"Reta;Interseção de Vias;Rotatória";"Não";8;0;2;0;6;0;2;2;"-17.67287778";"-39.2253889";"SPRF-BA";"DEL09-BA";"UOP02-DEL09-BA"
658224;2025-01-30;"quinta-feira";"13:35:00";"RJ";101;322;"NITEROI";"Ausência de reação do condutor";"Colisão com objeto";"Com Vítimas Feridas";"Pleno dia";"Decrescente";"Nublado";"Múltipla";"Reta;Interseção de Vias";"Sim";1;0;1;0;0;0;1;1;"-22.878923";"-43.110676";"SPRF-RJ";"DEL02-RJ";"UOP01-DEL02-RJ"
658225;2025-01-30;"quinta-feira";"12:25:00";"RS";116;251,9;"SAPUCAIA DO SUL";"Chuva";"Colisão com objeto";"Sem Vítimas";"Pleno dia";"Decrescente";"Chuva";"Dupla";"Reta";"Sim";1;0;0;0;0;1;0;1;"-29.80035406";"-51.16550365";"SPRF-RS";"DEL01-RS";"UOP02-DEL01-RS"
658228;2025-01-30;"quinta-feira";"13:30:00";"SE";101;35;"CAPELA";"Acessar a via sem observar a presença dos outros veículos";"Colisão transversal";"Com Vítimas Feridas";"Pleno dia";"Decrescente";"Céu Claro";"Dupla";"Reta;Retorno Regulamentado";"Não";3;0;0;2;0;1;2;2;"-10.48368938";"-36.94598712";"SPRF-SE";"DEL02-SE";"UOP02-DEL02-SE"
658229;2025-01-30;"quinta-feira";"07:02:00";"MG";262;411;"IGARATINGA";"Demais falhas mecânicas ou elétricas";"Queda de ocupante de veículo";"Com Vítimas Feridas";"Pleno dia";"Crescente";"Céu Claro";"Dupla";"Reta";"Não";1;0;1;0;0;0;1;1;"-19.88744145";"-44.64074377";"SPRF-MG";"DEL08-MG";"UOP03-DEL08-MG"
658230;2025-01-30;"quinta-feira";"14:00:00";"SP";101;47;"UBATUBA";"Reação tardia ou ineficiente do condutor";"Colisão transversal";"Com Vítimas Feridas";"Pleno dia";"Crescente";"Céu Claro";"Simples";"Rotatória";"Sim";3;0;1;0;2;0;1;3;"-23.429897";"-45.082436";"SPRF-SP";"DEL06-SP";"UOP01-DEL06-SP"
658231;2025-01-30;"quinta-feira";"13:30:00";"ES";101;270,8;"SERRA";"Demais falhas mecânicas ou elétricas";"Tombamento";"Com Vítimas Feridas";"Pleno dia";"Crescente";"Sol";"Múltipla";"Reta";"Sim";2;0;2;0;0;0;2;1;"-20.23173793";"-40.27412653";"SPRF-ES";"DEL02-ES";"UOP01-DEL02-ES"
658232;2025-01-30;"quinta-feira";"10:15:00";"MG";262;463,1;"ARAUJOS";"Condutor deixou de manter distância do veículo da frente";"Saída de leito carroçável";"Com Vítimas Feridas";"Pleno dia";"Decrescente";"Nublado";"Simples";"Aclive;Reta";"Não";1;0;1;0;0;0;1;1;"-19.81413516";"-45.09767404";"SPRF-MG";"DEL08-MG";"UOP03-DEL08-MG"
658233;2025-01-30;"quinta-feira";"11:50:00";"RS";116;399;"CAMAQUA";"Reação tardia ou ineficiente do condutor";"Colisão transversal";"Com Vítimas Feridas";"Pleno dia";"Decrescente";"Sol";"Simples";"Reta;Ponte";"Sim";2;0;1;0;1;0;1;2;"-30.86691995";"-51.80039803";"SPRF-RS";"DEL02-RS";"UOP02-DEL02-RS"
658237;2025-01-16;"quinta-feira";"02:30:00";"GO";153;139;"MARA ROSA";"Chuva";"Colisão traseira";"Com Vítimas Fatais";"Plena Noite";"Crescente";"Chuva";"Simples";"Reta";"Não";59;1;26;1;31;0;27;2;"-13.985113";"-49.090572";"SPRF-GO";"DEL07-GO";"UOP01-DEL07-GO"
658243;2025-01-30;"quinta-feira";"15:00:00";"SC";101;146;"ITAPEMA";"Ausência de reação do condutor";"Colisão traseira";"Com Vítimas Feridas";"Pleno dia";"Decrescente";"Nublado";"Múltipla";"Reta";"Sim";3;0;1;0;2;0;1;3;"-27.08666525";"-48.60955587";"SPRF-SC";"DEL04-SC";"UOP03-DEL04-SC"
658244;2025-01-30;"quinta-feira";"15:35:00";"MG";116;634,6;"DIVINO";"Desrespeitar a preferência no cruzamento";"Colisão transversal";"Com Vítimas Fatais";"Pleno dia";"Crescente";"Céu Claro";"Simples";"Reta;Interseção de Vias";"Não";2;1;0;0;1;0;0;2;"-20.623027";"-42.221636";"SPRF-MG";"DEL07-MG";"UOP02-DEL07-MG"
658245;2025-01-30;"quinta-feira";"14:09:00";"MT";70;500;"CUIABA";"Acessar a via sem observar a presença dos outros veículos";"Colisão transversal";"Com Vítimas Feridas";"Pleno dia";"Crescente";"Sol";"Simples";"Reta";"Não";4;0;1;0;3;0;1;2;"-15.688377";"-56.01904";"SPRF-MT";"DEL01-MT";"UOP02-DEL01-MT"
658246;2025-01-30;"quinta-feira";"15:50:00";"MG";262;380;"JUATUBA";"Velocidade Incompatível";"Saída de leito carroçável";"Com Vítimas Feridas";"Pleno dia";"Decrescente";"Chuva";"Dupla";"Curva;Declive";"Não";1;0;1;0;0;0;1;1;"-19.93576507";"-44.43672324";"SPRF-MG";"DEL01-MG";"UOP03-DEL01-MG"
658247;2025-01-30;"quinta-feira";"15:10:00";"ES";0;0;"VILA VELHA";"Curva acentuada";"Colisão com objeto";"Sem Vítimas";"Pleno dia";"Não Informado";"Céu Claro";"Simples";"Curva";"Sim";6;0;0;0;6;0;0;2;"-20.48693316";"-40.35321604";"SPRF-ES";"DEL01-ES";"UOP01-DEL01-ES"
658249;2025-01-30;"quinta-feira";"15:00:00";"MG";40;776,1;"JUIZ DE FORA";"Velocidade Incompatível";"Colisão com objeto";"Com Vítimas Feridas";"Pleno dia";"Crescente";"Chuva";"Dupla";"Curva";"Não";1;0;1;0;0;0;1;1;"-21.65017316";"-43.43482311";"SPRF-MG";"DEL05-MG";"UOP01-DEL05-MG"
658251;2025-01-30;"quinta-feira";"15:45:00";"RS";386;247,1;"SOLEDADE";"Acessar a via sem observar a presença dos outros veículos";"Colisão transversal";"Com Vítimas Feridas";"Pleno dia";"Crescente";"Nublado";"Simples";"Reta";"Sim";5;0;2;1;2;0;3;2;"-28.81745766";"-52.48555899";"SPRF-RS";"DEL04-RS";"UOP03-DEL04-RS"
658254;2025-01-27;"segunda-feira";"13:00:00";"MS";267;483,9;"JARDIM";"Ausência de reação do condutor";"Colisão traseira";"Com Vítimas Feridas";"Pleno dia";"Crescente";"Céu Claro";"Simples";"Reta";"Sim";3;0;2;0;1;0;2;2;"-21.48097208";"-56.15576902";"SPRF-MS";"DEL05-MS";"UOP01-DEL05-MS"
658256;2025-01-30;"quinta-feira";"15:20:00";"TO";153;770,1;"ALVORADA";"Ultrapassagem Indevida";"Colisão lateral sentido oposto";"Com Vítimas Feridas";"Pleno dia";"Decrescente";"Nublado";"Simples";"Reta";"Não";4;0;0;1;3;0;1;2;"-12.55630013";"-49.09079915";"SPRF-TO";"DEL01-TO";"UOP02-DEL01-TO"
658257;2025-01-30;"quinta-feira";"15:30:00";"PE";424;57;"CAETES";"Transitar na contramão";"Colisão frontal";"Com Vítimas Feridas";"Pleno dia";"Decrescente";"Céu Claro";"Simples";"Reta";"Não";2;0;1;1;0;0;2;2;"-8.73585768";"-36.72797593";"SPRF-PE";"DEL03-PE";"UOP01-DEL03-PE"
658258;2025-01-30;"quinta-feira";"16:20:00";"BA";235;350;"JUAZEIRO";"Acesso irregular";"Colisão transversal";"Sem Vítimas";"Pleno dia";"Crescente";"Céu Claro";"Dupla";"Reta";"Sim";2;0;0;0;2;0;0;2;"-9.428865";"-40.50411";"SPRF-PE";"DEL06-PE";"UOP01-DEL06-PE"
658260;2025-01-30;"quinta-feira";"14:30:00";"SC";101;436,8;"SOMBRIO";"Acessar a via sem observar a presença dos outros veículos";"Colisão transversal";"Com Vítimas Feridas";"Pleno dia";"Decrescente";"Garoa/Chuvisco";"Simples";"Reta;Interseção de Vias;Viaduto;Declive";"Não";2;0;1;0;1;0;1;2;"-29.121432";"-49.642754";"SPRF-SC";"DEL02-SC";"UOP02-DEL02-SC"
658263;2025-01-30;"quinta-feira";"16:40:00";"PB";230;12;"CABEDELO";"Animais na Pista";"Atropelamento de Animal";"Com Vítimas Feridas";"Anoitecer";"Crescente";"Céu Claro";"Dupla";"Reta";"Sim";2;0;2;0;0;0;2;1;"-7.068";"-34.85";"SPRF-PB";"DEL01-PB";"UOP01-DEL01-PB"
658264;2025-01-30;"quinta-feira";"17:10:00";"MG";381;793;"SAO GONCALO DO SAPUCAI";"Velocidade Incompatível";"Saída de leito carroçável";"Com Vítimas Feridas";"Pleno dia";"Crescente";"Chuva";"Dupla";"Reta";"Não";2;0;2;0;0;0;2;1;"-21.92033716";"-45.60985394";"SPRF-MG";"DEL16-MG";"UOP02-DEL16-MG"
658265;2025-01-30;"quinta-feira";"17:20:00";"BA";116;415;"FEIRA DE SANTANA";"Acessar a via sem observar a presença dos outros veículos";"Colisão traseira";"Com Vítimas Feridas";"Pleno dia";"Decrescente";"Céu Claro";"Dupla";"Reta";"Sim";4;0;0;2;2;0;2;2;"-12.159639";"-38.9648641";"SPRF-BA";"DEL02-BA";"UOP01-DEL02-BA"
658266;2025-01-30;"quinta-feira";"17:20:00";"MG";40;824,9;"SIMAO PEREIRA";"Ausência de reação do condutor";"Saída de leito carroçável";"Com Vítimas Feridas";"Pleno dia";"Crescente";"Chuva";"Dupla";"Declive;Curva";"Não";1;0;1;0;0;0;1;1;"-21.989844";"-43.284436";"SPRF-MG";"DEL05-MG";"UOP01-DEL05-MG"
658267;2025-01-30;"quinta-feira";"17:11:00";"PB";230;16,7;"JOAO PESSOA";"Condutor deixou de manter distância do veículo da frente";"Colisão traseira";"Com Vítimas Feridas";"Pleno dia";"Decrescente";"Céu Claro";"Dupla";"Reta;Aclive";"Sim";3;0;1;0;2;0;1;3;"-7.1039";"-34.8458";"SPRF-PB";"DEL01-PB";"UOP01-DEL01-PB"
658272;2025-01-30;"quinta-feira";"17:15:00";"DF";40;7;"BRASILIA";"Acessar a via sem observar a presença dos outros veículos";"Atropelamento de Pedestre";"Com Vítimas Feridas";"Pleno dia";"Crescente";"Céu Claro";"Dupla";"Reta";"Sim";2;0;0;1;1;0;1;2;"-16.038666";"-47.979691";"SPRF-DF";"DEL01-DF";"UOP01-DEL01-DF"
658273;2025-01-30;"quinta-feira";"16:20:00";"SC";282;3,1;"FLORIANOPOLIS";"Reação tardia ou ineficiente do condutor";"Colisão lateral mesmo sentido";"Com Vítimas Feridas";"Pleno dia";"Crescente";"Céu Claro";"Múltipla";"Reta";"Sim";2;0;1;0;1;0;1;2;"-27.600384";"-48.599705";"SPRF-SC";"DEL01-SC";"UOP01-DEL01-SC"
658274;2025-01-30;"quinta-feira";"18:15:00";"MG";354;753,2;"ITAMONTE";"Manobra de mudança de faixa";"Colisão transversal";"Com Vítimas Feridas";"Anoitecer";"Crescente";"Chuva";"Simples";"Reta";"Sim";2;0;1;0;1;0;1;2;"-22.30074263";"-44.86208652";"SPRF-MG";"DEL17-MG";"UOP01-DEL17-MG"
658278;2025-01-30;"quinta-feira";"17:55:00";"RJ";493;0;"ITABORAI";"Conversão proibida";"Colisão lateral mesmo sentido";"Com Vítimas Feridas";"Pleno dia";"Crescente";"Garoa/Chuvisco";"Dupla";"Reta";"Não";3;0;1;0;2;0;1;2;"-22.77062";"-42.92223";"SPRF-RJ";"DEL02-RJ";"UOP02-DEL02-RJ"
658279;2025-01-30;"quinta-feira";"14:49:00";"RO";364;329;"PRESIDENTE MEDICI";"Ausência de reação do condutor";"Saída de leito carroçável";"Com Vítimas Feridas";"Pleno dia";"Decrescente";"Céu Claro";"Dupla";"Reta";"Não";2;0;1;0;1;0;1;1;"-10.99369301";"-61.91698046";"SPRF-RO";"DEL02-RO";"UOP01-DEL02-RO"
658280;2025-01-30;"quinta-feira";"13:50:00";"MT";163;729;"SORRISO";"Acostamento em desnível";"Saída de leito carroçável";"Sem Vítimas";"Pleno dia";"Crescente";"Nublado";"Simples";"Reta";"Não";6;0;0;0;6;0;0;1;"-12.69049987";"-55.80368042";"SPRF-MT";"DEL06-MT";"UOP01-DEL06-MT"
658281;2025-01-30;"quinta-feira";"18:30:00";"RS";392;16;"RIO GRANDE";"Ultrapassagem Indevida";"Queda de ocupante de veículo";"Com Vítimas Feridas";"Pleno dia";"Decrescente";"Céu Claro";"Simples";"Curva;Aclive";"Não";1;0;1;0;0;0;1;1;"-32.1024397";"-52.16347437";"SPRF-RS";"DEL07-RS";"UOP02-DEL07-RS"
658282;2025-01-30;"quinta-feira";"18:30:00";"SC";282;211,9;"LAGES";"Ausência de reação do condutor";"Colisão traseira";"Com Vítimas Feridas";"Anoitecer";"Crescente";"Céu Claro";"Simples";"Reta";"Não";5;0;1;0;4;0;1;2;"-27.780222";"-50.241741";"SPRF-SC";"DEL05-SC";"UOP01-DEL05-SC"
658284;2025-01-30;"quinta-feira";"18:50:00";"PB";230;21;"JOAO PESSOA";"Ausência de reação do condutor";"Colisão traseira";"Com Vítimas Feridas";"Plena Noite";"Decrescente";"Céu Claro";"Dupla";"Reta";"Sim";2;0;1;0;1;0;1;2;"-7.1415";"-34.8519";"SPRF-PB";"DEL01-PB";"UOP01-DEL01-PB"