"id";"data_inversa";"dia_semana";"horario";"uf";"br";"km";"municipio";"causa_acidente";"tipo_acidente";"classificacao_acidente";"fase_dia";"sentido_via";"condicao_metereologica";"tipo_pista";"tracado_via";"uso_solo";"pessoas";"mortos";"feridos_leves";"feridos_graves";"ilesos";"ignorados";"feridos";"veiculos";"latitude";"longitude";"regional";"delegacia";"uop"
658404;2025-01-31;"sexta-feira";"12:10:00";"PR";163;239,1;"TOLEDO";"Acessar a via sem observar a presença dos outros veículos";"Atropelamento de Pedestre";"Com Vítimas Fatais";"Pleno dia";"Crescente";"Céu Claro";"Dupla";"Aclive;Reta";"Não";2;1;0;0;1;0;0;2;"-24.729";"-53.702";"SPRF-PR";"DEL04-PR";"UOP01-DEL04-PR"
658405;2025-01-31;"sexta-feira";"07:30:00";"PR";369;138,9;"IBIPORA";"Animais na Pista";"Atropelamento de Animal";"Com Vítimas Feridas";"Pleno dia";"Crescente";"Garoa/Chuvisco";"Dupla";"Reta";"Sim";1;0;1;0;0;0;1;1;"-23.27389391";"-51.05705023";"SPRF-PR";"DEL07-PR";"UOP01-DEL07-PR"
658406;2025-01-31;"sexta-feira";"13:10:00";"RJ";116;187;"NOVA IGUACU";"Trafegar com motocicleta (ou similar) entre as faixas";"Colisão traseira";"Com Vítimas Feridas";"Pleno dia";"Crescente";"Nublado";"Dupla";"Reta";"Sim";3;0;2;0;1;0;2;2;"-22.73883756";"-43.47245197";"SPRF-RJ";"DEL06-RJ";"UOP01-DEL06-RJ"
658407;2025-01-31;"sexta-feira";"11:00:00";"GO";153;352,9;"JARAGUA";"Avarias e/ou desgaste excessivo no pneu";"Saída de leito carroçável";"Com Vítimas Feridas";"Pleno dia";"Crescente";"Chuva";"Simples";"Curva";"Sim";2;0;2;0;0;0;2;1;"-15.682164";"-49.341423";"SPRF-GO";"DEL02-GO";"UOP02-DEL02-GO"
658409;2025-01-31;"sexta-feira";"13:00:00";"MG";381;782,8;"CAMPANHA";"Chuva";"Saída de leito carroçável";"Com Vítimas Feridas";"Pleno dia";"Crescente";"Chuva";"Dupla";"Curva";"Não";2;0;1;0;1;0;1;1;"-21.85981403";"-45.52590597";"SPRF-MG";"DEL16-MG";"UOP02-DEL16-MG"
658410;2025-01-31;"sexta-feira";"07:55:00";"SC";480;129,8;"CHAPECO";"Reação tardia ou ineficiente do condutor";"Colisão traseira";"Com Vítimas Feridas";"Pleno dia";"Decrescente";"Céu Claro";"Simples";"Reta;Declive";"Não";2;0;1;0;1;0;1;2;"-27.04656607";"-52.63577131";"SPRF-SC";"DEL07-SC";"UOP01-DEL07-SC"
658411;2025-01-31;"sexta-feira";"13:50:00";"SC";101;215;"PALHOCA";"Acessar a via sem observar a presença dos outros veículos";"Colisão transversal";"Com Vítimas Feridas";"Pleno dia";"Crescente";"Sol";"Múltipla";"Interseção de Vias;Reta";"Sim";2;0;0;1;1;0;1;2;"-27.65184843";"-48.67604941";"SPRF-SC";"DEL01-SC";"UOP02-DEL01-SC"
658413;2025-01-31;"sexta-feira";"14:15:00";"RJ";116;184;"NOVA IGUACU";"Ausência de reação do condutor";"Colisão traseira";"Com Vítimas Feridas";"Pleno dia";"Decrescente";"Céu Claro";"Dupla";"Reta";"Não";3;0;1;0;2;0;1;3;"-22.74647215";"-43.44594311";"SPRF-RJ";"DEL06-RJ";"UOP01-DEL06-RJ"
658414;2025-01-31;"sexta-feira";"10:20:00";"SC";480;131,1;"CHAPECO";"Reação tardia ou ineficiente do condutor";"Colisão traseira";"Com Vítimas Feridas";"Pleno dia";"Decrescente";"Sol";"Dupla";"Curva;Aclive";"Não";2;0;0;1;1;0;1;2;"-27.06314223";"-52.63234636";"SPRF-SC";"DEL07-SC";"UOP01-DEL07-SC"
658415;2025-01-31;"sexta-feira";"10:45:00";"RJ";465;21;"NOVA IGUACU";"Acesso irregular";"Colisão transversal";"Com Vítimas Feridas";"Pleno dia";"Crescente";"Sol";"Simples";"Reta";"Sim";2;0;1;0;1;0;1;2;"-22.854782";"-43.601933";"SPRF-RJ";"DEL06-RJ";"UOP02-DEL06-RJ"
658417;2025-01-31;"sexta-feira";"13:00:00";"PB";104;149,9;"QUEIMADAS";"Acessar a via sem observar a presença dos outros veículos";"Colisão transversal";"Com Vítimas Feridas";"Pleno dia";"Decrescente";"Sol";"Simples";"Reta";"Não";2;0;1;0;1;0;1;2;"-7.45300306";"-35.91331495";"SPRF-PB";"DEL02-PB";"UOP03-DEL02-PB"
658418;2025-01-31;"sexta-feira";"14:35:00";"GO";50;268;"CATALAO";"Avarias e/ou desgaste excessivo no pneu";"Saída de leito carroçável";"Com Vítimas Feridas";"Pleno dia";"Decrescente";"Chuva";"Dupla";"Declive";"Não";1;0;1;0;0;0;1;1;"-18.0944";"-47.8761";"SPRF-GO";"DEL06-GO";"UOP01-DEL06-GO"
658422;2025-01-31;"sexta-feira";"14:30:00";"MG";40;507;"RIBEIRAO DAS NEVES";"Avarias e/ou desgaste excessivo no pneu";"Saída de leito carroçável";"Com Vítimas Feridas";"Pleno dia";"Decrescente";"Chuva";"Dupla";"Reta";"Sim";1;0;1;0;0;0;1;1;"-19.75431705";"-44.14152606";"SPRF-MG";"DEL02-MG";"UOP01-DEL02-MG"
658424;2025-01-31;"sexta-feira";"15:29:00";"PE";101;78;"JABOATAO DOS GUARARAPES";"Transitar no Acostamento";"Atropelamento de Pedestre";"Com Vítimas Feridas";"Pleno dia";"Crescente";"Céu Claro";"Dupla";"Reta";"Sim";3;0;0;1;0;2;1;2;"-8.13496499";"-34.94738614";"SPRF-PE";"DEL01-PE";"UOP01-DEL01-PE"
658427;2025-01-31;"sexta-feira";"15:30:00";"SC";282;20,3;"PALHOCA";"Reação tardia ou ineficiente do condutor";"Tombamento";"Com Vítimas Feridas";"Pleno dia";"Decrescente";"Céu Claro";"Simples";"Reta";"Não";1;0;1;0;0;0;1;1;"-27.683958";"-48.71006";"SPRF-SC";"DEL01-SC";"UOP02-DEL01-SC"
658428;2025-01-31;"sexta-feira";"15:36:00";"PE";101;71;"RECIFE";"Condutor deixou de manter distância do veículo da frente";"Colisão traseira";"Com Vítimas Feridas";"Pleno dia";"Decrescente";"Céu Claro";"Dupla";"Reta";"Sim";2;0;1;0;1;0;1;2;"-8.07667";"-34.94278";"SPRF-PE";"DEL01-PE";"UOP01-DEL01-PE"
658430;2025-01-31;"sexta-feira";"16:15:00";"SC";101;215,1;"PALHOCA";"Desrespeitar a preferência no cruzamento";"Colisão lateral mesmo sentido";"Com Vítimas Feridas";"Pleno dia";"Crescente";"Céu Claro";"Dupla";"Declive;Reta";"Não";3;0;2;0;1;0;2;2;"-27.65184843";"-48.67604941";"SPRF-SC";"DEL01-SC";"UOP02-DEL01-SC"
658432;2025-01-31;"sexta-feira";"14:57:00";"MT";163;833;"SINOP";"Reação tardia ou ineficiente do condutor";"Colisão traseira";"Com Vítimas Feridas";"Pleno dia";"Crescente";"Nublado";"Simples";"Reta";"Sim";2;0;1;0;1;0;1;2;"-11.87191505";"-55.49791044";"SPRF-MT";"DEL06-MT";"UOP02-DEL06-MT"
658433;2025-01-31;"sexta-feira";"16:20:00";"PB";230;11,6;"CABEDELO";"Reação tardia ou ineficiente do condutor";"Tombamento";"Com Vítimas Feridas";"Pleno dia";"Decrescente";"Céu Claro";"Dupla";"Reta";"Sim";2;0;1;1;0;0;2;1;"-7.0596";"-34.8506";"SPRF-PB";"DEL01-PB";"UOP01-DEL01-PB"
658434;2025-01-31;"sexta-feira";"16:08:00";"SP";101;50;"UBATUBA";"Acessar a via sem observar a presença dos outros veículos";"Colisão transversal";"Com Vítimas Feridas";"Pleno dia";"Crescente";"Nublado";"Simples";"Reta";"Não";3;0;2;0;0;1;2;2;"-23.45018939";"-45.07743735";"SPRF-SP";"DEL06-SP";"UOP01-DEL06-SP"
658435;2025-01-31;"sexta-feira";"13:40:00";"CE";116;496,9;"BREJO SANTO";"Ultrapassagem Indevida";"Colisão frontal";"Com Vítimas Feridas";"Pleno dia";"Crescente";"Céu Claro";"Simples";"Reta";"Não";3;0;0;2;1;0;2;2;"-7.40957269";"-38.96640755";"SPRF-CE";"DEL05-CE";"UOP03-DEL05-CE"
658436;2025-01-31;"sexta-feira";"11:00:00";"MG";365;156;"PIRAPORA";"Avarias e/ou desgaste excessivo no pneu";"Colisão com objeto";"Com Vítimas Feridas";"Pleno dia";"Crescente";"Chuva";"Simples";"Reta";"Não";3;0;3;0;0;0;3;1;"-17.33324402";"-44.89769078";"SPRF-MG";"DEL10-MG";"UOP02-DEL010-MG"
658437;2025-01-31;"sexta-feira";"16:15:00";"SP";116;212;"GUARULHOS";"Condutor usando celular";"Colisão traseira";"Com Vítimas Feridas";"Pleno dia";"Crescente";"Céu Claro";"Múltipla";"Reta";"Sim";2;0;1;0;1;0;1;2;"-23.43608315";"-46.42805094";"SPRF-SP";"DEL01-SP";"UOP01-DEL01-SP"
658439;2025-01-31;"sexta-feira";"16:30:00";"RS";116;247;"SAO LEOPOLDO";"Acessar a via sem observar a presença dos outros veículos";"Colisão transversal";"Com Vítimas Feridas";"Pleno dia";"Crescente";"Céu Claro";"Dupla";"Interseção de Vias";"Sim";2;0;0;1;1;0;1;2;"-29.76733091";"-51.1535296";"SPRF-RS";"DEL01-RS";"UOP02-DEL01-RS"
658440;2025-01-31;"sexta-feira";"15:30:00";"SC";282;16,3;"PALHOCA";"Acessar a via sem observar a presença dos outros veículos";"Atropelamento de Pedestre";"Com Vítimas Feridas";"Pleno dia";"Crescente";"Céu Claro";"Simples";"Reta";"Sim";2;0;1;0;1;0;1;2;"-27.658611";"-48.681847";"SPRF-SC";"DEL01-SC";"UOP02-DEL01-SC"
658442;2025-01-31;"sexta-feira";"15:55:00";"RS";470;254;"SALVADOR DO SUL";"Conversão proibida";"Colisão transversal";"Com Vítimas Feridas";"Pleno dia";"Crescente";"Céu Claro";"Simples";"Curva";"Não";2;0;1;0;1;0;1;2;"-29.40393116";"-51.51140849";"SPRF-RS";"DEL06-RS";"UOP01-DEL06-RS"
658443;2025-01-31;"sexta-feira";"16:40:00";"PR";277;730;"FOZ DO IGUACU";"Trafegar com motocicleta (ou similar) entre as faixas";"Colisão lateral sentido oposto";"Com Vítimas Feridas";"Pleno dia";"Crescente";"Céu Claro";"Simples";"Reta";"Sim";1;0;1;0;0;0;1;1;"-25.50826305";"-54.59238593";"SPRF-PR";"DEL05-PR";"UOP03-DEL05-PR"
658445;2025-01-31;"sexta-feira";"16:50:00";"RS";386;310;"MARQUES DE SOUZA";"Afundamento ou ondulação no pavimento";"Tombamento";"Com Vítimas Feridas";"Pleno dia";"Decrescente";"Sol";"Simples";"Reta";"Não";1;0;1;0;0;0;1;1;"-29.224421";"-52.1721";"SPRF-RS";"DEL04-RS";"UOP01-DEL04-RS"
658446;2025-01-31;"sexta-feira";"16:00:00";"ES";101;267,1;"SERRA";"Velocidade Incompatível";"Colisão traseira";"Com Vítimas Feridas";"Pleno dia";"Decrescente";"Sol";"Múltipla";"Reta";"Sim";2;0;1;0;1;0;1;2;"-20.19930999";"-40.26884609";"SPRF-ES";"DEL02-ES";"UOP01-DEL02-ES"
658448;2025-01-31;"sexta-feira";"11:30:00";"PB";104;140;"QUEIMADAS";"Pedestre cruzava a pista fora da faixa";"Atropelamento de Pedestre";"Sem Vítimas";"Pleno dia";"Crescente";"Céu Claro";"Simples";"Reta";"Não";1;0;0;0;1;0;0;1;"-7.37817097";"-35.89737088";"SPRF-PB";"DEL02-PB";"UOP03-DEL02-PB"
658449;2025-01-31;"sexta-feira";"14:00:00";"MG";381;812;"CAREACU";"Velocidade Incompatível";"Saída de leito carroçável";"Com Vítimas Feridas";"Pleno dia";"Crescente";"Nublado";"Dupla";"Reta";"Não";5;0;1;4;0;0;5;1;"-22.06199504";"-45.70068392";"SPRF-MG";"DEL16-MG";"UOP02-DEL16-MG"
658450;2025-01-31;"sexta-feira";"17:25:00";"SC";101;204,8;"SAO JOSE";"Manobra de mudança de faixa";"Colisão lateral mesmo sentido";"Com Vítimas Feridas";"Pleno dia";"Crescente";"Céu Claro";"Dupla";"Reta";"Sim";2;0;0;1;1;0;1;2;"-27.57413014";"-48.61363083";"SPRF-SC";"DEL01-SC";"UOP01-DEL01-SC"
658452;2025-01-31;"sexta-feira";"10:00:00";"PI";135;367;"BOM JESUS";"Animais na Pista";"Atropelamento de Animal";"Sem Vítimas";"Pleno dia";"Decrescente";"Nublado";"Simples";"Reta";"Não";3;0;0;0;3;0;0;1;"-9.16853448";"-44.42098618";"SPRF-PI";"DEL03-PI";"UOP02-DEL03-PI"
658453;2025-01-31;"sexta-feira";"14:30:00";"SC";280;56;"GUARAMIRIM";"Acessar a via sem observar a presença dos outros veículos";"Colisão transversal";"Sem Vítimas";"Pleno dia";"Crescente";"Nublado";"Múltipla";"Interseção de Vias";"Sim";2;0;0;0;2;0;0;2;"-26.47947677";"-49.00298702";"SPRF-SC";"DEL03-SC";"UOP03-DEL03-SC"
658455;2025-01-31;"sexta-feira";"14:14:00";"SC";470;24,5;"ILHOTA";"Ingestão de álcool pelo condutor";"Capotamento";"Com Vítimas Feridas";"Pleno dia";"Decrescente";"Nublado";"Dupla";"Reta";"Não";2;0;1;0;1;0;1;1;"-26.881754";"-48.856251";"SPRF-SC";"DEL04-SC";"UOP04-DEL04-SC"
658456;2025-01-31;"sexta-feira";"15:53:00";"SP";116;288;"ITAPECERICA DA SERRA";"Condutor deixou de manter distância do veículo da frente";"Colisão traseira";"Sem Vítimas";"Pleno dia";"Crescente";"Chuva";"Simples";"Reta";"Não";4;0;0;0;4;0;0;4;"-23.719254";"-46.883144";"SPRF-SP";"DEL04-SP";"UOP01-DEL04-SP"
658457;2025-01-31;"sexta-feira";"17:15:00";"PR";369;182;"ARAPONGAS";"Acesso irregular";"Colisão transversal";"Com Vítimas Feridas";"Pleno dia";"Crescente";"Céu Claro";"Simples";"Reta";"Sim";3;0;3;0;0;0;3;2;"-23.38659271";"-51.42026424";"SPRF-PR";"DEL07-PR";"UOP03-DEL07-PR"
658458;2025-01-31;"sexta-feira";"08:50:00";"PR";376;472;"PONTA GROSSA";"Objeto estático sobre o leito carroçável";"Colisão com objeto";"Sem Vítimas";"Pleno dia";"Decrescente";"Nublado";"Dupla";"Curva";"Não";1;0;0;0;1;0;0;1;"-25.025067";"-50.316776";"SPRF-PR";"DEL03-PR";"UOP01-DEL03-PR"
658459;2025-01-31;"sexta-feira";"17:19:00";"RO";364;708;"PORTO VELHO";"Condutor deixou de manter distância do veículo da frente";"Colisão traseira";"Sem Vítimas";"Pleno dia";"Decrescente";"Chuva";"Dupla";"Reta";"Não";3;0;0;0;3;0;0;3;"-8.79554083";"-63.84072487";"SPRF-RO";"DEL01-RO";"UOP01-DEL01-RO"
658460;2025-01-31;"sexta-feira";"17:00:00";"MS";60;132;"PARAISO DAS AGUAS";"Velocidade Incompatível";"Saída de leito carroçável";"Com Vítimas Fatais";"Pleno dia";"Crescente";"Ignorado";"Simples";"Reta";"Não";1;1;0;0;0;0;0;1;"-19.34808118";"-53.50681795";"SPRF-MS";"DEL06-MS";"UOP02-DEL06-MS"
658461;2025-01-31;"sexta-feira";"16:50:00";"PR";116;88;"PIRAQUARA";"Avarias e/ou desgaste excessivo no pneu";"Tombamento";"Com Vítimas Feridas";"Pleno dia";"Crescente";"Chuva";"Dupla";"Reta";"Não";2;0;2;0;0;0;2;1;"-25.4781119";"-49.0995215";"SPRF-PR";"DEL01-PR";"UOP07-DEL01-PR"
658462;2025-01-31;"sexta-feira";"18:00:00";"RS";285;118,9;"VACARIA";"Reação tardia ou ineficiente do condutor";"Engavetamento";"Com Vítimas Feridas";"Pleno dia";"Crescente";"Céu Claro";"Simples";"Reta";"Sim";3;0;1;0;2;0;1;3;"-28.508183";"-50.912724";"SPRF-RS";"DEL05-RS";"UOP03-DEL05-RS"
658463;2025-01-31;"sexta-feira";"17:00:00";"RJ";40;93;"PETROPOLIS";"Pista Escorregadia";"Saída de leito carroçável";"Com Vítimas Feridas";"Pleno dia";"Crescente";"Chuva";"Simples";"Curva";"Não";2;0;1;0;1;0;1;1;"-22.5554282";"-43.25829998";"SPRF-RJ";"DEL01-RJ";"UOP01-DEL01-RJ"
658466;2025-01-31;"sexta-feira";"18:20:00";"ES";262;43,5;"DOMINGOS MARTINS";"Desrespeitar a preferência no cruzamento";"Colisão lateral mesmo sentido";"Com Vítimas Feridas";"Anoitecer";"Decrescente";"Céu Claro";"Simples";"Reta";"Não";2;0;1;0;1;0;1;2;"-20.38785088";"-40.66825021";"SPRF-ES";"DEL01-ES";"UOP01-DEL01-ES"
658467;2025-01-31;"sexta-feira";"17:00:00";"SC";101;41,5;"JOINVILLE";"Trafegar com motocicleta (ou similar) entre as faixas";"Colisão traseira";"Com Vítimas Feridas";"Pleno dia";"Crescente";"Chuva";"Dupla";"Reta;Viaduto;Declive";"Sim";2;0;1;0;1;0;1;2;"-26.28215489";"-48.88973081";"SPRF-SC";"DEL03-SC";"UOP01-DEL03-SC"
658469;2025-01-31;"sexta-feira";"18:20:00";"ES";101;266,9;"SERRA";"Ausência de reação do condutor";"Colisão lateral mesmo sentido";"Com Vítimas Feridas";"Anoitecer";"Decrescente";"Céu Claro";"Dupla";"Reta";"Sim";2;0;1;0;1;0;1;2;"-20.190199";"-40.26828891";"SPRF-ES";"DEL02-ES";"UOP01-DEL02-ES"
658470;2025-01-31;"sexta-feira";"17:59:00";"PE";101;82,2;"JABOATAO DOS GUARARAPES";"Condutor deixou de manter distância do veículo da frente";"Colisão traseira";"Com Vítimas Feridas";"Plena Noite";"Crescente";"Céu Claro";"Dupla";"Reta";"Sim";3;0;1;0;2;0;1;2;"-8.170196";"-34.93808";"SPRF-PE";"DEL01-PE";"UOP01-DEL01-PE"
658471;2025-01-31;"sexta-feira";"18:30:00";"SC";282;24,3;"SANTO AMARO DA IMPERATRIZ";"Reação tardia ou ineficiente do condutor";"Colisão traseira";"Com Vítimas Feridas";"Anoitecer";"Decrescente";"Nublado";"Simples";"Reta";"Sim";2;0;1;0;1;0;1;2;"-27.68268";"-48.744614";"SPRF-SC";"DEL01-SC";"UOP03-DEL01-SC"
658472;2025-01-31;"sexta-feira";"18:15:00";"SP";116;226;"GUARULHOS";"Ausência de reação do condutor";"Colisão traseira";"Com Vítimas Feridas";"Pleno dia";"Decrescente";"Nublado";"Múltipla";"Reta;Interseção de Vias";"Não";3;0;0;2;1;0;2;2;"-23.49660266";"-46.55649126";"SPRF-SP";"DEL01-SP";"UOP01-DEL01-SP"
658473;2025-01-31;"sexta-feira";"18:05:00";"SP";116;330;"JUQUITIBA";"Chuva";"Colisão com objeto";"Com Vítimas Feridas";"Anoitecer";"Decrescente";"Chuva";"Dupla";"Reta";"Não";2;0;1;0;1;0;1;2;"-23.9442931";"-47.09668891";"SPRF-SP";"DEL04-SP";"UOP03-DEL04-SP"
658476;2025-01-31;"sexta-feira";"18:40:00";"CE";304;46;"ARACATI";"Pedestre andava na pista";"Tombamento";"Com Vítimas Feridas";"Plena Noite";"Decrescente";"Céu Claro";"Simples";"Reta;Interseção de Vias";"Não";2;0;2;0;0;0;2;1;"-4.57510003";"-37.79823699";"SPRF-CE";"DEL03-CE";"UOP03-DEL03-CE"
658481;2025-01-31;"sexta-feira";"17:50:00";"SC";282;16,3;"PALHOCA";"Acessar a via sem observar a presença dos outros veículos";"Colisão transversal";"Com Vítimas Feridas";"Pleno dia";"Decrescente";"Céu Claro";"Simples";"Reta";"Não";3;0;2;0;1;0;2;2;"-27.658611";"-48.681847";"SPRF-SC";"DEL01-SC";"UOP02-DEL01-SC"
658482;2025-01-31;"sexta-feira";"18:35:00";"PR";369;426,5;"UBIRATA";"Ultrapassagem Indevida";"Colisão frontal";"Com Vítimas Feridas";"Anoitecer";"Decrescente";"Céu Claro";"Simples";"Curva";"Não";2;0;1;1;0;0;2;2;"-24.533382";"-52.948482";"SPRF-PR";"DEL04-PR";"UOP03-DEL04-PR"
658484;2025-01-31;"sexta-feira";"19:57:00";"ES";101;268;"SERRA";"Ausência de reação do condutor";"Saída de leito carroçável";"Com Vítimas Feridas";"Plena Noite";"Crescente";"Céu Claro";"Dupla";"Reta";"Sim";1;0;1;0;0;0;1;1;"-20.20842";"-40.269405";"SPRF-ES";"DEL02-ES";"UOP01-DEL02-ES"
658485;2025-01-31;"sexta-feira";"19:50:00";"PB";230;21,8;"JOAO PESSOA";"Manobra de mudança de faixa";"Colisão traseira";"Com Vítimas Feridas";"Plena Noite";"Decrescente";"Céu Claro";"Dupla";"Reta";"Sim";2;0;1;0;1;0;1;2;"-7.15042837";"-34.85243082";"SPRF-PB";"DEL01-PB";"UOP01-DEL01-PB"
658487;2025-01-31;"sexta-feira";"19:20:00";"RJ";40;121;"DUQUE DE CAXIAS";"Ausência de reação do condutor";"Colisão traseira";"Com Vítimas Feridas";"Plena Noite";"Decrescente";"Chuva";"Múltipla";"Reta";"Sim";2;0;1;0;1;0;1;2;"-22.78185499";"-43.28571273";"SPRF-RJ";"DEL01-RJ";"UOP02-DEL01-RJ"
658490;2025-01-31;"sexta-feira";"19:15:00";"PI";343;306;"ALTOS";"Acessar a via sem observar a presença dos outros veículos";"Colisão transversal";"Com Vítimas Feridas";"Plena Noite";"Decrescente";"Céu Claro";"Simples";"Reta";"Sim";2;0;0;1;1;0;1;2;"-5.038756";"-42.450893";"SPRF-PI";"DEL01-PI";"UOP01-DEL01-PI"
658492;2025-01-31;"sexta-feira";"20:30:00";"PE";428;189;"PETROLINA";"Reação tardia ou ineficiente do condutor";"Colisão traseira";"Com Vítimas Feridas";"Plena Noite";"Crescente";"Céu Claro";"Múltipla";"Interseção de Vias";"Sim";2;0;1;0;1;0;1;2;"-9.37197508";"-40.48679585";"SPRF-PE";"DEL06-PE";"UOP01-DEL06-PE"
658495;2025-01-31;"sexta-feira";"20:55:00";"SC";101;210,9;"SAO JOSE";"Demais falhas mecânicas ou elétricas";"Tombamento";"Com Vítimas Feridas";"Plena Noite";"Crescente";"Nublado";"Múltipla";"Reta";"Sim";3;0;1;1;1;0;2;3;"-27.6167305";"-48.6457265";"SPRF-SC";"DEL01-SC";"UOP01-DEL01-SC"
658496;2025-01-31;"sexta-feira";"16:07:00";"AC";364;272;"SENA MADUREIRA";"Acesso irregular";"Colisão transversal";"Com Vítimas Feridas";"Pleno dia";"Decrescente";"Céu Claro";"Simples";"Reta";"Sim";3;0;2;0;1;0;2;2;"-9.08147284";"-68.65945397";"SPRF-AC";"DEL01-AC";"UOP01-DEL01-AC"
658497;2025-01-31;"sexta-feira";"20:15:00";"SP";116;515;"BARRA DO TURVO";"Reação tardia ou ineficiente do condutor";"Tombamento";"Com Vítimas Feridas";"Plena Noite";"Crescente";"Chuva";"Simples";"Curva";"Não";3;0;1;0;2;0;1;1;"-24.86704083";"-48.21738184";"SPRF-SP";"DEL05-SP";"UOP02-DEL05-SP"
658498;2025-01-31;"sexta-feira";"18:30:00";"MG";381;532,1;"ITATIAIUCU";"Ausência de reação do condutor";"Saída de leito carroçável";"Com Vítimas Feridas";"Pleno dia";"Crescente";"Nublado";"Dupla";"Curva";"Não";4;0;1;0;3;0;1;3;"-20.1904316";"-44.38268793";"SPRF-MG";"DEL04-MG";"UOP03-DEL04-MG"
658499;2025-01-31;"sexta-feira";"17:33:00";"RO";364;10;"VILHENA";"Acessar a via sem observar a presença dos outros veículos";"Colisão transversal";"Com Vítimas Feridas";"Pleno dia";"Decrescente";"Céu Claro";"Simples";"Reta";"Não";2;0;2;0;0;0;2;2;"-12.75194006";"-60.10600907";"SPRF-RO";"DEL04-RO";"UOP01-DEL04-RO"
658501;2025-01-31;"sexta-feira";"19:00:00";"PR";376;383,9;"IMBAU";"Velocidade Incompatível";"Colisão com objeto";"Com Vítimas Feridas";"Anoitecer";"Decrescente";"Chuva";"Dupla";"Curva;Declive";"Não";2;0;2;0;0;0;2;1;"-24.43007005";"-50.76607347";"SPRF-PR";"DEL03-PR";"UOP02-DEL03-PR"
658502;2025-01-31;"sexta-feira";"21:20:00";"MG";40;627,6;"CONSELHEIRO LAFAIETE";"Conversão proibida";"Colisão transversal";"Com Vítimas Feridas";"Plena Noite";"Crescente";"Garoa/Chuvisco";"Simples";"Reta";"Sim";2;0;0;1;1;0;1;2;"-20.6447866";"-43.81092424";"SPRF-MG";"DEL05-MG";"UOP02-DEL05-MG"
658503;2025-01-23;"quinta-feira";"15:15:00";"RS";285;131,4;"VACARIA";"Reação tardia ou ineficiente do condutor";"Colisão transversal";"Com Vítimas Feridas";"Pleno dia";"Crescente";"Céu Claro";"Simples";"Reta;Retorno Regulamentado";"Não";4;0;2;0;2;0;2;2;"-28.442188";"-50.996849";"SPRF-RS";"DEL05-RS";"UOP03-DEL05-RS"
658505;2025-01-31;"sexta-feira";"21:55:00";"RN";304;32;"MOSSORO";"Animais na Pista";"Atropelamento de Animal";"Com Vítimas Feridas";"Plena Noite";"Crescente";"Céu Claro";"Dupla";"Reta";"Não";2;0;1;0;0;1;1;1;"-5.13471117";"-37.34486327";"SPRF-RN";"DEL04-RN";"UOP02-DEL04-RN"
658506;2025-01-31;"sexta-feira";"19:00:00";"RO";364;342,8;"JI-PARANA";"Conversão proibida";"Colisão transversal";"Com Vítimas Feridas";"Plena Noite";"Crescente";"Céu Claro";"Dupla";"Aclive;Reta";"Sim";4;0;3;0;1;0;3;2;"-10.878778";"-61.94499";"SPRF-RO";"DEL02-RO";"UOP01-DEL02-RO"
658508;2025-01-31;"sexta-feira";"20:00:00";"SC";280;179,3;"MAFRA";"Ausência de reação do condutor";"Colisão traseira";"Sem Vítimas";"Plena Noite";"Decrescente";"Céu Claro";"Simples";"Declive;Reta";"Não";2;0;0;0;2;0;0;2;"-26.17768641";"-49.87831496";"SPRF-SC";"DEL06-SC";"UOP01-DEL06-SC"
658509;2025-01-31;"sexta-feira";"22:28:00";"SC";470;58;"BLUMENAU";"Transitar no Acostamento";"Colisão frontal";"Com Vítimas Feridas";"Plena Noite";"Crescente";"Céu Claro";"Simples";"Desvio Temporário;Em Obras";"Não";4;0;0;1;2;1;1;3;"-26.883879";"-49.145622";"SPRF-SC";"DEL04-SC";"UOP01-DEL04-SC"
658510;2025-01-31;"sexta-feira";"21:30:00";"MG";40;512;"RIBEIRAO DAS NEVES";"Demais falhas mecânicas ou elétricas";"Incêndio";"Sem Vítimas";"Plena Noite";"Crescente";"Céu Claro";"Dupla";"Reta";"Não";1;0;0;0;1;0;0;1;"-19.78946999";"-44.11290699";"SPRF-MG";"DEL01-MG";"UOP02-DEL01-MG"
658511;2025-01-31;"sexta-feira";"22:35:00";"PR";116;124;"FAZENDA RIO GRANDE";"Mal súbito do condutor";"Queda de ocupante de veículo";"Com Vítimas Feridas";"Plena Noite";"Decrescente";"Chuva";"Dupla";"Reta";"Não";1;0;1;0;0;0;1;1;"-25.58620703";"-49.31436887";"SPRF-PR";"DEL01-PR";"UOP03-DEL01-PR"
658512;2025-01-31;"sexta-feira";"21:50:00";"SP";116;144;"SAO JOSE DOS CAMPOS";"Reação tardia ou ineficiente do condutor";"Colisão traseira";"Com Vítimas Feridas";"Plena Noite";"Crescente";"Nublado";"Múltipla";"Reta;Aclive";"Sim";3;0;1;0;1;1;1;2;"-23.18274416";"-45.84633592";"SPRF-SP";"DEL02-SP";"UOP01-DEL02-SP"
658513;2025-01-31;"sexta-feira";"22:40:00";"PR";369;194;"ARAPONGAS";"Reação tardia ou ineficiente do condutor";"Colisão com objeto";"Com Vítimas Feridas";"Plena Noite";"Crescente";"Céu Claro";"Dupla";"Reta";"Sim";1;0;0;1;0;0;1;1;"-23.47547575";"-51.42368316";"SPRF-PR";"DEL07-PR";"UOP03-DEL07-PR"