"id";"data_inversa";"dia_semana";"horario";"uf";"br";"km";"municipio";"causa_acidente";"tipo_acidente";"classificacao_acidente";"fase_dia";"sentido_via";"condicao_metereologica";"tipo_pista";"tracado_via";"uso_solo";"pessoas";"mortos";"feridos_leves";"feridos_graves";"ilesos";"ignorados";"feridos";"veiculos";"latitude";"longitude";"regional";"delegacia";"uop"
658514;2025-01-31;"sexta-feira";"18:50:00";"RJ";101;333;"RIO DE JANEIRO";"Ausência de reação do condutor";"Queda de ocupante de veículo";"Com Vítimas Feridas";"Plena Noite";"Decrescente";"Chuva";"Múltipla";"Reta";"Não";1;0;1;0;0;0;1;1;"-22.87827816";"-43.21053578";"SPRF-RJ";"DEL02-RJ";"UOP01-DEL02-RJ"
658515;2025-01-31;"sexta-feira";"22:00:00";"MS";163;486;"CAMPO GRANDE";"Animais na Pista";"Atropelamento de Animal";"Com Vítimas Feridas";"Plena Noite";"Decrescente";"Chuva";"Dupla";"Reta";"Não";1;0;1;0;0;0;1;1;"-20.4336361";"-54.54376745";"SPRF-MS";"DEL01-MS";"UOP02-DEL01-MS"
658517;2025-01-31;"sexta-feira";"21:15:00";"MT";364;305,3;"JACIARA";"Acumulo de água sobre o pavimento";"Saída de leito carroçável";"Com Vítimas Feridas";"Plena Noite";"Decrescente";"Chuva";"Dupla";"Reta";"Não";5;0;4;1;0;0;5;1;"-15.82596627";"-55.1950521";"SPRF-MT";"DEL05-MT";"UOP02-DEL05-MT"
658518;2025-01-31;"sexta-feira";"23:00:00";"PB";230;153;"CAMPINA GRANDE";"Demais falhas na via";"Colisão frontal";"Com Vítimas Feridas";"Plena Noite";"Decrescente";"Céu Claro";"Simples";"Interseção de Vias;Rotatória;Desvio Temporário;Em Obras";"Não";2;0;0;1;1;0;1;2;"-7.2763";"-35.8887";"SPRF-PB";"DEL02-PB";"UOP01-DEL02-PB"
658520;2025-01-31;"sexta-feira";"23:15:00";"SC";470;322,8;"CAMPOS NOVOS";"Reação tardia ou ineficiente do condutor";"Saída de leito carroçável";"Sem Vítimas";"Plena Noite";"Decrescente";"Céu Claro";"Simples";"Reta";"Não";1;0;0;0;1;0;0;1;"-27.429661";"-51.243233";"SPRF-SC";"DEL07-SC";"UOP06-DEL07-SC"
658563;2025-01-31;"sexta-feira";"16:30:00";"BA";367;57;"PORTO SEGURO";"Chuva";"Colisão com objeto";"Com Vítimas Feridas";"Pleno dia";"Decrescente";"Chuva";"Simples";"Reta";"Não";1;0;1;0;0;0;1;1;"-16.38873974";"-39.35713702";"SPRF-BA";"DEL09-BA";"UOP03-DEL09-BA"
658571;2025-01-17;"sexta-feira";"17:40:00";"PR";376;438,5;"TIBAGI";"Ausência de reação do condutor";"Colisão com objeto";"Com Vítimas Fatais";"Anoitecer";"Decrescente";"Chuva";"Dupla";"Curva;Aclive";"Não";6;1;0;0;4;1;0;3;"-24.79525";"-50.49555";"SPRF-PR";"DEL03-PR";"UOP02-DEL03-PR"
658580;2025-01-12;"domingo";"15:30:00";"MG";40;671;"CARANDAI";"Chuva";"Saída de leito carroçável";"Com Vítimas Feridas";"Pleno dia";"Crescente";"Chuva";"Simples";"Reta";"Não";2;0;0;1;0;1;1;2;"-20.97451232";"-43.78312725";"SPRF-MG";"DEL05-MG";"UOP02-DEL05-MG"
658583;2025-01-16;"quinta-feira";"13:10:00";"PA";163;572;"TRAIRAO";"Acessar a via sem observar a presença dos outros veículos";"Colisão transversal";"Com Vítimas Feridas";"Pleno dia";"Decrescente";"Nublado";"Simples";"Reta;Declive";"Não";4;0;0;1;3;0;1;2;"-5.04193667";"-56.18318859";"SPRF-PA";"DEL05-PA";"UOP03-DEL05-PA"
658624;2025-01-31;"sexta-feira";"14:00:00";"CE";116;46;"PACAJUS";"Acumulo de areia ou detritos sobre o pavimento";"Tombamento";"Com Vítimas Feridas";"Pleno dia";"Crescente";"Céu Claro";"Dupla";"Retorno Regulamentado";"Não";1;0;1;0;0;0;1;1;"-4.14849127";"-38.47814267";"SPRF-CE";"DEL01-CE";"UOP02-DEL01-CE"
658630;2025-01-06;"segunda-feira";"05:50:00";"ES";101;281;"CARIACICA";"Ausência de reação do condutor";"Colisão lateral mesmo sentido";"Com Vítimas Feridas";"Amanhecer";"Decrescente";"Céu Claro";"Dupla";"Viaduto";"Não";2;0;0;1;0;1;1;2;"-20.22112792";"-40.35720552";"SPRF-ES";"DEL02-ES";"UOP01-DEL02-ES"
658779;2025-01-29;"quarta-feira";"11:30:00";"PR";476;154;"ARAUCARIA";"Reação tardia ou ineficiente do condutor";"Colisão traseira";"Com Vítimas Feridas";"Pleno dia";"Decrescente";"Céu Claro";"Dupla";"Reta;Aclive";"Sim";2;0;1;0;1;0;1;2;"-25.58641765";"-49.40424621";"SPRF-PR";"DEL01-PR";"UOP06-DEL01-PR"
658786;2025-01-22;"quarta-feira";"02:00:00";"RR";174;421;"IRACEMA";"Animais na Pista";"Atropelamento de Animal";"Sem Vítimas";"Plena Noite";"Crescente";"Ignorado";"Simples";"Reta";"Não";2;0;0;0;2;0;0;1;"2.23982";"-60.985523";"SPRF-RR";"DEL01-RR";"UOP01-DEL01-RR"
658840;2025-01-28;"terça-feira";"09:00:00";"RJ";101;293;"ITABORAI";"Ausência de reação do condutor";"Colisão traseira";"Com Vítimas Feridas";"Pleno dia";"Crescente";"Nublado";"Dupla";"Reta";"Sim";2;0;1;0;1;0;1;2;"-22.756203";"-42.88724";"SPRF-RJ";"DEL02-RJ";"UOP02-DEL02-RJ"
658861;2025-01-31;"sexta-feira";"23:30:00";"SP";381;65;"MAIRIPORA";"Chuva";"Colisão com objeto";"Sem Vítimas";"Plena Noite";"Decrescente";"Chuva";"Múltipla";"Reta";"Não";1;0;0;0;1;0;0;1;"-23.316547";"-46.58251";"SPRF-SP";"DEL03-SP";"UOP01-DEL03-SP"
658995;2025-01-26;"domingo";"21:25:00";"SC";101;79,8;"ARAQUARI";"Manobra de mudança de faixa";"Colisão lateral mesmo sentido";"Com Vítimas Feridas";"Plena Noite";"Crescente";"Céu Claro";"Múltipla";"Reta";"Não";3;0;1;0;0;2;1;3;"-26.58559601";"-48.72192112";"SPRF-SC";"DEL03-SC";"UOP02-DEL03-SC"
659032;2025-01-26;"domingo";"16:32:00";"BA";101;656;"ITAPEBI";"Acessar a via sem observar a presença dos outros veículos";"Colisão transversal";"Com Vítimas Feridas";"Pleno dia";"Crescente";"Céu Claro";"Simples";"Reta";"Sim";2;0;1;0;1;0;1;2;"-15.9062";"-39.560556";"SPRF-BA";"DEL05-BA";"UOP02-DEL05-BA"
659041;2025-01-26;"domingo";"07:55:00";"BA";116;17;"VITORIA DA CONQUISTA";"Acessar a via sem observar a presença dos outros veículos";"Colisão transversal";"Com Vítimas Feridas";"Pleno dia";"Crescente";"Céu Claro";"Simples";"Interseção de Vias;Reta";"Sim";2;0;1;0;1;0;1;2;"-14.9022";"-40.8406";"SPRF-BA";"DEL08-BA";"UOP01-DEL08-BA"
659059;2025-01-29;"quarta-feira";"04:50:00";"MS";60;421;"SIDROLANDIA";"Ausência de reação do condutor";"Tombamento";"Com Vítimas Feridas";"Amanhecer";"Decrescente";"Céu Claro";"Simples";"Reta";"Não";1;0;0;1;0;0;1;1;"-20.90554";"-54.94034";"SPRF-MS";"DEL01-MS";"UOP04-DEL01-MS"
659071;2025-01-27;"segunda-feira";"12:35:00";"RS";101;86,2;"OSORIO";"Acessar a via sem observar a presença dos outros veículos";"Colisão traseira";"Com Vítimas Feridas";"Pleno dia";"Decrescente";"Céu Claro";"Múltipla";"Interseção de Vias";"Sim";2;0;1;0;1;0;1;2;"-29.881612";"-50.263923";"SPRF-RS";"DEL03-RS";"UOP01-DEL03-RS"
659100;2025-01-30;"quinta-feira";"08:20:00";"DF";60;0;"BRASILIA";"Condutor deixou de manter distância do veículo da frente";"Colisão traseira";"Sem Vítimas";"Pleno dia";"Decrescente";"Chuva";"Dupla";"Reta";"Sim";5;0;0;0;5;0;0;2;"-15.882499";"-48.060212";"SPRF-DF";"DEL03-DF";"UOP01-DEL03-DF"
659125;2025-01-18;"sábado";"17:15:00";"RR";174;536;"BOA VISTA";"Condutor deixou de manter distância do veículo da frente";"Colisão lateral mesmo sentido";"Com Vítimas Feridas";"Pleno dia";"Decrescente";"Céu Claro";"Simples";"Reta";"Não";33;0;1;0;32;0;1;2;"3.05651";"-60.79826";"SPRF-RR";"DEL01-RR";"UOP01-DEL01-RR"
659210;2025-01-19;"domingo";"19:45:00";"PA";230;124;"MARABA";"Transitar na contramão";"Colisão frontal";"Com Vítimas Fatais";"Plena Noite";"Crescente";"Céu Claro";"Simples";"Reta";"Sim";2;1;0;0;1;0;0;2;"-5.37407079";"-49.13575802";"SPRF-PA";"DEL03-PA";"UOP01-DEL03-PA"
659256;2025-01-31;"sexta-feira";"17:30:00";"MS";163;7;"MUNDO NOVO";"Demais falhas mecânicas ou elétricas";"Incêndio";"Sem Vítimas";"Pleno dia";"Crescente";"Céu Claro";"Dupla";"Reta";"Não";1;0;0;0;0;1;0;1;"-24.00094566";"-54.32020706";"SPRF-MS";"DEL09-MS";"UOP02-DEL09-MS"
659265;2025-01-23;"quinta-feira";"06:40:00";"MT";70;282,8;"PRIMAVERA DO LESTE";"Acessar a via sem observar a presença dos outros veículos";"Colisão transversal";"Com Vítimas Feridas";"Amanhecer";"Decrescente";"Ignorado";"Simples";"Reta";"Não";3;0;2;0;1;0;2;3;"-15.57387718";"-54.32311627";"SPRF-MT";"DEL05-MT";"UOP01-DEL05-MT"
659276;2025-01-12;"domingo";"04:40:00";"RJ";40;64;"PETROPOLIS";"Ausência de reação do condutor";"Colisão com objeto";"Com Vítimas Feridas";"Amanhecer";"Crescente";"Garoa/Chuvisco";"Dupla";"Curva";"Não";2;0;2;0;0;0;2;1;"-22.420418";"-43.155285";"SPRF-RJ";"DEL05-RJ";"UOP02-DEL05-RJ"
659357;2025-01-08;"quarta-feira";"20:30:00";"ES";101;315,4;"VILA VELHA";"Pedestre andava na pista";"Atropelamento de Pedestre";"Com Vítimas Fatais";"Plena Noite";"Crescente";"Chuva";"Dupla";"Reta;Declive";"Não";2;1;0;0;0;1;0;2;"-20.46976694";"-40.46795209";"SPRF-ES";"DEL01-ES";"UOP01-DEL01-ES"
659364;2025-01-29;"quarta-feira";"13:30:00";"PR";376;671,5;"GUARATUBA";"Avarias e/ou desgaste excessivo no pneu";"Saída de leito carroçável";"Com Vítimas Feridas";"Pleno dia";"Crescente";"Chuva";"Dupla";"Declive";"Não";1;0;1;0;0;0;1;1;"-25.897773";"-48.928523";"SPRF-PR";"DEL01-PR";"UOP04-DEL01-PR"
659388;2025-01-20;"segunda-feira";"15:50:00";"SP";116;72,4;"APARECIDA";"Ausência de reação do condutor";"Colisão traseira";"Com Vítimas Feridas";"Pleno dia";"Decrescente";"Céu Claro";"Dupla";"Reta";"Não";2;0;0;1;1;0;1;2;"-22.86354218";"-45.23746093";"SPRF-SP";"DEL08-SP";"UOP01-DEL08-SP"
659402;2025-01-28;"terça-feira";"09:15:00";"RJ";493;23,3;"MAGE";"Transitar na contramão";"Colisão frontal";"Com Vítimas Feridas";"Pleno dia";"Crescente";"Nublado";"Simples";"Reta";"Não";3;0;0;1;2;0;1;2;"-22.65705297";"-43.061742";"SPRF-RJ";"DEL04-RJ";"UOP02-DEL04-RJ"
659559;2025-01-31;"sexta-feira";"21:45:00";"TO";0;0;"ARAGUAINA";"Velocidade Incompatível";"Colisão lateral sentido oposto";"Sem Vítimas";"Plena Noite";"Não Informado";"Céu Claro";"Dupla";"Reta";"Sim";4;0;0;0;4;0;0;2;"-7.20331861";"-48.22235411";"SPRF-TO";"DEL02-TO";"UOP01-DEL02-TO"
659563;2025-01-30;"quinta-feira";"20:45:00";"MG";146;459,2;"BOTELHOS";"Ingestão de álcool pelo condutor";"Colisão traseira";"Com Vítimas Feridas";"Plena Noite";"Crescente";"Chuva";"Simples";"Interseção de Vias;Reta";"Não";2;0;1;0;1;0;1;2;"-21.63615";"-46.405436";"SPRF-MG";"DEL09-MG";"UOP01-DEL09-MG"
659567;2025-01-29;"quarta-feira";"17:05:00";"RJ";40;72;"PETROPOLIS";"Acumulo de água sobre o pavimento";"Saída de leito carroçável";"Com Vítimas Feridas";"Pleno dia";"Decrescente";"Chuva";"Simples";"Declive;Curva";"Sim";1;0;1;0;0;0;1;1;"-22.4585308";"-43.21600514";"SPRF-RJ";"DEL01-RJ";"UOP01-DEL01-RJ"
659620;2025-01-30;"quinta-feira";"15:30:00";"PR";369;191,1;"APUCARANA";"Acumulo de água sobre o pavimento";"Colisão com objeto";"Sem Vítimas";"Pleno dia";"Decrescente";"Chuva";"Dupla";"Declive";"Não";1;0;0;0;1;0;0;1;"-23.464828";"-51.425217";"SPRF-PR";"DEL07-PR";"UOP03-DEL07-PR"
659637;2025-01-11;"sábado";"05:00:00";"SC";116;145;"SANTA CECILIA";"Acessar a via sem observar a presença dos outros veículos";"Colisão transversal";"Com Vítimas Feridas";"Amanhecer";"Decrescente";"Ignorado";"Simples";"Reta";"Não";2;0;1;0;1;0;1;2;"-26.9952408";"-50.40782997";"SPRF-SC";"DEL06-SC";"UOP02-DEL06-SC"
659683;2025-01-29;"quarta-feira";"15:10:00";"GO";153;506;"APARECIDA DE GOIANIA";"Demais falhas na via";"Tombamento";"Com Vítimas Feridas";"Pleno dia";"Crescente";"Sol";"Dupla";"Reta;Declive";"Sim";1;0;1;0;0;0;1;1;"-16.7633";"-49.24";"SPRF-GO";"DEL01-GO";"UOP01-DEL01-GO"
659765;2025-01-03;"sexta-feira";"19:40:00";"ES";101;289,6;"CARIACICA";"Manobra de mudança de faixa";"Colisão lateral mesmo sentido";"Com Vítimas Feridas";"Plena Noite";"Decrescente";"Nublado";"Dupla";"Aclive";"Sim";2;0;1;0;1;0;1;2;"-20.28029304";"-40.39302931";"SPRF-ES";"DEL01-ES";"UOP01-DEL01-ES"
659785;2025-01-22;"quarta-feira";"17:55:00";"RJ";40;113;"DUQUE DE CAXIAS";"Trafegar com motocicleta (ou similar) entre as faixas";"Colisão lateral mesmo sentido";"Com Vítimas Feridas";"Anoitecer";"Decrescente";"Céu Claro";"Dupla";"Reta";"Não";2;0;1;0;0;1;1;2;"-22.70948502";"-43.29040354";"SPRF-RJ";"DEL01-RJ";"UOP02-DEL01-RJ"
659794;2025-01-28;"terça-feira";"11:17:00";"MT";364;253,3;"JUSCIMEIRA";"Ausência de reação do condutor";"Saída de leito carroçável";"Com Vítimas Feridas";"Pleno dia";"Decrescente";"Céu Claro";"Dupla";"Declive";"Não";1;0;1;0;0;0;1;1;"-16.09747205";"-54.86610212";"SPRF-MT";"DEL02-MT";"UOP01-DEL02-MT"
659808;2025-01-18;"sábado";"13:45:00";"SC";282;560,3;"NOVA ITABERABA";"Reação tardia ou ineficiente do condutor";"Colisão com objeto";"Com Vítimas Feridas";"Pleno dia";"Decrescente";"Ignorado";"Simples";"Curva;Aclive";"Não";1;0;1;0;0;0;1;1;"-26.927135";"-52.856205";"SPRF-SC";"DEL07-SC";"UOP01-DEL07-SC"
659827;2025-01-13;"segunda-feira";"16:40:00";"MG";381;3;"BETIM";"Entrada inopinada do pedestre";"Atropelamento de Pedestre";"Com Vítimas Feridas";"Pleno dia";"Crescente";"Garoa/Chuvisco";"Simples";"Reta";"Sim";2;0;0;1;1;0;1;2;"-19.96825";"-44.198708";"SPRF-MG";"DEL01-MG";"UOP03-DEL01-MG"
659835;2025-01-29;"quarta-feira";"17:00:00";"GO";20;146,9;"ALVORADA DO NORTE";"Acessar a via sem observar a presença dos outros veículos";"Colisão transversal";"Com Vítimas Feridas";"Pleno dia";"Crescente";"Nublado";"Simples";"Reta";"Não";2;0;0;1;1;0;1;2;"-14.734658";"-46.652908";"SPRF-DF";"DEL02-DF";"UOP03-DEL02-DF"
659860;2025-01-31;"sexta-feira";"18:09:00";"RO";0;0;"CACOAL";"Redutor de velocidade em desacordo";"Colisão com objeto";"Com Vítimas Feridas";"Anoitecer";"Não Informado";"Nublado";"Simples";"Reta";"Sim";3;0;1;0;2;0;1;2;"-11.501514";"-61.366487";"SPRF-RO";"DEL02-RO";"UOP02-DEL02-RO"
659959;2025-01-23;"quinta-feira";"18:15:00";"PI";343;324,9;"TERESINA";"Acessar a via sem observar a presença dos outros veículos";"Colisão transversal";"Com Vítimas Feridas";"Plena Noite";"Crescente";"Nublado";"Simples";"Reta";"Não";3;0;0;2;1;0;2;2;"-5.061587";"-42.60183";"SPRF-PI";"DEL01-PI";"UOP01-DEL01-PI"
659966;2025-01-15;"quarta-feira";"18:00:00";"MA";402;15;"ROSARIO";"Acumulo de areia ou detritos sobre o pavimento";"Colisão frontal";"Com Vítimas Feridas";"Plena Noite";"Decrescente";"Nublado";"Simples";"Curva";"Não";7;0;1;3;3;0;4;2;"-2.942322";"-44.207882";"SPRF-MA";"DEL01-MA";"UOP01-DEL01-MA"
659983;2025-01-03;"sexta-feira";"05:40:00";"PA";222;97,4;"RONDON DO PARA";"Objeto estático sobre o leito carroçável";"Colisão com objeto";"Com Vítimas Feridas";"Amanhecer";"Crescente";"Chuva";"Simples";"Reta;Declive";"Não";1;0;0;1;0;0;1;1;"-4.731023";"-48.019905";"SPRF-PA";"DEL02-PA";"UOP02-DEL02-PA"
660068;2025-01-19;"domingo";"06:30:00";"CE";116;241,3;"ALTO SANTO";"Condutor Dormindo";"Saída de leito carroçável";"Com Vítimas Feridas";"Pleno dia";"Decrescente";"Céu Claro";"Simples";"Reta";"Não";1;0;1;0;0;0;1;1;"-5.44591703";"-38.33605498";"SPRF-CE";"DEL03-CE";"UOP01-DEL03-CE"
660113;2025-01-19;"domingo";"14:43:00";"MT";364;262;"JUSCIMEIRA";"Transitar na contramão";"Colisão transversal";"Com Vítimas Feridas";"Pleno dia";"Decrescente";"Céu Claro";"Dupla";"Reta;Retorno Regulamentado";"Não";3;0;0;2;1;0;2;2;"-16.023325";"-54.899853";"SPRF-MT";"DEL02-MT";"UOP01-DEL02-MT"
660302;2025-01-16;"quinta-feira";"20:50:00";"PB";230;46;"SANTA RITA";"Ingestão de álcool pelo condutor";"Colisão traseira";"Com Vítimas Feridas";"Plena Noite";"Decrescente";"Céu Claro";"Dupla";"Reta";"Não";2;0;0;1;0;1;1;2;"-7.1635";"-35.025";"SPRF-PB";"DEL01-PB";"UOP03-DEL01-PB"
660471;2025-01-05;"domingo";"13:05:00";"PR";369;473,8;"CORBELIA";"Condutor deixou de manter distância do veículo da frente";"Colisão traseira";"Com Vítimas Feridas";"Pleno dia";"Crescente";"Céu Claro";"Simples";"Reta";"Sim";3;0;3;0;0;0;3;2;"-24.72128104";"-53.2465589";"SPRF-PR";"DEL04-PR";"UOP03-DEL04-PR"
660482;2025-01-28;"terça-feira";"15:10:00";"MA";316;235,6;"BOM JARDIM";"Conversão proibida";"Colisão transversal";"Com Vítimas Feridas";"Pleno dia";"Crescente";"Céu Claro";"Simples";"Reta";"Sim";2;0;1;0;1;0;1;2;"-3.567083";"-45.579624";"SPRF-MA";"DEL02-MA";"UOP01-DEL02-MA"
660498;2025-01-18;"sábado";"01:55:00";"RS";290;79;"CACHOEIRINHA";"Ingestão de álcool pelo condutor";"Colisão traseira";"Sem Vítimas";"Plena Noite";"Decrescente";"Céu Claro";"Múltipla";"Reta";"Não";6;0;0;0;6;0;0;2;"-29.952908";"-51.048054";"SPRF-RS";"DEL01-RS";"UOP01-DEL01-RS"
660519;2025-01-17;"sexta-feira";"19:25:00";"PR";158;532,8;"PATO BRANCO";"Desrespeitar a preferência no cruzamento";"Colisão transversal";"Com Vítimas Feridas";"Plena Noite";"Crescente";"Céu Claro";"Dupla";"Interseção de Vias";"Sim";3;0;1;0;2;0;1;3;"-26.21099702";"-52.6807167";"SPRF-PR";"DEL02-PR";"UOP01-DEL02-PR"
660590;2025-01-21;"terça-feira";"23:20:00";"MG";262;442;"NOVA SERRANA";"Desrespeitar a preferência no cruzamento";"Colisão transversal";"Com Vítimas Feridas";"Plena Noite";"Decrescente";"Ignorado";"Dupla";"Curva";"Sim";2;0;0;2;0;0;2;2;"-19.87284468";"-44.96528149";"SPRF-MG";"DEL08-MG";"UOP03-DEL08-MG"
660601;2025-01-05;"domingo";"09:00:00";"BA";101;19,4;"RIO REAL";"Ausência de reação do condutor";"Saída de leito carroçável";"Com Vítimas Feridas";"Pleno dia";"Decrescente";"Céu Claro";"Dupla";"Em Obras;Reta";"Não";1;0;0;1;0;0;1;1;"-11.64584139";"-37.89170623";"SPRF-SE";"DEL02-SE";"UOP03-DEL02-SE"
660619;2025-01-13;"segunda-feira";"22:55:00";"SC";101;199,4;"SAO JOSE";"Acessar a via sem observar a presença dos outros veículos";"Colisão lateral mesmo sentido";"Com Vítimas Feridas";"Plena Noite";"Crescente";"Céu Claro";"Dupla";"Reta";"Sim";2;0;2;0;0;0;2;2;"-27.53413705";"-48.63003205";"SPRF-SC";"DEL01-SC";"UOP01-DEL01-SC"
660637;2025-01-05;"domingo";"14:30:00";"MT";174;3;"PONTES E LACERDA";"Condutor desrespeitou a iluminação vermelha do semáforo";"Colisão transversal";"Com Vítimas Feridas";"Pleno dia";"Crescente";"Céu Claro";"Simples";"Reta";"Sim";2;0;1;0;0;1;1;2;"-15.226537";"-59.335728";"SPRF-MT";"DEL04-MT";"UOP01-DEL04-MT"
660649;2025-01-29;"quarta-feira";"22:00:00";"PB";230;23,7;"JOAO PESSOA";"Condutor deixou de manter distância do veículo da frente";"Colisão traseira";"Com Vítimas Feridas";"Plena Noite";"Crescente";"Céu Claro";"Simples";"Reta";"Sim";2;0;1;0;1;0;1;2;"-7.1562";"-34.8574";"SPRF-PB";"DEL01-PB";"UOP01-DEL01-PB"
660685;2025-01-01;"quarta-feira";"11:00:00";"DF";70;3,5;"BRASILIA";"Transitar no Acostamento";"Colisão traseira";"Com Vítimas Feridas";"Pleno dia";"Decrescente";"Céu Claro";"Dupla";"Reta";"Sim";2;0;0;1;0;1;1;2;"-15.802453";"-48.080387";"SPRF-DF";"DEL03-DF";"UOP02-DEL03-DF"
660689;2025-01-10;"sexta-feira";"19:35:00";"SC";470;54;"BLUMENAU";"Ausência de reação do condutor";"Capotamento";"Com Vítimas Feridas";"Plena Noite";"Crescente";"Céu Claro";"Simples";"Reta;Interseção de Vias;Rotatória";"Não";4;0;2;0;2;0;2;2;"-26.87403798";"-49.11523819";"SPRF-SC";"DEL04-SC";"UOP01-DEL04-SC"
660759;2025-01-10;"sexta-feira";"14:15:00";"SC";101;226,4;"PALHOCA";"Acessar a via sem observar a presença dos outros veículos";"Colisão com objeto";"Com Vítimas Feridas";"Pleno dia";"Crescente";"Céu Claro";"Dupla";"Reta";"Sim";6;0;3;2;0;1;5;3;"-27.74200001";"-48.63806504";"SPRF-SC";"DEL01-SC";"UOP02-DEL01-SC"
660767;2025-01-10;"sexta-feira";"20:00:00";"SP";116;447;"REGISTRO";"Condutor deixou de manter distância do veículo da frente";"Colisão traseira";"Com Vítimas Feridas";"Plena Noite";"Crescente";"Céu Claro";"Dupla";"Reta";"Não";3;0;0;1;2;0;1;2;"-24.51285376";"-47.85054871";"SPRF-SP";"DEL05-SP";"UOP01-DEL05-SP"
660871;2025-01-27;"segunda-feira";"08:47:00";"BA";324;613;"SALVADOR";"Condutor deixou de manter distância do veículo da frente";"Colisão lateral mesmo sentido";"Com Vítimas Feridas";"Pleno dia";"Decrescente";"Céu Claro";"Dupla";"Reta";"Sim";3;0;1;1;1;0;2;2;"-12.85531601";"-38.42055197";"SPRF-BA";"DEL01-BA";"UOP01-DEL01-BA"
660886;2025-01-15;"quarta-feira";"17:30:00";"PA";163;971;"BELTERRA";"Acessar a via sem observar a presença dos outros veículos";"Colisão transversal";"Com Vítimas Feridas";"Pleno dia";"Crescente";"Céu Claro";"Simples";"Reta";"Sim";3;0;1;0;2;0;1;2;"-2.65280362";"-54.82740208";"SPRF-PA";"DEL05-PA";"UOP01-DEL05-PA"
660901;2025-01-18;"sábado";"17:50:00";"AL";101;200;"SAO SEBASTIAO";"Conversão proibida";"Colisão transversal";"Com Vítimas Feridas";"Plena Noite";"Decrescente";"Céu Claro";"Dupla";"Reta";"Sim";3;0;1;0;1;1;1;2;"-9.95081664";"-36.54113619";"SPRF-AL";"DEL02-AL";"UOP02-DEL02-AL"
660903;2025-01-11;"sábado";"19:15:00";"PR";487;24,3;"ICARAIMA";"Velocidade Incompatível";"Saída de leito carroçável";"Com Vítimas Feridas";"Anoitecer";"Decrescente";"Céu Claro";"Simples";"Curva;Viaduto";"Não";1;0;1;0;0;0;1;1;"-23.407717";"-53.637191";"SPRF-PR";"DEL06-PR";"UOP03-DEL06-PR"
660906;2025-01-20;"segunda-feira";"16:45:00";"PB";230;502;"CAJAZEIRAS";"Desrespeitar a preferência no cruzamento";"Colisão transversal";"Com Vítimas Feridas";"Pleno dia";"Decrescente";"Céu Claro";"Simples";"Aclive;Rotatória";"Não";2;0;0;1;1;0;1;2;"-6.8979";"-38.5233";"SPRF-PB";"DEL03-PB";"UOP03-DEL03-PB"
660951;2025-01-26;"domingo";"09:00:00";"PE";423;113,7;"PARANATAMA";"Acessar a via sem observar a presença dos outros veículos";"Colisão transversal";"Com Vítimas Fatais";"Pleno dia";"Crescente";"Nublado";"Simples";"Reta";"Não";4;1;1;0;0;2;1;3;"-8.89757042";"-36.6340219";"SPRF-PE";"DEL03-PE";"UOP01-DEL03-PE"
661073;2025-01-20;"segunda-feira";"08:00:00";"AL";316;243;"ATALAIA";"Velocidade Incompatível";"Colisão transversal";"Com Vítimas Feridas";"Pleno dia";"Decrescente";"Céu Claro";"Simples";"Curva;Declive";"Não";2;0;1;0;1;0;1;2;"-9.50948818";"-36.01302293";"SPRF-AL";"DEL01-AL";"UOP01-DEL01-AL"
661090;2025-01-05;"domingo";"14:00:00";"RJ";101;286;"ITABORAI";"Ingestão de álcool pelo condutor";"Colisão com objeto";"Com Vítimas Feridas";"Pleno dia";"Crescente";"Céu Claro";"Dupla";"Aclive;Reta";"Sim";1;0;1;0;0;0;1;1;"-22.75409331";"-42.82491696";"SPRF-RJ";"DEL02-RJ";"UOP02-DEL02-RJ"
661167;2025-01-28;"terça-feira";"17:10:00";"DF";70;11;"BRASILIA";"Acessar a via sem observar a presença dos outros veículos";"Colisão lateral mesmo sentido";"Com Vítimas Feridas";"Pleno dia";"Decrescente";"Céu Claro";"Múltipla";"Reta";"Sim";2;0;0;1;1;0;1;2;"-15.789762";"-48.148727";"SPRF-DF";"DEL03-DF";"UOP02-DEL03-DF"
661253;2025-01-09;"quinta-feira";"21:50:00";"SC";101;66;"ARAQUARI";"Objeto estático sobre o leito carroçável";"Colisão com objeto";"Com Vítimas Feridas";"Plena Noite";"Crescente";"Nublado";"Múltipla";"Curva";"Não";1;0;1;0;0;0;1;1;"-26.478474";"-48.73863";"SPRF-SC";"DEL03-SC";"UOP02-DEL03-SC"
661266;2025-01-09;"quinta-feira";"19:20:00";"PI";343;308;"ALTOS";"Acessar a via sem observar a presença dos outros veículos";"Colisão transversal";"Com Vítimas Feridas";"Plena Noite";"Crescente";"Ignorado";"Simples";"Reta";"Sim";3;0;1;1;0;1;2;2;"-5.0392942";"-42.46994734";"SPRF-PI";"DEL01-PI";"UOP01-DEL01-PI"
661396;2025-01-13;"segunda-feira";"12:00:00";"RJ";116;169;"RIO DE JANEIRO";"Velocidade Incompatível";"Colisão traseira";"Com Vítimas Feridas";"Pleno dia";"Decrescente";"Nublado";"Múltipla";"Reta";"Não";2;0;1;0;1;0;1;2;"-22.816206";"-43.324463";"SPRF-RJ";"DEL06-RJ";"UOP01-DEL06-RJ"